old_path,asset_id,asset_class,source_kind,migration_role,proposed_canonical_path,proposed_filename,original_evidence,preserve_original,preferred_for_presentation,proposed_recreation_path,mkdocs_stage,proposed_mkdocs_stage_path,confidence,review_required,reason,domain,proposed_category,subject,audit_subject,current_provenance,provenance_confidence,usage_status,targets,sha256,proposed_status,batch_id,reconstruction_candidate
00_book/figures/gui/chapter-02/01-welcome-window.png,ui.core.welcome-no-recent-projects,ui,unknown,canonical,documentation_assets/ui/legacy/core/welcome-no-recent-projects.png,welcome-no-recent-projects.png,false,false,true,,true,00_book/assets/ui/legacy/core/welcome-no-recent-projects.png,high,false,"Historical generator unknown; legacy placement is documentation role, not assertion of manual capture.",core,ui/legacy/core,welcome-no-recent-projects,Màn hình Welcome của CAMS khi chưa có project gần đây.,unknown,low,used,"[""book-mkdocs"", ""book-typst""]",6dbe1505c3c741477a8ed92a51076b6d58d4673520013015ef2c04b4cf054bbd,replacement-candidate,B04,false
00_book/figures/gui/chapter-02/02-create-project.png,ui.project.create-empty,ui,unknown,canonical,documentation_assets/ui/legacy/project/create-empty.png,create-empty.png,false,false,true,,true,00_book/assets/ui/legacy/project/create-empty.png,high,false,"Historical generator unknown; legacy placement is documentation role, not assertion of manual capture.",project,ui/legacy/project,create-empty,Hộp thoại tạo một project CAMS mới.,unknown,low,used,"[""book-mkdocs"", ""book-typst""]",b3d74cb9f86b0ffac2c4917488008502b5fbe0718d5b4490fd7ec7e7e5cb520f,replacement-candidate,B04,false
00_book/figures/gui/chapter-02/03-project-details.png,ui.project.create-ready,ui,unknown,canonical,documentation_assets/ui/legacy/project/create-ready.png,create-ready.png,false,false,true,,true,00_book/assets/ui/legacy/project/create-ready.png,high,false,"Historical generator unknown; legacy placement is documentation role, not assertion of manual capture.",project,ui/legacy/project,create-ready,Thông tin project mới đã sẵn sàng để xác nhận.,unknown,low,used,"[""book-mkdocs"", ""book-typst""]",bd1a6892115ed6685deaa15ec146941a4e3331accd1668d3e4ce0e51ff5c6707,replacement-candidate,B04,false
00_book/figures/gui/chapter-02/04-workspace-opened.png,ui.project.workspace-new-project,ui,unknown,canonical,documentation_assets/ui/legacy/project/workspace-new-project.png,workspace-new-project.png,false,false,true,,true,00_book/assets/ui/legacy/project/workspace-new-project.png,high,false,"Historical generator unknown; legacy placement is documentation role, not assertion of manual capture.",project,ui/legacy/project,workspace-new-project,Workspace trống sau khi project Network-Lab được tạo thành công.,unknown,low,used,"[""book-mkdocs"", ""book-typst""]",e7a687467b959823d749c993c7ad823d65304c9137ea328c734ddd3064705a36,replacement-candidate,B04,false
00_book/figures/gui/chapter-02/05-open-project-choice.png,ui.project.open-project-choice,ui,unknown,canonical,documentation_assets/ui/legacy/project/open-project-choice.png,open-project-choice.png,false,false,true,,true,00_book/assets/ui/legacy/project/open-project-choice.png,high,false,"Historical generator unknown; legacy placement is documentation role, not assertion of manual capture.",project,ui/legacy/project,open-project-choice,05-open-project-choice,unknown,low,possibly-used,"[""book-mkdocs""]",e7e918a348d2203fd68c2c05a579b0d3a423b65ef61644551ace02dcccf6a95f,replacement-candidate,B04,false
00_book/figures/gui/chapter-02/06-open-existing-project.png,ui.project.workspace-open-existing,ui,unknown,canonical,documentation_assets/ui/legacy/project/workspace-open-existing.png,workspace-open-existing.png,false,false,true,,true,00_book/assets/ui/legacy/project/workspace-open-existing.png,high,false,"Historical generator unknown; legacy placement is documentation role, not assertion of manual capture.",project,ui/legacy/project,workspace-open-existing,Workspace sau khi mở project Branch-Office-Lab có sẵn.,unknown,low,used,"[""book-mkdocs"", ""book-typst""]",7de27f0a95e1694667be8d4b6d381df7cb4b02e3adc3a2aa334e9739ba3036f4,replacement-candidate,B04,false
00_book/figures/gui/chapter-02/07-recent-projects.png,ui.project.recent-projects,ui,unknown,canonical,documentation_assets/ui/legacy/project/recent-projects.png,recent-projects.png,false,false,true,,true,00_book/assets/ui/legacy/project/recent-projects.png,high,false,"Historical generator unknown; legacy placement is documentation role, not assertion of manual capture.",project,ui/legacy/project,recent-projects,Danh sách Recent Projects với hai project mẫu hợp lệ.,unknown,low,used,"[""book-mkdocs"", ""book-typst""]",212f5ac2dd93d9812961ca1a9665c61e49b02987f1b93fa131148da4d3558cc5,replacement-candidate,B04,false
00_book/figures/gui/chapter-02/08-save-project.png,ui.project.save-menu,ui,unknown,canonical,documentation_assets/ui/legacy/project/save-menu.png,save-menu.png,false,false,true,,true,00_book/assets/ui/legacy/project/save-menu.png,high,false,"Historical generator unknown; legacy placement is documentation role, not assertion of manual capture.",project,ui/legacy/project,save-menu,Lệnh Save Workspace và các lệnh snapshot trong menu File.,unknown,low,used,"[""book-mkdocs"", ""book-typst""]",69ee0d25e8594580fe3226e59301de39abc37d2e0781af922f9a15ddc935b0db,replacement-candidate,B04,false
00_book/figures/gui/chapter-02/09-snapshot-history.png,ui.project.snapshot-history,ui,unknown,canonical,documentation_assets/ui/legacy/project/snapshot-history.png,snapshot-history.png,false,false,true,,true,00_book/assets/ui/legacy/project/snapshot-history.png,high,false,"Historical generator unknown; legacy placement is documentation role, not assertion of manual capture.",project,ui/legacy/project,snapshot-history,Khu vực Snapshot History với các điểm khôi phục của project.,unknown,low,used,"[""book-mkdocs"", ""book-typst""]",cb631f8f1621412d5db5849b5c9c9a581e191de83fea79d87d063089b14b7b98,replacement-candidate,B04,false
00_book/figures/gui/chapter-02/10-ready-workspace.png,ui.project.workspace-ready,ui,unknown,canonical,documentation_assets/ui/legacy/project/workspace-ready.png,workspace-ready.png,false,false,true,,true,00_book/assets/ui/legacy/project/workspace-ready.png,high,false,"Historical generator unknown; legacy placement is documentation role, not assertion of manual capture.",project,ui/legacy/project,workspace-ready,10-ready-workspace,unknown,low,possibly-used,"[""book-mkdocs""]",f8ee59d3e04fd060bc069dcd1b0468cc03a6c30619dd848d830254243f108acd,replacement-candidate,B04,false
00_book/figures/gui/chapter-03/01-workspace-overview.png,ui.core.workspace-overview,ui,docshot,canonical,documentation_assets/ui/docshot/core/workspace-overview.png,workspace-overview.png,false,false,true,,true,00_book/assets/ui/docshot/core/workspace-overview.png,high,false,Subject/source evidence supports domain and semantic filename; preserves unique logical asset.,core,ui/docshot/core,workspace-overview,Các khu vực chính trong Workspace của CAMS.,docshot-confirmed,high,used,"[""book-mkdocs"", ""book-typst"", ""report-typst""]",4c060f15972dc8484bd445882a9a0e07b664e09cc42bd65873af52bc7b1e420f,active,B03,false
00_book/figures/gui/chapter-03/02-menu-bar.png,ui.core.view-menu,ui,docshot,canonical,documentation_assets/ui/docshot/core/view-menu.png,view-menu.png,false,false,true,,true,00_book/assets/ui/docshot/core/view-menu.png,high,false,Subject/source evidence supports domain and semantic filename; preserves unique logical asset.,core,ui/docshot/core,view-menu,Các lệnh điều hướng trong menu View.,docshot-confirmed,high,used,"[""book-mkdocs"", ""book-typst""]",051797bbf7e32ae7ad318120d8f55a6ff6333d5fef9a327262f48ae3a67c7ed8,active,B03,false
00_book/figures/gui/chapter-03/03-activity-bar.png,ui.core.activity-bar,ui,docshot,canonical,documentation_assets/ui/docshot/core/activity-bar.png,activity-bar.png,false,false,true,,true,00_book/assets/ui/docshot/core/activity-bar.png,high,false,Subject/source evidence supports domain and semantic filename; preserves unique logical asset.,core,ui/docshot/core,activity-bar,Nhóm điều hướng phía trên với Dashboard đang được chọn.,docshot-confirmed,high,used,"[""book-mkdocs"", ""book-typst""]",1e536a74b4b687128ab01a1623d90c835eb5d05fa0328164bed4ce4fd29fd8db,active,B03,false
00_book/figures/gui/chapter-03/04-devices-sidebar.png,ui.devices.sidebar-status-groups,ui,docshot,canonical,documentation_assets/ui/docshot/devices/sidebar-status-groups.png,sidebar-status-groups.png,false,false,true,,true,00_book/assets/ui/docshot/devices/sidebar-status-groups.png,high,false,Subject/source evidence supports domain and semantic filename; preserves unique logical asset.,devices,ui/docshot/devices,sidebar-status-groups,Devices Sidebar với các nhóm trạng thái và thiết bị mẫu.,docshot-confirmed,high,used,"[""book-mkdocs"", ""book-typst""]",cfa2fbb557d60aa3dc84af6947a428a61c256c59efafc63f93e6204b33b434c9,active,B03,false
00_book/figures/gui/chapter-03/05-device-tabs.png,ui.devices.tabs-router-active,ui,docshot,canonical,documentation_assets/ui/docshot/devices/tabs-router-active.png,tabs-router-active.png,false,false,true,,true,00_book/assets/ui/docshot/devices/tabs-router-active.png,high,false,Subject/source evidence supports domain and semantic filename; preserves unique logical asset.,devices,ui/docshot/devices,tabs-router-active,Hai tab thiết bị với R1 đang là tab hoạt động.,docshot-confirmed,high,used,"[""book-mkdocs"", ""book-typst""]",1be478630aa5cb58e9b615f959542147309e172e2bae4fe790eb54dd5479acac,active,B03,false
00_book/figures/gui/chapter-03/06-feature-bar-router.png,ui.core.feature-bar-router,ui,docshot,canonical,documentation_assets/ui/docshot/core/feature-bar-router.png,feature-bar-router.png,false,false,true,,true,00_book/assets/ui/docshot/core/feature-bar-router.png,high,false,Subject/source evidence supports domain and semantic filename; preserves unique logical asset.,core,ui/docshot/core,feature-bar-router,Feature Bar khi làm việc với Router R1.,docshot-confirmed,high,used,"[""book-mkdocs"", ""book-typst""]",e4698aab0bcd4843d47222efcf7b751c205f0d7d9655c666f13f4b77f80b3045,active,B03,false
00_book/figures/gui/chapter-03/07-feature-bar-switch.png,ui.core.feature-bar-switch,ui,docshot,canonical,documentation_assets/ui/docshot/core/feature-bar-switch.png,feature-bar-switch.png,false,false,true,,true,00_book/assets/ui/docshot/core/feature-bar-switch.png,medium,true,"Phase 1 context caption overlaps adjacent figure; use actual screenshot subject, verify caption semantics at rewrite.",core,ui/docshot/core,feature-bar-switch,Feature Bar khi làm việc với Router R1.,docshot-confirmed,high,used,"[""book-mkdocs"", ""book-typst""]",2a893694a070c6f6c879da03a4bf9de8ea95a019ccc99a805d5b84366ff8aa4b,active,B03,false
00_book/figures/gui/chapter-03/08-content-area.png,ui.core.information-empty,ui,docshot,canonical,documentation_assets/ui/docshot/core/information-empty.png,information-empty.png,false,false,true,,true,00_book/assets/ui/docshot/core/information-empty.png,high,false,Subject/source evidence supports domain and semantic filename; preserves unique logical asset.,core,ui/docshot/core,information-empty,Phần nội dung Information của R1 khi chưa có dữ liệu cấu hình.,docshot-confirmed,high,used,"[""book-mkdocs"", ""book-typst""]",c12de17bcb410ab7ba96efc231f8bcc2956db08fdd7de5953ad7774860fef206,active,B03,false
00_book/figures/gui/chapter-03/09-status-bar.png,ui.core.status-bar,ui,docshot,canonical,documentation_assets/ui/docshot/core/status-bar.png,status-bar.png,false,false,true,,true,00_book/assets/ui/docshot/core/status-bar.png,high,false,Subject/source evidence supports domain and semantic filename; preserves unique logical asset.,core,ui/docshot/core,status-bar,Vị trí các nhóm thông tin trên Status Bar.,docshot-confirmed,high,used,"[""book-mkdocs"", ""book-typst""]",40a8869ad008c67fd2dd8df66b93df3e52be72188355a14865a82240c884089f,active,B03,false
00_book/figures/gui/chapter-03/09-status-details.png,ui.core.status-details,ui,docshot,canonical,documentation_assets/ui/docshot/core/status-details.png,status-details.png,false,false,true,,true,00_book/assets/ui/docshot/core/status-details.png,high,false,Subject/source evidence supports domain and semantic filename; preserves unique logical asset.,core,ui/docshot/core,status-details,"Chi tiết kết nối mẫu, RAM và biểu tượng thông báo.",docshot-confirmed,high,used,"[""book-mkdocs"", ""book-typst""]",3ad3c2c226f6ff0423e782217c73c743b0852c8109589062f7010d1b3355ae3d,active,B03,false
00_book/figures/gui/chapter-03/10-sidebar-collapsed.png,ui.core.sidebar-collapsed,ui,docshot,canonical,documentation_assets/ui/docshot/core/sidebar-collapsed.png,sidebar-collapsed.png,false,false,true,,true,00_book/assets/ui/docshot/core/sidebar-collapsed.png,high,false,Subject/source evidence supports domain and semantic filename; preserves unique logical asset.,core,ui/docshot/core,sidebar-collapsed,Workspace khi Sidebar được thu gọn.,docshot-confirmed,high,used,"[""book-mkdocs"", ""book-typst""]",87b6babd912a9ca8e682feb967d0993b3baa86ce8e9b8f542a92ea52f914a64d,active,B03,false
00_book/figures/gui/chapter-04/01-devices-inventory.png,ui.devices.inventory-waiting,ui,docshot,canonical,documentation_assets/ui/docshot/devices/inventory-waiting.png,inventory-waiting.png,false,false,true,,true,00_book/assets/ui/docshot/devices/inventory-waiting.png,high,false,Subject/source evidence supports domain and semantic filename; preserves unique logical asset.,devices,ui/docshot/devices,inventory-waiting,Inventory gồm bốn thiết bị vừa được khai báo.,docshot-confirmed,high,used,"[""book-mkdocs"", ""book-typst""]",5795b95a2f9da1116c2b884f6aa751855938d18da9ab7696a7632ce80728bf18,active,B03,false
00_book/figures/gui/chapter-04/02-add-device-empty.png,ui.devices.create-empty,ui,docshot,canonical,documentation_assets/ui/docshot/devices/create-empty.png,create-empty.png,false,false,true,,true,00_book/assets/ui/docshot/devices/create-empty.png,high,false,Subject/source evidence supports domain and semantic filename; preserves unique logical asset.,devices,ui/docshot/devices,create-empty,Cửa sổ khai báo một thiết bị mới.,docshot-confirmed,high,used,"[""book-mkdocs"", ""book-typst""]",0b2ecd621e3a7ad55dc496f8b16a72a7690daeed3b0d3f7e229f661d1793e7b2,active,B03,false
00_book/figures/gui/chapter-04/03-add-device-filled.png,ui.devices.create-filled,ui,docshot,canonical,documentation_assets/ui/docshot/devices/create-filled.png,create-filled.png,false,false,true,,true,00_book/assets/ui/docshot/devices/create-filled.png,high,false,Subject/source evidence supports domain and semantic filename; preserves unique logical asset.,devices,ui/docshot/devices,create-filled,"Thông tin của R1 đã được điền, mật khẩu được che.",docshot-confirmed,high,used,"[""book-mkdocs"", ""book-typst""]",a02d9891d0f55e0241144c01817c22ed190a5e43adfefbfcdd2e8bc4f1074c33,active,B03,false
00_book/figures/gui/chapter-04/04-device-added-waiting.png,ui.devices.created-waiting,ui,docshot,canonical,documentation_assets/ui/docshot/devices/created-waiting.png,created-waiting.png,false,false,true,,true,00_book/assets/ui/docshot/devices/created-waiting.png,high,false,Subject/source evidence supports domain and semantic filename; preserves unique logical asset.,devices,ui/docshot/devices,created-waiting,R1 xuất hiện trong Waiting sau khi được thêm.,docshot-confirmed,high,used,"[""book-mkdocs"", ""book-typst""]",6d8c206c275cfc57390585b17d678ebb76ce7f5f59e2ef88486d8bcb103aa7f1,active,B03,false
00_book/figures/gui/chapter-04/05-ssh-compatibility.png,ui.devices.ssh-compatibility,ui,docshot,canonical,documentation_assets/ui/docshot/devices/ssh-compatibility.png,ssh-compatibility.png,false,false,true,,true,00_book/assets/ui/docshot/devices/ssh-compatibility.png,high,false,Subject/source evidence supports domain and semantic filename; preserves unique logical asset.,devices,ui/docshot/devices,ssh-compatibility,Các trường tương thích SSH riêng cho một thiết bị.,docshot-confirmed,high,used,"[""book-mkdocs"", ""book-typst""]",d24d229804c949a53ff34b3a69f6002d5245878d168afdc5425dfed8116aff1b,active,B03,false
00_book/figures/gui/chapter-04/06-add-multiple-devices.png,ui.devices.batch-create-empty,ui,docshot,canonical,documentation_assets/ui/docshot/devices/batch-create-empty.png,batch-create-empty.png,false,false,true,,true,00_book/assets/ui/docshot/devices/batch-create-empty.png,high,false,Subject/source evidence supports domain and semantic filename; preserves unique logical asset.,devices,ui/docshot/devices,batch-create-empty,Cửa sổ thêm nhiều thiết bị và các nút nhập danh sách.,docshot-confirmed,high,used,"[""book-mkdocs"", ""book-typst""]",0779ab2f5ab0eb2af296e2d0e75aefd86c30874d0c6c24aa8d2c9e7980b9cfbe,active,B03,false
00_book/figures/gui/chapter-04/07-batch-devices-filled.png,ui.devices.batch-create-filled,ui,docshot,canonical,documentation_assets/ui/docshot/devices/batch-create-filled.png,batch-create-filled.png,false,false,true,,true,00_book/assets/ui/docshot/devices/batch-create-filled.png,high,false,Subject/source evidence supports domain and semantic filename; preserves unique logical asset.,devices,ui/docshot/devices,batch-create-filled,Ba thiết bị bổ sung với Role riêng trên từng dòng.,docshot-confirmed,high,used,"[""book-mkdocs"", ""book-typst""]",7b8c019d6ea70f79f715b97664655b88e17e87ebf8344fd44e750a32bb72afdb,active,B03,false
00_book/figures/gui/chapter-04/08-search-filter.png,ui.devices.search-switches,ui,docshot,canonical,documentation_assets/ui/docshot/devices/search-switches.png,search-switches.png,false,false,true,,true,00_book/assets/ui/docshot/devices/search-switches.png,high,false,Subject/source evidence supports domain and semantic filename; preserves unique logical asset.,devices,ui/docshot/devices,search-switches,Tìm SW để giữ lại các switch phù hợp.,docshot-confirmed,high,used,"[""book-mkdocs"", ""book-typst""]",d0b036bc1c80f8e2ff602e0ac0dbbce0b022ebae313088637c8efb3d8ddde2f0,active,B03,false
00_book/figures/gui/chapter-04/09-device-context-waiting.png,ui.devices.context-waiting,ui,docshot,canonical,documentation_assets/ui/docshot/devices/context-waiting.png,context-waiting.png,false,false,true,,true,00_book/assets/ui/docshot/devices/context-waiting.png,high,false,Subject/source evidence supports domain and semantic filename; preserves unique logical asset.,devices,ui/docshot/devices,context-waiting,Menu của thiết bị Waiting với lệnh Connect.,docshot-confirmed,high,used,"[""book-mkdocs"", ""book-typst""]",1876fde72c06f6d519d550e495e5131f3b61073a3e4b04e67d105f721c13ba3b,active,B03,false
00_book/figures/gui/chapter-04/10-device-connected.png,ui.devices.connected,ui,docshot,canonical,documentation_assets/ui/docshot/devices/connected.png,connected.png,false,false,true,,true,00_book/assets/ui/docshot/devices/connected.png,high,false,Subject/source evidence supports domain and semantic filename; preserves unique logical asset.,devices,ui/docshot/devices,connected,R1 chuyển sang Connected sau thao tác Connect.,docshot-confirmed,high,used,"[""book-mkdocs"", ""book-typst""]",832f211649abc08ec638aaeeb901393e142597beb27df3b2fa45b3e213ec2eaa,active,B03,false
00_book/figures/gui/chapter-04/11-device-context-connected.png,ui.devices.context-connected,ui,docshot,canonical,documentation_assets/ui/docshot/devices/context-connected.png,context-connected.png,false,false,true,,true,00_book/assets/ui/docshot/devices/context-connected.png,medium,true,"Phase 1 context caption overlaps adjacent figure; use actual screenshot subject, verify caption semantics at rewrite.",devices,ui/docshot/devices,context-connected,Menu của thiết bị Waiting với lệnh Connect.,docshot-confirmed,high,used,"[""book-mkdocs"", ""book-typst""]",0fc0c956706debe4d7b88d7ea8aa6ee37e1c59975589ce779052247c2e1a55c5,active,B03,false
00_book/figures/gui/chapter-04/12-device-context-disconnected.png,ui.devices.context-disconnected,ui,docshot,canonical,documentation_assets/ui/docshot/devices/context-disconnected.png,context-disconnected.png,false,false,true,,true,00_book/assets/ui/docshot/devices/context-disconnected.png,high,false,Subject/source evidence supports domain and semantic filename; preserves unique logical asset.,devices,ui/docshot/devices,context-disconnected,Lệnh Reconnect của thiết bị Disconnected.,docshot-confirmed,high,used,"[""book-mkdocs"", ""book-typst""]",048ab16d3967320faf63ffbed1adf19c047915239eea20768e8adc197b701d60,active,B03,false
00_book/figures/gui/chapter-04/13-multi-select.png,ui.devices.multi-select-mixed-status,ui,docshot,canonical,documentation_assets/ui/docshot/devices/multi-select-mixed-status.png,multi-select-mixed-status.png,false,false,true,,true,00_book/assets/ui/docshot/devices/multi-select-mixed-status.png,high,false,Subject/source evidence supports domain and semantic filename; preserves unique logical asset.,devices,ui/docshot/devices,multi-select-mixed-status,Bốn host được chọn với trạng thái hỗn hợp.,docshot-confirmed,high,used,"[""book-mkdocs"", ""book-typst""]",aaff71c875a43f65edb1c23ce437995dc8fcbab863d742c4fd3a6c991973d921,active,B03,false
00_book/figures/gui/chapter-04/14-multi-select-actions.png,ui.devices.multi-select-actions,ui,docshot,canonical,documentation_assets/ui/docshot/devices/multi-select-actions.png,multi-select-actions.png,false,false,true,,true,00_book/assets/ui/docshot/devices/multi-select-actions.png,high,false,Subject/source evidence supports domain and semantic filename; preserves unique logical asset.,devices,ui/docshot/devices,multi-select-actions,Thao tác hàng loạt với bốn thiết bị được chọn.,docshot-confirmed,high,used,"[""book-mkdocs"", ""book-typst""]",32addcf16e0806130c076ad7e61bcc28e8d617b324c3c374712b86b8388695ac,active,B03,false
00_book/figures/gui/chapter-04/15-edit-device.png,ui.devices.edit,ui,docshot,canonical,documentation_assets/ui/docshot/devices/edit.png,edit.png,false,false,true,,true,00_book/assets/ui/docshot/devices/edit.png,high,false,Subject/source evidence supports domain and semantic filename; preserves unique logical asset.,devices,ui/docshot/devices,edit,Đổi tên R1 thành Core-Router trong Edit Device.,docshot-confirmed,high,used,"[""book-mkdocs"", ""book-typst""]",21540dd91bb9f77961735a68c1533306bcba8e6a34ee0a1c1e07594dfe8ba7c5,active,B03,false
00_book/figures/gui/chapter-04/16-delete-device-confirmation.png,ui.devices.delete-confirmation,ui,docshot,canonical,documentation_assets/ui/docshot/devices/delete-confirmation.png,delete-confirmation.png,false,false,true,,true,00_book/assets/ui/docshot/devices/delete-confirmation.png,high,false,Subject/source evidence supports domain and semantic filename; preserves unique logical asset.,devices,ui/docshot/devices,delete-confirmation,Xác nhận trước khi xóa vĩnh viễn thiết bị tạm.,docshot-confirmed,high,used,"[""book-mkdocs"", ""book-typst""]",6c28db6616155d08164b74e1de8925438487ecdc886b109afcca24739151553e,active,B03,false
00_book/figures/gui/chapter-04/17-running-config-result.png,ui.devices.running-config-snapshot,ui,docshot,canonical,documentation_assets/ui/docshot/devices/running-config-snapshot.png,running-config-snapshot.png,false,false,true,,true,00_book/assets/ui/docshot/devices/running-config-snapshot.png,high,false,Subject/source evidence supports domain and semantic filename; preserves unique logical asset.,devices,ui/docshot/devices,running-config-snapshot,Một phiên bản running-config trong Information.,docshot-confirmed,high,used,"[""book-mkdocs"", ""book-typst""]",caf4b73617c7a435f81787d343ea829370e779cc8eca30f89b8c38b5956db633,active,B03,false
00_book/figures/gui/chapter-04/18-import-result.png,ui.devices.import-result,ui,docshot,canonical,documentation_assets/ui/docshot/devices/import-result.png,import-result.png,false,false,true,,true,00_book/assets/ui/docshot/devices/import-result.png,high,false,Subject/source evidence supports domain and semantic filename; preserves unique logical asset.,devices,ui/docshot/devices,import-result,TEMP-SW xuất hiện trong inventory sau import.,docshot-confirmed,high,used,"[""book-mkdocs"", ""book-typst""]",1f17db3fe7e4305d9d22fbae22ecd678ea0293797be613db7229682f3d6db4c9,active,B03,false
00_book/figures/gui/chapter-04/19-batch-table-detail.png,ui.devices.batch-host-name-detail,ui,docshot,canonical,documentation_assets/ui/docshot/devices/batch-host-name-detail.png,batch-host-name-detail.png,false,false,true,,true,00_book/assets/ui/docshot/devices/batch-host-name-detail.png,high,false,Subject/source evidence supports domain and semantic filename; preserves unique logical asset.,devices,ui/docshot/devices,batch-host-name-detail,Chi tiết Host và Name của ba dòng nhập.,docshot-confirmed,high,used,"[""book-mkdocs"", ""book-typst""]",0f0e63db4ad0c0970dff47b8ccfcf5f89c62fb7681c8df1b068fc05e3e506374,active,B03,false
00_book/figures/gui/chapter-05/01-router-interface-overview.png,ui.routing.interfaces.physical-overview,ui,unknown,canonical,documentation_assets/ui/legacy/routing/interfaces/physical-overview.png,physical-overview.png,false,false,true,,true,00_book/assets/ui/legacy/routing/interfaces/physical-overview.png,high,false,"Historical generator unknown; legacy placement is documentation role, not assertion of manual capture.",routing/interfaces,ui/legacy/routing/interfaces,physical-overview,Tổng quan tab Physical của Router Interface.,unknown,low,used,"[""book-mkdocs"", ""book-typst""]",2e2310fce2f42b2afcc024cee26d5e486cf5481b56db3c1ea292da235d821509,replacement-candidate,B05,false
00_book/figures/gui/chapter-05/02-edit-physical-interface.png,ui.routing.interfaces.physical-edit,ui,unknown,canonical,documentation_assets/ui/legacy/routing/interfaces/physical-edit.png,physical-edit.png,false,false,true,,true,00_book/assets/ui/legacy/routing/interfaces/physical-edit.png,high,false,"Historical generator unknown; legacy placement is documentation role, not assertion of manual capture.",routing/interfaces,ui/legacy/routing/interfaces,physical-edit,02-edit-physical-interface,unknown,low,possibly-used,"[""book-mkdocs""]",1a9790a063d51cd57b0593b22918bee5b0feefec3a9b13e6236e804e3c89a16c,replacement-candidate,B05,false
00_book/figures/gui/chapter-05/03-physical-interface-configured.png,ui.routing.interfaces.physical-configured,ui,unknown,canonical,documentation_assets/ui/legacy/routing/interfaces/physical-configured.png,physical-configured.png,false,false,true,,true,00_book/assets/ui/legacy/routing/interfaces/physical-configured.png,high,false,"Historical generator unknown; legacy placement is documentation role, not assertion of manual capture.",routing/interfaces,ui/legacy/routing/interfaces,physical-configured,Các giá trị chuẩn bị lưu cho interface vật lý.,unknown,low,used,"[""book-mkdocs"", ""book-typst""]",09216d4d3ed7f35e976d757577f36b2b6241fb7ee2f536104547004bcf9bd8b4,replacement-candidate,B05,false
00_book/figures/gui/chapter-05/04-loopback-interface.png,ui.routing.interfaces.loopback,ui,unknown,canonical,documentation_assets/ui/legacy/routing/interfaces/loopback.png,loopback.png,false,false,true,,true,00_book/assets/ui/legacy/routing/interfaces/loopback.png,high,false,"Historical generator unknown; legacy placement is documentation role, not assertion of manual capture.",routing/interfaces,ui/legacy/routing/interfaces,loopback,Loopback0 dùng địa chỉ /32 làm Router ID mẫu.,unknown,low,used,"[""book-mkdocs"", ""book-typst""]",89d33ec99c36a9e31a03f71bad12cb5fae05239db690f616086c8a6f3e774e92,replacement-candidate,B05,false
00_book/figures/gui/chapter-05/05-tunnel-interface.png,ui.routing.interfaces.tunnel,ui,unknown,canonical,documentation_assets/ui/legacy/routing/interfaces/tunnel.png,tunnel.png,false,false,true,,true,00_book/assets/ui/legacy/routing/interfaces/tunnel.png,high,false,"Historical generator unknown; legacy placement is documentation role, not assertion of manual capture.",routing/interfaces,ui/legacy/routing/interfaces,tunnel,"Tunnel10 với source, destination, key và keepalive mẫu.",unknown,low,used,"[""book-mkdocs"", ""book-typst""]",170165e3e3e7427fdf90f4b765353653d31b29e7df7f1486760399e262a067b5,replacement-candidate,B05,false
00_book/figures/gui/chapter-05/06-subinterface.png,ui.routing.interfaces.subinterface,ui,unknown,canonical,documentation_assets/ui/legacy/routing/interfaces/subinterface.png,subinterface.png,false,false,true,,true,00_book/assets/ui/legacy/routing/interfaces/subinterface.png,high,false,"Historical generator unknown; legacy placement is documentation role, not assertion of manual capture.",routing/interfaces,ui/legacy/routing/interfaces,subinterface,Subinterface .20 làm gateway cho VLAN 20.,unknown,low,used,"[""book-mkdocs"", ""book-typst""]",f618e2adefce7efc10a19521bf733e44a0668e1122ff7e947b2ea5687fbb6fd0,replacement-candidate,B05,false
00_book/figures/gui/chapter-05/07-view-push-preview.png,ui.routing.interfaces.view-push,ui,unknown,canonical,documentation_assets/ui/legacy/routing/interfaces/view-push.png,view-push.png,false,false,true,,true,00_book/assets/ui/legacy/routing/interfaces/view-push.png,high,false,"Historical generator unknown; legacy placement is documentation role, not assertion of manual capture.",routing/interfaces,ui/legacy/routing/interfaces,view-push,Preview tổng hợp các tác vụ Router Interface đang chờ.,unknown,low,used,"[""book-mkdocs"", ""book-typst"", ""report-typst""]",4416d22732ca55b909edd07c0f9f20d4ac9586aeb802a249735ae57232f8eb27,replacement-candidate,B05,false
00_book/figures/gui/chapter-06/01-static-routes.png,ui.routing.static.routes,ui,unknown,canonical,documentation_assets/ui/legacy/routing/static/routes.png,routes.png,false,false,true,,true,00_book/assets/ui/legacy/routing/static/routes.png,high,false,"Historical generator unknown; legacy placement is documentation role, not assertion of manual capture.",routing/static,ui/legacy/routing/static,routes,Hai static route đã lưu cho R1.,unknown,low,used,"[""book-mkdocs"", ""book-typst""]",b4818caf697400f602a18232f758de3da68ab528ca7404c07ef91a00391ddaf8,replacement-candidate,B05,false
00_book/figures/gui/chapter-06/02-default-routes.png,ui.routing.static.default-routes,ui,unknown,canonical,documentation_assets/ui/legacy/routing/static/default-routes.png,default-routes.png,false,false,true,,true,00_book/assets/ui/legacy/routing/static/default-routes.png,high,false,"Historical generator unknown; legacy placement is documentation role, not assertion of manual capture.",routing/static,ui/legacy/routing/static,default-routes,02-default-routes,unknown,low,possibly-used,"[""book-mkdocs""]",2ec93b9225b828d2d5dd521489d21ac4b360c4dac4ab847ed26dd0fd8ffc2297,replacement-candidate,B05,false
00_book/figures/gui/chapter-06/03-ospf-process.png,ui.routing.ospf.process,ui,unknown,canonical,documentation_assets/ui/legacy/routing/ospf/process.png,process.png,false,false,true,,true,00_book/assets/ui/legacy/routing/ospf/process.png,high,false,"Historical generator unknown; legacy placement is documentation role, not assertion of manual capture.",routing/ospf,ui/legacy/routing/ospf,process,OSPF process 10 với Router ID 1.1.1.1.,unknown,low,used,"[""book-mkdocs"", ""book-typst""]",dcb1e8b9fc31989a85d6889824d0c22996ed7690d2a6f299a8426c0f445c7d37,replacement-candidate,B05,false
00_book/figures/gui/chapter-06/04-ospf-networks.png,ui.routing.ospf.networks,ui,unknown,canonical,documentation_assets/ui/legacy/routing/ospf/networks.png,networks.png,false,false,true,,true,00_book/assets/ui/legacy/routing/ospf/networks.png,high,false,"Historical generator unknown; legacy placement is documentation role, not assertion of manual capture.",routing/ospf,ui/legacy/routing/ospf,networks,Các network statement thuộc area 0 và area 10.,unknown,low,used,"[""book-mkdocs"", ""book-typst""]",8f2cd52023ee1d9c90e84af2d07be0b2703ddbe26096d28edae3aea7c0796631,replacement-candidate,B05,false
00_book/figures/gui/chapter-06/05-ospf-areas.png,ui.routing.ospf.areas,ui,unknown,canonical,documentation_assets/ui/legacy/routing/ospf/areas.png,areas.png,false,false,true,,true,00_book/assets/ui/legacy/routing/ospf/areas.png,high,false,"Historical generator unknown; legacy placement is documentation role, not assertion of manual capture.",routing/ospf,ui/legacy/routing/ospf,areas,Area 0 và stub area 10 cùng một summary range.,unknown,low,used,"[""book-mkdocs"", ""book-typst""]",d98b0a6400604bf5740b7925ea4c8992fa166a739f5420451bab4ac9d765daf0,replacement-candidate,B05,false
00_book/figures/gui/chapter-06/06-ospf-distance.png,ui.routing.ospf.distance,ui,unknown,canonical,documentation_assets/ui/legacy/routing/ospf/distance.png,distance.png,false,false,true,,true,00_book/assets/ui/legacy/routing/ospf/distance.png,high,false,"Historical generator unknown; legacy placement is documentation role, not assertion of manual capture.",routing/ospf,ui/legacy/routing/ospf,distance,06-ospf-distance,unknown,low,possibly-used,"[""book-mkdocs""]",d2c895afc92441dd85e26ddb95ca24c18f3c5f3924203ead8e12f919acd3b502,replacement-candidate,B05,false
00_book/figures/gui/chapter-06/07-ospf-redistribute.png,ui.routing.ospf.redistribute,ui,unknown,canonical,documentation_assets/ui/legacy/routing/ospf/redistribute.png,redistribute.png,false,false,true,,true,00_book/assets/ui/legacy/routing/ospf/redistribute.png,high,false,"Historical generator unknown; legacy placement is documentation role, not assertion of manual capture.",routing/ospf,ui/legacy/routing/ospf,redistribute,Redistribute static có route-map và metric mẫu.,unknown,low,used,"[""book-mkdocs"", ""book-typst""]",c6528011fc08509e1bde849a15bdd78c16398a0b66e8effdab05ebd983385b03,replacement-candidate,B05,false
00_book/figures/gui/chapter-06/08-ospf-interfaces.png,ui.routing.ospf.interfaces,ui,unknown,canonical,documentation_assets/ui/legacy/routing/ospf/interfaces.png,interfaces.png,false,false,true,,true,00_book/assets/ui/legacy/routing/ospf/interfaces.png,high,false,"Historical generator unknown; legacy placement is documentation role, not assertion of manual capture.",routing/ospf,ui/legacy/routing/ospf,interfaces,"Cost, timer, network type, BFD và authentication trên interface.",unknown,low,used,"[""book-mkdocs"", ""book-typst""]",0d6d274a335dfe031d49342c140c46f3d37bee40d7436fd5e16bf2e691d5363d,replacement-candidate,B05,false
00_book/figures/gui/chapter-06/09-ospf-passive-interface.png,ui.routing.ospf.passive-interfaces,ui,unknown,canonical,documentation_assets/ui/legacy/routing/ospf/passive-interfaces.png,passive-interfaces.png,false,false,true,,true,00_book/assets/ui/legacy/routing/ospf/passive-interfaces.png,high,false,"Historical generator unknown; legacy placement is documentation role, not assertion of manual capture.",routing/ospf,ui/legacy/routing/ospf,passive-interfaces,09-ospf-passive-interface,unknown,low,possibly-used,"[""book-mkdocs""]",11f4713e1924d4813cb8a70acfed6dcc57904a25cb6f64ac853341308dd7f988,replacement-candidate,B05,false
00_book/figures/gui/chapter-06/10-ospf-tuning.png,ui.routing.ospf.tuning,ui,unknown,canonical,documentation_assets/ui/legacy/routing/ospf/tuning.png,tuning.png,false,false,true,,true,00_book/assets/ui/legacy/routing/ospf/tuning.png,high,false,"Historical generator unknown; legacy placement is documentation role, not assertion of manual capture.",routing/ospf,ui/legacy/routing/ospf,tuning,10-ospf-tuning,unknown,low,possibly-used,"[""book-mkdocs""]",e422f2cbc42a6e3125031c7015ab7d403f4acd45244b343d99e50114fbd0e35d,replacement-candidate,B05,false
00_book/figures/gui/chapter-06/11-eigrp-process.png,ui.routing.eigrp.process,ui,unknown,canonical,documentation_assets/ui/legacy/routing/eigrp/process.png,process.png,false,false,true,,true,00_book/assets/ui/legacy/routing/eigrp/process.png,high,false,"Historical generator unknown; legacy placement is documentation role, not assertion of manual capture.",routing/eigrp,ui/legacy/routing/eigrp,process,EIGRP AS 100 với các tham số process mẫu.,unknown,low,used,"[""book-mkdocs"", ""book-typst""]",3994c8b87d243d362c169ad68c5654c6c54b30005ce9d5b6e7bd79b542181138,replacement-candidate,B05,false
00_book/figures/gui/chapter-06/12-eigrp-networks.png,ui.routing.eigrp.networks,ui,unknown,canonical,documentation_assets/ui/legacy/routing/eigrp/networks.png,networks.png,false,false,true,,true,00_book/assets/ui/legacy/routing/eigrp/networks.png,high,false,"Historical generator unknown; legacy placement is documentation role, not assertion of manual capture.",routing/eigrp,ui/legacy/routing/eigrp,networks,12-eigrp-networks,unknown,low,possibly-used,"[""book-mkdocs""]",7e4366a4fbe722b388e1eddcfaf90dbbb22321000e1d99029af4fbd56b7f8387,replacement-candidate,B05,false
00_book/figures/gui/chapter-06/13-eigrp-interfaces.png,ui.routing.eigrp.interfaces,ui,unknown,canonical,documentation_assets/ui/legacy/routing/eigrp/interfaces.png,interfaces.png,false,false,true,,true,00_book/assets/ui/legacy/routing/eigrp/interfaces.png,high,false,"Historical generator unknown; legacy placement is documentation role, not assertion of manual capture.",routing/eigrp,ui/legacy/routing/eigrp,interfaces,Các tham số EIGRP của GigabitEthernet0/1.,unknown,low,used,"[""book-mkdocs"", ""book-typst""]",a9456f8f09771ea7438375d1677a9e9920b09dc4180835ec35967234dbf73732,replacement-candidate,B05,false
00_book/figures/gui/chapter-06/14-eigrp-passive-interface.png,ui.routing.eigrp.passive-interfaces,ui,unknown,canonical,documentation_assets/ui/legacy/routing/eigrp/passive-interfaces.png,passive-interfaces.png,false,false,true,,true,00_book/assets/ui/legacy/routing/eigrp/passive-interfaces.png,high,false,"Historical generator unknown; legacy placement is documentation role, not assertion of manual capture.",routing/eigrp,ui/legacy/routing/eigrp,passive-interfaces,14-eigrp-passive-interface,unknown,low,possibly-used,"[""book-mkdocs""]",4a40f76dbb3ac61f1b2f9b8486be7f77121a52135d7593887e75f3281d61f21c,replacement-candidate,B05,false
00_book/figures/gui/chapter-06/15-eigrp-redistribute.png,ui.routing.eigrp.redistribute,ui,unknown,canonical,documentation_assets/ui/legacy/routing/eigrp/redistribute.png,redistribute.png,false,false,true,,true,00_book/assets/ui/legacy/routing/eigrp/redistribute.png,high,false,"Historical generator unknown; legacy placement is documentation role, not assertion of manual capture.",routing/eigrp,ui/legacy/routing/eigrp,redistribute,Redistribute static vào EIGRP với route-map và seed metric.,unknown,low,used,"[""book-mkdocs"", ""book-typst""]",b4f391440ee2eb89adb1b91a5566d0e7cdce53b2603db9ba6b4d445edc5c31e5,replacement-candidate,B05,false
00_book/figures/gui/chapter-06/16-eigrp-distribute-list.png,ui.routing.eigrp.distribute-list,ui,unknown,canonical,documentation_assets/ui/legacy/routing/eigrp/distribute-list.png,distribute-list.png,false,false,true,,true,00_book/assets/ui/legacy/routing/eigrp/distribute-list.png,high,false,"Historical generator unknown; legacy placement is documentation role, not assertion of manual capture.",routing/eigrp,ui/legacy/routing/eigrp,distribute-list,16-eigrp-distribute-list,unknown,low,possibly-used,"[""book-mkdocs""]",e0b629e319c417d0981d4dc7b240d90e4c7f086d714c4f7712fd15c01fe53d00,replacement-candidate,B05,false
00_book/figures/gui/chapter-06/17-eigrp-offset-list.png,ui.routing.eigrp.offset-list,ui,unknown,canonical,documentation_assets/ui/legacy/routing/eigrp/offset-list.png,offset-list.png,false,false,true,,true,00_book/assets/ui/legacy/routing/eigrp/offset-list.png,high,false,"Historical generator unknown; legacy placement is documentation role, not assertion of manual capture.",routing/eigrp,ui/legacy/routing/eigrp,offset-list,17-eigrp-offset-list,unknown,low,possibly-used,"[""book-mkdocs""]",b796882da0f2b406fa004f100c9e96c2512fe0b6976b0c229b744ca7cbc0c15e,replacement-candidate,B05,false
00_book/figures/gui/chapter-06/18-eigrp-key-chains.png,ui.routing.eigrp.key-chains,ui,unknown,canonical,documentation_assets/ui/legacy/routing/eigrp/key-chains.png,key-chains.png,false,false,true,,true,00_book/assets/ui/legacy/routing/eigrp/key-chains.png,high,false,"Historical generator unknown; legacy placement is documentation role, not assertion of manual capture.",routing/eigrp,ui/legacy/routing/eigrp,key-chains,Key chain KC-EIGRP và khoảng thời gian hiệu lực mẫu.,unknown,low,used,"[""book-mkdocs"", ""book-typst""]",cdfbe301669b9c35804600d085d8c2ea3eaf9e7ad30447fccfd65ba267d441f2,replacement-candidate,B05,false
00_book/figures/gui/chapter-06/19-routing-group-hosts.png,ui.routing.ospf.routing-group-hosts,ui,unknown,canonical,documentation_assets/ui/legacy/routing/ospf/routing-group-hosts.png,routing-group-hosts.png,false,false,true,,true,00_book/assets/ui/legacy/routing/ospf/routing-group-hosts.png,high,false,"Historical generator unknown; legacy placement is documentation role, not assertion of manual capture.",routing/ospf,ui/legacy/routing/ospf,routing-group-hosts,Chọn hai router R1 và R2 cho Routing Group OSPF.,unknown,low,used,"[""book-mkdocs"", ""book-typst""]",cd88574c5e2f83895cfd1edfefbefc56fdf36fde12242e8df561c258c0c3a057,replacement-candidate,B05,false
00_book/figures/gui/chapter-06/20-routing-group-identity.png,ui.routing.ospf.routing-group-identity,ui,unknown,canonical,documentation_assets/ui/legacy/routing/ospf/routing-group-identity.png,routing-group-identity.png,false,false,true,,true,00_book/assets/ui/legacy/routing/ospf/routing-group-identity.png,high,false,"Historical generator unknown; legacy placement is documentation role, not assertion of manual capture.",routing/ospf,ui/legacy/routing/ospf,routing-group-identity,Process ID và Router ID riêng của từng router.,unknown,low,used,"[""book-mkdocs"", ""book-typst""]",56b95e5d7ca78612b0e2c3e7e34db36d3f11d53c95e7c4e364d58b9e59c8d977,replacement-candidate,B05,false
00_book/figures/gui/chapter-06/21-routing-group-common.png,ui.routing.ospf.routing-group-common,ui,unknown,canonical,documentation_assets/ui/legacy/routing/ospf/routing-group-common.png,routing-group-common.png,false,false,true,,true,00_book/assets/ui/legacy/routing/ospf/routing-group-common.png,high,false,"Historical generator unknown; legacy placement is documentation role, not assertion of manual capture.",routing/ospf,ui/legacy/routing/ospf,routing-group-common,21-routing-group-common,unknown,low,possibly-used,"[""book-mkdocs""]",c5a620d0f5f17d0977925e0724ee39197290c6c07dfdc40889f7b6eddb3acdb3,replacement-candidate,B05,false
00_book/figures/gui/chapter-06/22-routing-group-networks.png,ui.routing.ospf.routing-group-networks,ui,unknown,canonical,documentation_assets/ui/legacy/routing/ospf/routing-group-networks.png,routing-group-networks.png,false,false,true,,true,00_book/assets/ui/legacy/routing/ospf/routing-group-networks.png,high,false,"Historical generator unknown; legacy placement is documentation role, not assertion of manual capture.",routing/ospf,ui/legacy/routing/ospf,routing-group-networks,Chọn network và area độc lập cho R1 và R2.,unknown,low,used,"[""book-mkdocs"", ""book-typst""]",9e7a2523e922bb35fc2790a27c4f2b137e5726a6d9a8092593658bd2c9835163,replacement-candidate,B05,false
00_book/figures/gui/chapter-06/23-static-view-push.png,ui.routing.static.view-push,ui,unknown,canonical,documentation_assets/ui/legacy/routing/static/view-push.png,view-push.png,false,false,true,,true,00_book/assets/ui/legacy/routing/static/view-push.png,high,false,"Historical generator unknown; legacy placement is documentation role, not assertion of manual capture.",routing/static,ui/legacy/routing/static,view-push,23-static-view-push,unknown,low,possibly-used,"[""book-mkdocs""]",82a3024cf56a4adde5eafd1e49dbf5707a0d13d388b99595e626fb11d529a3f7,replacement-candidate,B05,false
00_book/figures/gui/chapter-06/24-ospf-view-push.png,ui.routing.ospf.view-push,ui,unknown,canonical,documentation_assets/ui/legacy/routing/ospf/view-push.png,view-push.png,false,false,true,,true,00_book/assets/ui/legacy/routing/ospf/view-push.png,high,false,"Historical generator unknown; legacy placement is documentation role, not assertion of manual capture.",routing/ospf,ui/legacy/routing/ospf,view-push,View & Push OSPF với toàn bộ lệnh của process đang chờ.,unknown,low,used,"[""book-mkdocs"", ""book-typst""]",3eea7873d6d76b25b029ba03b89852528243e1b9821f76e635bde326498fb558,replacement-candidate,B05,false
00_book/figures/gui/chapter-06/25-eigrp-view-push.png,ui.routing.eigrp.view-push,ui,unknown,canonical,documentation_assets/ui/legacy/routing/eigrp/view-push.png,view-push.png,false,false,true,,true,00_book/assets/ui/legacy/routing/eigrp/view-push.png,high,false,"Historical generator unknown; legacy placement is documentation role, not assertion of manual capture.",routing/eigrp,ui/legacy/routing/eigrp,view-push,25-eigrp-view-push,unknown,low,possibly-used,"[""book-mkdocs""]",966cfb49cfe4df8538ec4c779e202d1dbcc62c8f7197c7a72332bb6a520a7b74,replacement-candidate,B05,false
00_book/figures/gui/chapter-06/26-routing-group-view-push.png,ui.routing.ospf.routing-group-view-push,ui,unknown,canonical,documentation_assets/ui/legacy/routing/ospf/routing-group-view-push.png,routing-group-view-push.png,false,false,true,,true,00_book/assets/ui/legacy/routing/ospf/routing-group-view-push.png,high,false,"Historical generator unknown; legacy placement is documentation role, not assertion of manual capture.",routing/ospf,ui/legacy/routing/ospf,routing-group-view-push,View & Push OSPF tổng hợp lệnh riêng cho hai thiết bị.,unknown,low,used,"[""book-mkdocs"", ""book-typst""]",281941875e99da4bdb57544a4c425e7046f8587d25285b125a71a06ca155609f,replacement-candidate,B05,false
00_book/figures/gui/chapter-07/01-dhcp-pools.png,ui.routing.dhcp.pools,ui,unknown,canonical,documentation_assets/ui/legacy/routing/dhcp/pools.png,pools.png,false,false,true,,true,00_book/assets/ui/legacy/routing/dhcp/pools.png,high,false,"Historical generator unknown; legacy placement is documentation role, not assertion of manual capture.",routing/dhcp,ui/legacy/routing/dhcp,pools,Hai DHCP pool đã lưu cho các mạng VLAN 10 và VLAN 20.,unknown,low,used,"[""book-mkdocs"", ""book-typst""]",b53eff3cd8433087ec8fb6d2dc4889144e2067ce5223e9f7586573dc2cce10b2,replacement-candidate,B06,false
00_book/figures/gui/chapter-07/02-dhcp-excluded-addresses.png,ui.routing.dhcp.excluded-addresses,ui,unknown,canonical,documentation_assets/ui/legacy/routing/dhcp/excluded-addresses.png,excluded-addresses.png,false,false,true,,true,00_book/assets/ui/legacy/routing/dhcp/excluded-addresses.png,high,false,"Historical generator unknown; legacy placement is documentation role, not assertion of manual capture.",routing/dhcp,ui/legacy/routing/dhcp,excluded-addresses,Hai khoảng địa chỉ bị loại trừ khỏi quá trình cấp phát.,unknown,low,used,"[""book-mkdocs"", ""book-typst""]",0ee20eb9a6a0c53d5bbea6059ca2bd69990fa7183f6bb9dbe9f066879af53d27,replacement-candidate,B06,false
00_book/figures/gui/chapter-07/03-dhcp-helper-addresses.png,ui.routing.dhcp.helper-addresses,ui,unknown,canonical,documentation_assets/ui/legacy/routing/dhcp/helper-addresses.png,helper-addresses.png,false,false,true,,true,00_book/assets/ui/legacy/routing/dhcp/helper-addresses.png,high,false,"Historical generator unknown; legacy placement is documentation role, not assertion of manual capture.",routing/dhcp,ui/legacy/routing/dhcp,helper-addresses,Hai DHCP server dự phòng được gắn với interface relay.,unknown,low,used,"[""book-mkdocs"", ""book-typst""]",54ca3589fe1f5d199b88bacb7fbc2d8c3c47d9fd831e92b49bdda60f5bdef8aa,replacement-candidate,B06,false
00_book/figures/gui/chapter-07/04-dhcp-view-push.png,ui.routing.dhcp.view-push,ui,unknown,canonical,documentation_assets/ui/legacy/routing/dhcp/view-push.png,view-push.png,false,false,true,,true,00_book/assets/ui/legacy/routing/dhcp/view-push.png,high,false,"Historical generator unknown; legacy placement is documentation role, not assertion of manual capture.",routing/dhcp,ui/legacy/routing/dhcp,view-push,"View & Push DHCP tổng hợp Pool, Excluded và Helper đang chờ.",unknown,low,used,"[""book-mkdocs"", ""book-typst""]",a928bb17aaf306441065736fa2fb6b9c557b17292f7c17ce4cc1968f39ed8be7,replacement-candidate,B06,false
00_book/figures/gui/chapter-08/01-acl-standard.png,ui.routing.acl.standard,ui,unknown,canonical,documentation_assets/ui/legacy/routing/acl/standard.png,standard.png,false,false,true,,true,00_book/assets/ui/legacy/routing/acl/standard.png,high,false,"Historical generator unknown; legacy placement is documentation role, not assertion of manual capture.",routing/acl,ui/legacy/routing/acl,standard,Standard ACL cho phép mạng tin cậy rồi từ chối các nguồn còn lại.,unknown,low,used,"[""book-mkdocs"", ""book-typst""]",959e8a8d3777948b29b761bfe485fedb4d0dfa6386c9b105a640b1109bcd8cba,replacement-candidate,B06,false
00_book/figures/gui/chapter-08/02-acl-extended.png,ui.routing.acl.extended,ui,unknown,canonical,documentation_assets/ui/legacy/routing/acl/extended.png,extended.png,false,false,true,,true,00_book/assets/ui/legacy/routing/acl/extended.png,high,false,"Historical generator unknown; legacy placement is documentation role, not assertion of manual capture.",routing/acl,ui/legacy/routing/acl,extended,Extended ACL cho phép TCP/443 tới application server.,unknown,low,used,"[""book-mkdocs"", ""book-typst""]",aae1c02ef39cfe1b8c1f607f5d6fd527fd654186e5230ee668cd514afc250a2d,replacement-candidate,B06,false
00_book/figures/gui/chapter-08/03-acl-dynamic.png,ui.routing.acl.dynamic,ui,unknown,canonical,documentation_assets/ui/legacy/routing/acl/dynamic.png,dynamic.png,false,false,true,,true,00_book/assets/ui/legacy/routing/acl/dynamic.png,high,false,"Historical generator unknown; legacy placement is documentation role, not assertion of manual capture.",routing/acl,ui/legacy/routing/acl,dynamic,Dynamic ACL cấp quyền SSH tạm thời cho người dùng từ xa.,unknown,low,used,"[""book-mkdocs"", ""book-typst""]",a2a5ba78ccff7a615ae9b9496d5b3c9869f4e96e83ae93d56e6d316a07cec5ac,replacement-candidate,B06,false
00_book/figures/gui/chapter-08/04-acl-reflexive.png,ui.routing.acl.reflexive,ui,unknown,canonical,documentation_assets/ui/legacy/routing/acl/reflexive.png,reflexive.png,false,false,true,,true,00_book/assets/ui/legacy/routing/acl/reflexive.png,high,false,"Historical generator unknown; legacy placement is documentation role, not assertion of manual capture.",routing/acl,ui/legacy/routing/acl,reflexive,Reflexive ACL theo dõi các session TCP đi ra từ mạng LAN.,unknown,low,used,"[""book-mkdocs"", ""book-typst""]",9e7d725669115554b85eddd535918d669389f90de4c890ca3abaf51c3b8fc958,replacement-candidate,B06,false
00_book/figures/gui/chapter-08/05-acl-mac.png,ui.routing.acl.mac,ui,unknown,canonical,documentation_assets/ui/legacy/routing/acl/mac.png,mac.png,false,false,true,,true,00_book/assets/ui/legacy/routing/acl/mac.png,high,false,"Historical generator unknown; legacy placement is documentation role, not assertion of manual capture.",routing/acl,ui/legacy/routing/acl,mac,MAC ACL cho phép một dải địa chỉ MAC tin cậy.,unknown,low,used,"[""book-mkdocs"", ""book-typst""]",87842fa704cf2b9d17486f95a6c77f7f9837eba31ddc64fd6ac356338c0c6a80,replacement-candidate,B06,false
00_book/figures/gui/chapter-08/06-acl-bindings.png,ui.routing.acl.bindings,ui,unknown,canonical,documentation_assets/ui/legacy/routing/acl/bindings.png,bindings.png,false,false,true,,true,00_book/assets/ui/legacy/routing/acl/bindings.png,high,false,"Historical generator unknown; legacy placement is documentation role, not assertion of manual capture.",routing/acl,ui/legacy/routing/acl,bindings,Standard ACL được gắn chiều IN trên GigabitEthernet0/0.,unknown,low,used,"[""book-mkdocs"", ""book-typst""]",e217b31908eaa91a45695da04dc2d0f355a7d7f02b83ec44b20c6415482b4589,replacement-candidate,B06,false
00_book/figures/gui/chapter-08/07-acl-view-push.png,ui.routing.acl.view-push,ui,unknown,canonical,documentation_assets/ui/legacy/routing/acl/view-push.png,view-push.png,false,false,true,,true,00_book/assets/ui/legacy/routing/acl/view-push.png,high,false,"Historical generator unknown; legacy placement is documentation role, not assertion of manual capture.",routing/acl,ui/legacy/routing/acl,view-push,View & Push ACL tổng hợp năm ACL và interface binding đang chờ.,unknown,low,used,"[""book-mkdocs"", ""book-typst""]",8996a94b15baa2cdffcf35e735ecd5c62bc9ba22cb1de5813e1b9fe00980ba9d,replacement-candidate,B06,false
00_book/figures/gui/chapter-09/01-hsrp-gateway-members.png,ui.routing.fhrp.hsrp-gateway-members,ui,unknown,canonical,documentation_assets/ui/legacy/routing/fhrp/hsrp-gateway-members.png,hsrp-gateway-members.png,false,false,true,,true,00_book/assets/ui/legacy/routing/fhrp/hsrp-gateway-members.png,high,false,"Historical generator unknown; legacy placement is documentation role, not assertion of manual capture.",routing/fhrp,ui/legacy/routing/fhrp,hsrp-gateway-members,01-hsrp-gateway-members,unknown,low,possibly-used,"[""book-mkdocs""]",fdf5e2db431b6dd0fc2d1e618f3804620481677ceb2390268ec0053a82c5efc3,replacement-candidate,B06,false
00_book/figures/gui/chapter-09/02-hsrp-authentication-timers.png,ui.routing.fhrp.hsrp-authentication-timers,ui,unknown,canonical,documentation_assets/ui/legacy/routing/fhrp/hsrp-authentication-timers.png,hsrp-authentication-timers.png,false,false,true,,false,,high,true,"Historical generator unknown; legacy placement is documentation role, not assertion of manual capture.",routing/fhrp,ui/legacy/routing/fhrp,hsrp-authentication-timers,02-hsrp-authentication-timers,unknown,low,orphan,[],5ff0d3046bf14600dbc56063ac838ddf48e33fcc5627ca458f6b3245e7b06b26,orphan-review,B06,false
00_book/figures/gui/chapter-09/03-hsrp-member-policy.png,ui.routing.fhrp.hsrp-member-policy,ui,unknown,canonical,documentation_assets/ui/legacy/routing/fhrp/hsrp-member-policy.png,hsrp-member-policy.png,false,false,true,,true,00_book/assets/ui/legacy/routing/fhrp/hsrp-member-policy.png,high,false,"Historical generator unknown; legacy placement is documentation role, not assertion of manual capture.",routing/fhrp,ui/legacy/routing/fhrp,hsrp-member-policy,03-hsrp-member-policy,unknown,low,possibly-used,"[""book-mkdocs""]",e65e8ff2e6f96c361a5c26dd4c5b2510410e0a6b609626a5e67e6af55838f1bc,replacement-candidate,B06,false
00_book/figures/gui/chapter-09/04-vrrp-configuration.png,ui.routing.fhrp.vrrp-configuration,ui,unknown,canonical,documentation_assets/ui/legacy/routing/fhrp/vrrp-configuration.png,vrrp-configuration.png,false,false,true,,true,00_book/assets/ui/legacy/routing/fhrp/vrrp-configuration.png,high,false,"Historical generator unknown; legacy placement is documentation role, not assertion of manual capture.",routing/fhrp,ui/legacy/routing/fhrp,vrrp-configuration,04-vrrp-configuration,unknown,low,possibly-used,"[""book-mkdocs""]",b579f0b7b54c9d9592b041c654b0432152403cdf1dc152dde0a96c9d476defdf,replacement-candidate,B06,false
00_book/figures/gui/chapter-09/05-glbp-configuration.png,ui.routing.fhrp.glbp-configuration,ui,unknown,canonical,documentation_assets/ui/legacy/routing/fhrp/glbp-configuration.png,glbp-configuration.png,false,false,true,,true,00_book/assets/ui/legacy/routing/fhrp/glbp-configuration.png,high,false,"Historical generator unknown; legacy placement is documentation role, not assertion of manual capture.",routing/fhrp,ui/legacy/routing/fhrp,glbp-configuration,05-glbp-configuration,unknown,low,possibly-used,"[""book-mkdocs""]",6e3ce6b99c8c531107cfd3afebf0dea460902c6751f569e4f689094488756e9e,replacement-candidate,B06,false
00_book/figures/gui/chapter-09/06-hsrp-view-push.png,ui.routing.fhrp.hsrp-view-push,ui,unknown,canonical,documentation_assets/ui/legacy/routing/fhrp/hsrp-view-push.png,hsrp-view-push.png,false,false,true,,true,00_book/assets/ui/legacy/routing/fhrp/hsrp-view-push.png,high,false,"Historical generator unknown; legacy placement is documentation role, not assertion of manual capture.",routing/fhrp,ui/legacy/routing/fhrp,hsrp-view-push,View & Push FHRP của nhóm HSRP trên R1 và R2.,unknown,low,used,"[""book-mkdocs"", ""book-typst""]",86416aa0c67182445df2280b3e4a7ba7e62bc4fe83bd3c024d9492816d46ebc5,replacement-candidate,B06,false
00_book/figures/gui/chapter-09/07-vrrp-view-push.png,ui.routing.fhrp.vrrp-view-push,ui,unknown,canonical,documentation_assets/ui/legacy/routing/fhrp/vrrp-view-push.png,vrrp-view-push.png,false,false,true,,true,00_book/assets/ui/legacy/routing/fhrp/vrrp-view-push.png,high,false,"Historical generator unknown; legacy placement is documentation role, not assertion of manual capture.",routing/fhrp,ui/legacy/routing/fhrp,vrrp-view-push,07-vrrp-view-push,unknown,low,possibly-used,"[""book-mkdocs""]",b5159a46cfe67487896a961285aee40510c752b2187a068623e0de59d4be0b7f,replacement-candidate,B06,false
00_book/figures/gui/chapter-09/08-glbp-view-push.png,ui.routing.fhrp.glbp-view-push,ui,unknown,canonical,documentation_assets/ui/legacy/routing/fhrp/glbp-view-push.png,glbp-view-push.png,false,false,true,,true,00_book/assets/ui/legacy/routing/fhrp/glbp-view-push.png,high,false,"Historical generator unknown; legacy placement is documentation role, not assertion of manual capture.",routing/fhrp,ui/legacy/routing/fhrp,glbp-view-push,08-glbp-view-push,unknown,low,possibly-used,"[""book-mkdocs""]",99fb8220e323e1677df02375b4aad5c117e61c0b15d6d55208d3ca40b38a0daa,replacement-candidate,B06,false
00_book/figures/gui/chapter-09/09-hsrp-gateway-form-zoom.png,ui.routing.fhrp.hsrp-gateway-form-detail,ui,unknown,canonical,documentation_assets/ui/legacy/routing/fhrp/hsrp-gateway-form-detail.png,hsrp-gateway-form-detail.png,false,false,true,,true,00_book/assets/ui/legacy/routing/fhrp/hsrp-gateway-form-detail.png,high,false,"Historical generator unknown; legacy placement is documentation role, not assertion of manual capture.",routing/fhrp,ui/legacy/routing/fhrp,hsrp-gateway-form-detail,Cận cảnh khối Gateway identity và danh sách router tham gia.,unknown,low,used,"[""book-mkdocs"", ""book-typst""]",5e6ea174da7f934c63ff106bde7335dafb3c23ef6f13c5d5a809189b07686195,replacement-candidate,B06,false
00_book/figures/gui/chapter-09/11-hsrp-primary-member-zoom.png,ui.routing.fhrp.hsrp-primary-member-detail,ui,unknown,canonical,documentation_assets/ui/legacy/routing/fhrp/hsrp-primary-member-detail.png,hsrp-primary-member-detail.png,false,false,true,,true,00_book/assets/ui/legacy/routing/fhrp/hsrp-primary-member-detail.png,high,false,"Historical generator unknown; legacy placement is documentation role, not assertion of manual capture.",routing/fhrp,ui/legacy/routing/fhrp,hsrp-primary-member-detail,"R1 được đặt priority 120, bật Preempt và theo dõi object 1.",unknown,low,used,"[""book-mkdocs"", ""book-typst""]",31c76d976763d796420249c2625f263d23c94be1e096a5ae0ad87add5be3df34,replacement-candidate,B06,false
00_book/figures/gui/chapter-09/12-hsrp-secondary-member-zoom.png,ui.routing.fhrp.hsrp-secondary-member-detail,ui,unknown,canonical,documentation_assets/ui/legacy/routing/fhrp/hsrp-secondary-member-detail.png,hsrp-secondary-member-detail.png,false,false,true,,true,00_book/assets/ui/legacy/routing/fhrp/hsrp-secondary-member-detail.png,high,false,"Historical generator unknown; legacy placement is documentation role, not assertion of manual capture.",routing/fhrp,ui/legacy/routing/fhrp,hsrp-secondary-member-detail,R2 dùng cùng interface LAN nhưng có priority và delay riêng.,unknown,low,used,"[""book-mkdocs"", ""book-typst""]",4de5cd89957250e13027f9992835b11a7f2ea0b8d72b0ad3fbb1f9666ee61101,replacement-candidate,B06,false
00_book/figures/gui/chapter-09/13-vrrp-options-member-zoom.png,ui.routing.fhrp.vrrp-options-member-detail,ui,unknown,canonical,documentation_assets/ui/legacy/routing/fhrp/vrrp-options-member-detail.png,vrrp-options-member-detail.png,false,false,true,,true,00_book/assets/ui/legacy/routing/fhrp/vrrp-options-member-detail.png,high,false,"Historical generator unknown; legacy placement is documentation role, not assertion of manual capture.",routing/fhrp,ui/legacy/routing/fhrp,vrrp-options-member-detail,"Cận cảnh VRRPv2, advertisement timer và chính sách Master/Backup.",unknown,low,used,"[""book-mkdocs"", ""book-typst""]",98eb42828e6135eafa519369749721549dfc2f862b55e26a37667f61278d957c,replacement-candidate,B06,false
00_book/figures/gui/chapter-09/14-glbp-weighting-zoom.png,ui.routing.fhrp.glbp-weighting-detail,ui,unknown,canonical,documentation_assets/ui/legacy/routing/fhrp/glbp-weighting-detail.png,glbp-weighting-detail.png,false,false,true,,true,00_book/assets/ui/legacy/routing/fhrp/glbp-weighting-detail.png,high,false,"Historical generator unknown; legacy placement is documentation role, not assertion of manual capture.",routing/fhrp,ui/legacy/routing/fhrp,glbp-weighting-detail,"Cận cảnh weighting, threshold, forwarder preempt và tracking của GLBP.",unknown,low,used,"[""book-mkdocs"", ""book-typst""]",af39006ff2316d3c4dd481fdd20c7f721055d0d350f047afd2596906d71335ba,replacement-candidate,B06,false
00_book/figures/gui/chapter-09/15-hsrp-auth-protocol-detail.png,ui.routing.fhrp.hsrp-auth-protocol-detail,ui,unknown,canonical,documentation_assets/ui/legacy/routing/fhrp/hsrp-auth-protocol-detail.png,hsrp-auth-protocol-detail.png,false,false,true,,true,00_book/assets/ui/legacy/routing/fhrp/hsrp-auth-protocol-detail.png,high,false,"Historical generator unknown; legacy placement is documentation role, not assertion of manual capture.",routing/fhrp,ui/legacy/routing/fhrp,hsrp-auth-protocol-detail,"Cận cảnh xác thực, HSRP version và Hello/Hold timer.",unknown,low,used,"[""book-mkdocs"", ""book-typst""]",f61b6367ed4a04aa0ec68c2aa0c965086ec83d40f6dea995a6a5e96b7c0b2624,replacement-candidate,B06,false
00_book/figures/gui/chapter-10/01-syslog-destinations.png,ui.routing.syslog.destinations,ui,unknown,canonical,documentation_assets/ui/legacy/routing/syslog/destinations.png,destinations.png,false,false,true,,true,00_book/assets/ui/legacy/routing/syslog/destinations.png,high,false,"Historical generator unknown; legacy placement is documentation role, not assertion of manual capture.",routing/syslog,ui/legacy/routing/syslog,destinations,Danh sách destination và trạng thái cấu hình Syslog của router.,unknown,low,used,"[""book-mkdocs"", ""book-typst""]",732d1c80dd41b96d234ab154af34d3215c9e3e3fd99a80b50843a566c517526a,replacement-candidate,B10,false
00_book/figures/gui/chapter-10/02-syslog-server-editor.png,ui.routing.syslog.server-editor,ui,unknown,canonical,documentation_assets/ui/legacy/routing/syslog/server-editor.png,server-editor.png,false,false,true,,true,00_book/assets/ui/legacy/routing/syslog/server-editor.png,high,false,"Historical generator unknown; legacy placement is documentation role, not assertion of manual capture.",routing/syslog,ui/legacy/routing/syslog,server-editor,"Biểu mẫu destination với địa chỉ máy thu, transport, port và policy log.",unknown,low,used,"[""book-mkdocs"", ""book-typst""]",0a96b7578eddc654194957eecd17785490ff61db443c9e0d567ae92a6a319cbd,replacement-candidate,B10,false
00_book/figures/gui/chapter-10/03-syslog-group-hosts.png,ui.routing.syslog.group-hosts,ui,unknown,canonical,documentation_assets/ui/legacy/routing/syslog/group-hosts.png,group-hosts.png,false,false,true,,true,00_book/assets/ui/legacy/routing/syslog/group-hosts.png,high,false,"Historical generator unknown; legacy placement is documentation role, not assertion of manual capture.",routing/syslog,ui/legacy/routing/syslog,group-hosts,Chọn các router Connected đã có dữ liệu interface trong inventory.,unknown,low,used,"[""book-mkdocs"", ""book-typst""]",119b6f6b56a56be80cf0e4d5dbf87584e29453cdb92c4d6af1c289290c2a7775,replacement-candidate,B10,false
00_book/figures/gui/chapter-10/04-syslog-group-interfaces.png,ui.routing.syslog.group-interfaces,ui,unknown,canonical,documentation_assets/ui/legacy/routing/syslog/group-interfaces.png,group-interfaces.png,false,false,true,,true,00_book/assets/ui/legacy/routing/syslog/group-interfaces.png,high,false,"Historical generator unknown; legacy placement is documentation role, not assertion of manual capture.",routing/syslog,ui/legacy/routing/syslog,group-interfaces,Chọn một source interface riêng cho từng router.,unknown,low,used,"[""book-mkdocs"", ""book-typst""]",0cee4ad8e56e47cf6d7d181f83073252a31f014227ffa5cc7ecae235d3c5b971,replacement-candidate,B10,false
00_book/figures/gui/chapter-10/05-syslog-group-policy.png,ui.routing.syslog.group-policy,ui,unknown,canonical,documentation_assets/ui/legacy/routing/syslog/group-policy.png,group-policy.png,false,false,true,,true,00_book/assets/ui/legacy/routing/syslog/group-policy.png,high,false,"Historical generator unknown; legacy placement is documentation role, not assertion of manual capture.",routing/syslog,ui/legacy/routing/syslog,group-policy,Nhập destination và chính sách thông báo dùng chung cho cả nhóm.,unknown,low,used,"[""book-mkdocs"", ""book-typst""]",084c5636472f801bfa1ffa354b7da005a34b46eba26dad1e217e6794cd4f0202,replacement-candidate,B10,false
00_book/figures/gui/chapter-10/06-syslog-view-push.png,ui.routing.syslog.view-push,ui,unknown,canonical,documentation_assets/ui/legacy/routing/syslog/view-push.png,view-push.png,false,false,true,,true,00_book/assets/ui/legacy/routing/syslog/view-push.png,high,false,"Historical generator unknown; legacy placement is documentation role, not assertion of manual capture.",routing/syslog,ui/legacy/routing/syslog,view-push,View & Push SYSLOG tổng hợp lệnh riêng cho R1 và R2.,unknown,low,used,"[""book-mkdocs"", ""book-typst""]",22b193933a166ab35e89587c66b7c114d1531cca987024857ba2781beed11665,replacement-candidate,B10,false
00_book/figures/gui/chapter-11/01-quick-pat-setup.png,ui.routing.nat.quick-pat-setup,ui,unknown,canonical,documentation_assets/ui/legacy/routing/nat/quick-pat-setup.png,quick-pat-setup.png,false,false,true,,true,00_book/assets/ui/legacy/routing/nat/quick-pat-setup.png,high,false,"Historical generator unknown; legacy placement is documentation role, not assertion of manual capture.",routing/nat,ui/legacy/routing/nat,quick-pat-setup,Quick PAT Setup với hai interface và mạng LAN cần dịch địa chỉ.,unknown,low,used,"[""book-mkdocs"", ""book-typst""]",d1e7dd528035fd50fb6fd2c9e4d943f34171a7c2739460a4871f0f75ad80d4f6,replacement-candidate,B06,false
00_book/figures/gui/chapter-11/02-interfaces-form-zoom.png,ui.routing.nat.interfaces-form-detail,ui,unknown,canonical,documentation_assets/ui/legacy/routing/nat/interfaces-form-detail.png,interfaces-form-detail.png,false,false,true,,true,00_book/assets/ui/legacy/routing/nat/interfaces-form-detail.png,high,false,"Historical generator unknown; legacy placement is documentation role, not assertion of manual capture.",routing/nat,ui/legacy/routing/nat,interfaces-form-detail,Form gán interface LAN vào vai trò Inside.,unknown,low,used,"[""book-mkdocs"", ""book-typst""]",f068814327b2112861b4e120b9c00764778ea84d756f4f3e8f2d900a2ab81c28,replacement-candidate,B06,false
00_book/figures/gui/chapter-11/03-interfaces-overview.png,ui.routing.nat.interfaces-overview,ui,unknown,canonical,documentation_assets/ui/legacy/routing/nat/interfaces-overview.png,interfaces-overview.png,false,false,true,,true,00_book/assets/ui/legacy/routing/nat/interfaces-overview.png,high,false,"Historical generator unknown; legacy placement is documentation role, not assertion of manual capture.",routing/nat,ui/legacy/routing/nat,interfaces-overview,03-interfaces-overview,unknown,low,possibly-used,"[""book-mkdocs""]",ff19688ef94f420a22c5692797fdb645f8e367ca12a9a6a31fd62aa4b2ffe14b,replacement-candidate,B06,false
00_book/figures/gui/chapter-11/04-acl-form-zoom.png,ui.routing.nat.acl-form-detail,ui,unknown,canonical,documentation_assets/ui/legacy/routing/nat/acl-form-detail.png,acl-form-detail.png,false,false,true,,true,00_book/assets/ui/legacy/routing/nat/acl-form-detail.png,high,false,"Historical generator unknown; legacy placement is documentation role, not assertion of manual capture.",routing/nat,ui/legacy/routing/nat,acl-form-detail,Form NAT ACL cho mạng 192.168.10.0/24.,unknown,low,used,"[""book-mkdocs"", ""book-typst""]",a870d8f3d240e09774fbe92cd3e5f81018d5fd3dd9858160eff2d6780769f38a,replacement-candidate,B06,false
00_book/figures/gui/chapter-11/05-acl-overview.png,ui.routing.nat.acl-overview,ui,unknown,canonical,documentation_assets/ui/legacy/routing/nat/acl-overview.png,acl-overview.png,false,false,true,,true,00_book/assets/ui/legacy/routing/nat/acl-overview.png,high,false,"Historical generator unknown; legacy placement is documentation role, not assertion of manual capture.",routing/nat,ui/legacy/routing/nat,acl-overview,05-acl-overview,unknown,low,possibly-used,"[""book-mkdocs""]",5cbc8c70b69506a473a3bd2efb4664217b06efc7b3c404ee7e129e96fafbb147,replacement-candidate,B06,false
00_book/figures/gui/chapter-11/06-static-form-zoom.png,ui.routing.nat.static-form-detail,ui,unknown,canonical,documentation_assets/ui/legacy/routing/nat/static-form-detail.png,static-form-detail.png,false,false,true,,true,00_book/assets/ui/legacy/routing/nat/static-form-detail.png,high,false,"Historical generator unknown; legacy placement is documentation role, not assertion of manual capture.",routing/nat,ui/legacy/routing/nat,static-form-detail,Form Static NAT ánh xạ TCP/443 nội bộ sang TCP/8443 bên ngoài.,unknown,low,used,"[""book-mkdocs"", ""book-typst""]",387c743d956abfe4dcd2068bc379ae6688fe6dedffe1306d74cc5f8275c08fdf,replacement-candidate,B06,false
00_book/figures/gui/chapter-11/07-static-overview.png,ui.routing.nat.static-overview,ui,unknown,canonical,documentation_assets/ui/legacy/routing/nat/static-overview.png,static-overview.png,false,false,true,,true,00_book/assets/ui/legacy/routing/nat/static-overview.png,high,false,"Historical generator unknown; legacy placement is documentation role, not assertion of manual capture.",routing/nat,ui/legacy/routing/nat,static-overview,07-static-overview,unknown,low,possibly-used,"[""book-mkdocs""]",afbbf4040acf7726a3cce1ccf7573e9fd7115bc946e499862652291608565cfd,replacement-candidate,B06,false
00_book/figures/gui/chapter-11/08-dynamic-form-zoom.png,ui.routing.nat.dynamic-form-detail,ui,unknown,canonical,documentation_assets/ui/legacy/routing/nat/dynamic-form-detail.png,dynamic-form-detail.png,false,false,true,,true,00_book/assets/ui/legacy/routing/nat/dynamic-form-detail.png,high,false,"Historical generator unknown; legacy placement is documentation role, not assertion of manual capture.",routing/nat,ui/legacy/routing/nat,dynamic-form-detail,Form Dynamic NAT Pool và ACL được liên kết.,unknown,low,used,"[""book-mkdocs"", ""book-typst""]",4fa8ec7d804919528c22686e658d88d485bbf9c08f69fff1af533513a640c015,replacement-candidate,B06,false
00_book/figures/gui/chapter-11/09-dynamic-overview.png,ui.routing.nat.dynamic-overview,ui,unknown,canonical,documentation_assets/ui/legacy/routing/nat/dynamic-overview.png,dynamic-overview.png,false,false,true,,true,00_book/assets/ui/legacy/routing/nat/dynamic-overview.png,high,false,"Historical generator unknown; legacy placement is documentation role, not assertion of manual capture.",routing/nat,ui/legacy/routing/nat,dynamic-overview,09-dynamic-overview,unknown,low,possibly-used,"[""book-mkdocs""]",298846c0cf9ae1b5d3611816be42aa6efe968b84d0538ad8cf6382e0fdc7b307,replacement-candidate,B06,false
00_book/figures/gui/chapter-11/10-pat-form-zoom.png,ui.routing.nat.pat-form-detail,ui,unknown,canonical,documentation_assets/ui/legacy/routing/nat/pat-form-detail.png,pat-form-detail.png,false,false,true,,true,00_book/assets/ui/legacy/routing/nat/pat-form-detail.png,high,false,"Historical generator unknown; legacy placement is documentation role, not assertion of manual capture.",routing/nat,ui/legacy/routing/nat,pat-form-detail,Form PAT dùng địa chỉ của Outside Interface.,unknown,low,used,"[""book-mkdocs"", ""book-typst""]",bd481f22f7e411405e42f1b7a1764695a28a88637b558a2a018096301f99a8be,replacement-candidate,B06,false
00_book/figures/gui/chapter-11/11-pat-overview.png,ui.routing.nat.pat-overview,ui,unknown,canonical,documentation_assets/ui/legacy/routing/nat/pat-overview.png,pat-overview.png,false,false,true,,true,00_book/assets/ui/legacy/routing/nat/pat-overview.png,high,false,"Historical generator unknown; legacy placement is documentation role, not assertion of manual capture.",routing/nat,ui/legacy/routing/nat,pat-overview,11-pat-overview,unknown,low,possibly-used,"[""book-mkdocs""]",e9ba0d5f0021205bd12246116b822a49e42b14f5f9c25d6aeeb808cae9c1da56,replacement-candidate,B06,false
00_book/figures/gui/chapter-11/12-route-map-form-zoom.png,ui.routing.nat.route-map-form-detail,ui,unknown,canonical,documentation_assets/ui/legacy/routing/nat/route-map-form-detail.png,route-map-form-detail.png,false,false,true,,true,00_book/assets/ui/legacy/routing/nat/route-map-form-detail.png,high,false,"Historical generator unknown; legacy placement is documentation role, not assertion of manual capture.",routing/nat,ui/legacy/routing/nat,route-map-form-detail,Form Route Map Entry với sequence 10 và NAT ACL.,unknown,low,used,"[""book-mkdocs"", ""book-typst""]",baefad2af9bdfa0f8d3d83dedd98b87254af4d9170bc0c62b28203b9ebc46a78,replacement-candidate,B06,false
00_book/figures/gui/chapter-11/13-route-map-overview.png,ui.routing.nat.route-map-overview,ui,unknown,canonical,documentation_assets/ui/legacy/routing/nat/route-map-overview.png,route-map-overview.png,false,false,true,,true,00_book/assets/ui/legacy/routing/nat/route-map-overview.png,high,false,"Historical generator unknown; legacy placement is documentation role, not assertion of manual capture.",routing/nat,ui/legacy/routing/nat,route-map-overview,13-route-map-overview,unknown,low,possibly-used,"[""book-mkdocs""]",7aa79faf4142dcff3f7678962d0ce1eb7a5b76d975df986e64cc5c800f64bf9e,replacement-candidate,B06,false
00_book/figures/gui/chapter-11/14-nat-view-push.png,ui.routing.nat.view-push,ui,unknown,canonical,documentation_assets/ui/legacy/routing/nat/view-push.png,view-push.png,false,false,true,,true,00_book/assets/ui/legacy/routing/nat/view-push.png,high,false,"Historical generator unknown; legacy placement is documentation role, not assertion of manual capture.",routing/nat,ui/legacy/routing/nat,view-push,"View & Push NAT tổng hợp interface role, ACL, Static, Dynamic, PAT và Route Map.",unknown,low,used,"[""book-mkdocs"", ""book-typst""]",57f7a4bb6177eb716b63d0bd15861bb750d484ede52ff99041c5ce435c5433b7,replacement-candidate,B06,false
00_book/figures/gui/chapter-12/01-sftp-connection-form.png,ui.transfer.sftp.connection-form,ui,unknown,canonical,documentation_assets/ui/legacy/transfer/sftp/connection-form.png,connection-form.png,false,false,true,,true,00_book/assets/ui/legacy/transfer/sftp/connection-form.png,high,false,"Historical generator unknown; legacy placement is documentation role, not assertion of manual capture.",transfer/sftp,ui/legacy/transfer/sftp,connection-form,Thông tin xác thực và trường Transfer mode của profile SFTP/SCP.,unknown,low,used,"[""book-mkdocs"", ""book-typst""]",9c55cfd14a7971abf99250d062b0ab902a871b6d86d66e47d2bd19d7fae0b017,replacement-candidate,B09,false
00_book/figures/gui/chapter-12/02-sftp-workspace-overview.png,ui.transfer.sftp.workspace-overview,ui,unknown,canonical,documentation_assets/ui/legacy/transfer/sftp/workspace-overview.png,workspace-overview.png,false,false,true,,true,00_book/assets/ui/legacy/transfer/sftp/workspace-overview.png,high,false,"Historical generator unknown; legacy placement is documentation role, not assertion of manual capture.",transfer/sftp,ui/legacy/transfer/sftp,workspace-overview,Tổng thể Workspace SFTP với hai panel và hàng đợi truyền tệp.,unknown,low,used,"[""book-mkdocs"", ""book-typst""]",ae918986fe845d6a950a2bdbc7a60e71f993fd72580d450c54df12669c561f3a,replacement-candidate,B09,false
00_book/figures/gui/chapter-12/03-sftp-connection-bar.png,ui.transfer.sftp.connection-bar,ui,unknown,canonical,documentation_assets/ui/legacy/transfer/sftp/connection-bar.png,connection-bar.png,false,false,true,,true,00_book/assets/ui/legacy/transfer/sftp/connection-bar.png,high,false,"Historical generator unknown; legacy placement is documentation role, not assertion of manual capture.",transfer/sftp,ui/legacy/transfer/sftp,connection-bar,Thanh kết nối nhanh có thêm lựa chọn Mode SFTP hoặc SCP.,unknown,low,used,"[""book-mkdocs"", ""book-typst""]",dc2f894c01f78d4463fad6c30ee2543d481021da2cdcdc11d928df919edea133,replacement-candidate,B09,false
00_book/figures/gui/chapter-12/04-sftp-local-files.png,ui.transfer.sftp.local-files,ui,unknown,canonical,documentation_assets/ui/legacy/transfer/sftp/local-files.png,local-files.png,false,false,true,,true,00_book/assets/ui/legacy/transfer/sftp/local-files.png,high,false,"Historical generator unknown; legacy placement is documentation role, not assertion of manual capture.",transfer/sftp,ui/legacy/transfer/sftp,local-files,04-sftp-local-files,unknown,low,possibly-used,"[""book-mkdocs""]",38e559b1d671cfed250e90bc7b19702ae3688c30ccce50ff1ee1027c9ad31770,replacement-candidate,B09,false
00_book/figures/gui/chapter-12/05-sftp-remote-files.png,ui.transfer.sftp.remote-files,ui,unknown,canonical,documentation_assets/ui/legacy/transfer/sftp/remote-files.png,remote-files.png,false,false,true,,true,00_book/assets/ui/legacy/transfer/sftp/remote-files.png,high,false,"Historical generator unknown; legacy placement is documentation role, not assertion of manual capture.",transfer/sftp,ui/legacy/transfer/sftp,remote-files,05-sftp-remote-files,unknown,low,possibly-used,"[""book-mkdocs""]",13962ec5e4f79da3be794f18ce99e837c2f5393b695c984c83a8cb5bc0c5a478,replacement-candidate,B09,false
00_book/figures/gui/chapter-12/06-sftp-transfer-queue.png,ui.transfer.sftp.transfer-queue,ui,unknown,canonical,documentation_assets/ui/legacy/transfer/sftp/transfer-queue.png,transfer-queue.png,false,false,true,,true,00_book/assets/ui/legacy/transfer/sftp/transfer-queue.png,high,false,"Historical generator unknown; legacy placement is documentation role, not assertion of manual capture.",transfer/sftp,ui/legacy/transfer/sftp,transfer-queue,"Tiến độ Upload, Download và trạng thái hoàn thành.",unknown,low,used,"[""book-mkdocs"", ""book-typst""]",95c37b1114d82f89144b94689cbc51f09cba7214b1afe4d18634ff2e5f4692d0,replacement-candidate,B09,false
00_book/figures/gui/chapter-12/07-sftp-host-key-confirmation.png,ui.transfer.sftp.host-key-confirmation,ui,unknown,canonical,documentation_assets/ui/legacy/transfer/sftp/host-key-confirmation.png,host-key-confirmation.png,false,false,true,,true,00_book/assets/ui/legacy/transfer/sftp/host-key-confirmation.png,high,false,"Historical generator unknown; legacy placement is documentation role, not assertion of manual capture.",transfer/sftp,ui/legacy/transfer/sftp,host-key-confirmation,Xác nhận fingerprint của SFTP server trước lần kết nối đầu tiên.,unknown,low,used,"[""book-mkdocs"", ""book-typst""]",88a5d8a1909a0946099726a2e6a7aaf1612bd49dae8717da64353d034765ff09,replacement-candidate,B09,false
00_book/figures/gui/chapter-12/08-sftp-connection-paths.png,ui.transfer.sftp.connection-paths,ui,unknown,canonical,documentation_assets/ui/legacy/transfer/sftp/connection-paths.png,connection-paths.png,false,false,true,,true,00_book/assets/ui/legacy/transfer/sftp/connection-paths.png,high,false,"Historical generator unknown; legacy placement is documentation role, not assertion of manual capture.",transfer/sftp,ui/legacy/transfer/sftp,connection-paths,Đường dẫn local và remote được mở sau khi kết nối.,unknown,low,used,"[""book-mkdocs"", ""book-typst""]",d494d8f2364ff1c690a1090db687823981a855018abbdff13b5cad5d534b1ae3,replacement-candidate,B09,false
00_book/figures/gui/chapter-12/09-scp-workspace.png,ui.transfer.scp.workspace,ui,unknown,canonical,documentation_assets/ui/legacy/transfer/scp/workspace.png,workspace.png,false,false,true,,true,00_book/assets/ui/legacy/transfer/scp/workspace.png,high,false,"Historical generator unknown; legacy placement is documentation role, not assertion of manual capture.",transfer/scp,ui/legacy/transfer/scp,workspace,Workspace SCP với đường dẫn remote nhập trực tiếp.,unknown,low,used,"[""book-mkdocs"", ""book-typst""]",e05ab05ea95d662f9ef0f41db7a00a39ef3f7f1e99ffcdd86c20c2b35a0d9f43,replacement-candidate,B09,false
00_book/figures/gui/chapter-12/10-sync-notifications.png,ui.transfer.snapshots.sync-notifications,ui,unknown,canonical,documentation_assets/ui/legacy/transfer/snapshots/sync-notifications.png,sync-notifications.png,false,false,true,,true,00_book/assets/ui/legacy/transfer/snapshots/sync-notifications.png,high,false,"Historical generator unknown; legacy placement is documentation role, not assertion of manual capture.",transfer/snapshots,ui/legacy/transfer/snapshots,sync-notifications,"Thông báo lần lượt khi lấy running-config, lưu snapshot và hoàn tất đồng bộ nền.",unknown,low,used,"[""book-mkdocs"", ""book-typst""]",2f5bef377ace7f3e995cebae215326d315b8da3c755233035ce2dd71894fe4d8,replacement-candidate,B09,false
00_book/figures/gui/chapter-12/11-running-config-history.png,ui.transfer.snapshots.running-config-history,ui,unknown,canonical,documentation_assets/ui/legacy/transfer/snapshots/running-config-history.png,running-config-history.png,false,false,true,,true,00_book/assets/ui/legacy/transfer/snapshots/running-config-history.png,high,false,"Historical generator unknown; legacy placement is documentation role, not assertion of manual capture.",transfer/snapshots,ui/legacy/transfer/snapshots,running-config-history,Snapshot mới nhất và danh sách các phiên bản running-config.,unknown,low,used,"[""book-mkdocs"", ""book-typst""]",ccfde9059620f47c32c6627b20f1a6940853c4db04965b6f2e985bbea3dbb2f2,replacement-candidate,B09,false
00_book/figures/gui/chapter-12/12-running-config-diff.png,ui.transfer.snapshots.running-config-diff,ui,unknown,canonical,documentation_assets/ui/legacy/transfer/snapshots/running-config-diff.png,running-config-diff.png,false,false,true,,true,00_book/assets/ui/legacy/transfer/snapshots/running-config-diff.png,high,false,"Historical generator unknown; legacy placement is documentation role, not assertion of manual capture.",transfer/snapshots,ui/legacy/transfer/snapshots,running-config-diff,Diff giữa hai phiên bản với số dòng thêm và xóa.,unknown,low,used,"[""book-mkdocs"", ""book-typst"", ""report-typst""]",98b1064a3c3262d8053914bbf329c7ab772536467aef2ed87f9be9645ef3daee,replacement-candidate,B09,false
00_book/figures/gui/chapter-13/01-system-logs-overview.png,ui.system-logs.overview,ui,unknown,canonical,documentation_assets/ui/legacy/system-logs/overview.png,overview.png,false,false,true,,true,00_book/assets/ui/legacy/system-logs/overview.png,high,false,"Historical generator unknown; legacy placement is documentation role, not assertion of manual capture.",system-logs,ui/legacy/system-logs,overview,Tổng thể System Logs với đủ tám mức severity từ 0 đến 7.,unknown,low,used,"[""book-mkdocs"", ""book-typst"", ""report-typst""]",7aad4c0b82115780bd325b98846e5a6f6f8cf5a2cf35fcffe9802436c8fedc44,replacement-candidate,B10,false
00_book/figures/gui/chapter-13/02-listener-status.png,ui.system-logs.listener-status,ui,unknown,canonical,documentation_assets/ui/legacy/system-logs/listener-status.png,listener-status.png,false,false,true,,true,00_book/assets/ui/legacy/system-logs/listener-status.png,high,false,"Historical generator unknown; legacy placement is documentation role, not assertion of manual capture.",system-logs,ui/legacy/system-logs,listener-status,Listener đang nhận Syslog qua UDP và TCP.,unknown,low,used,"[""book-mkdocs"", ""book-typst""]",971289795b5b5438e3ee32a6a46f7e2a3867cc63fe999eada3211c52433a4e6f,replacement-candidate,B10,false
00_book/figures/gui/chapter-13/03-log-filter-bar.png,ui.system-logs.filter-bar,ui,unknown,canonical,documentation_assets/ui/legacy/system-logs/filter-bar.png,filter-bar.png,false,false,true,,true,00_book/assets/ui/legacy/system-logs/filter-bar.png,high,false,"Historical generator unknown; legacy placement is documentation role, not assertion of manual capture.",system-logs,ui/legacy/system-logs,filter-bar,Các điều kiện lọc nhanh trước khi đọc hoặc xuất log.,unknown,low,used,"[""book-mkdocs"", ""book-typst""]",0e8a5faed5aa396d684d78a56f603f2126316037430e3efae8f4a63056655243,replacement-candidate,B10,false
00_book/figures/gui/chapter-13/04-severity-levels.png,ui.system-logs.severity-levels,ui,unknown,canonical,documentation_assets/ui/legacy/system-logs/severity-levels.png,severity-levels.png,false,false,true,,true,00_book/assets/ui/legacy/system-logs/severity-levels.png,high,false,"Historical generator unknown; legacy placement is documentation role, not assertion of manual capture.",system-logs,ui/legacy/system-logs,severity-levels,Bộ lọc cho phép chọn chính xác từng mức severity 0–7.,unknown,low,used,"[""book-mkdocs"", ""book-typst""]",a1cca606a6b41a0af2c0d1c7d9433958a49214ffcbdf714cee7b7342fdede644,replacement-candidate,B10,false
00_book/figures/gui/chapter-13/05-critical-filter-result.png,ui.system-logs.critical-filter-result,ui,unknown,canonical,documentation_assets/ui/legacy/system-logs/critical-filter-result.png,critical-filter-result.png,false,false,true,,true,00_book/assets/ui/legacy/system-logs/critical-filter-result.png,high,false,"Historical generator unknown; legacy placement is documentation role, not assertion of manual capture.",system-logs,ui/legacy/system-logs,critical-filter-result,"Kết quả khi lọc đồng thời bốn mức nghiêm trọng 0, 1, 2 và 3.",unknown,low,used,"[""book-mkdocs"", ""book-typst"", ""report-typst""]",3af5f3a82cf14ed45d6f674e73e9f94c38545a76945fd9ca3400ad937e0a0454,replacement-candidate,B10,false
00_book/figures/gui/chapter-13/06-smart-filter-builder.png,ui.system-logs.smart-filter-builder,ui,unknown,canonical,documentation_assets/ui/legacy/system-logs/smart-filter-builder.png,smart-filter-builder.png,false,false,true,,true,00_book/assets/ui/legacy/system-logs/smart-filter-builder.png,high,false,"Historical generator unknown; legacy placement is documentation role, not assertion of manual capture.",system-logs,ui/legacy/system-logs,smart-filter-builder,"Smart Filter kết hợp host, severity, facility, mnemonic và thời gian.",unknown,low,used,"[""book-mkdocs"", ""book-typst""]",665b32e0c820cbfa3fc3aedcdf5b4f8dcb85da53ff633f3f89e643faf8eba4d5,replacement-candidate,B10,false
00_book/figures/gui/chapter-13/07-log-message-details.png,ui.system-logs.message-details,ui,unknown,canonical,documentation_assets/ui/legacy/system-logs/message-details.png,message-details.png,false,false,true,,true,00_book/assets/ui/legacy/system-logs/message-details.png,high,false,"Historical generator unknown; legacy placement is documentation role, not assertion of manual capture.",system-logs,ui/legacy/system-logs,message-details,Thông tin đã phân tích và raw message của một sự kiện Cisco.,unknown,low,used,"[""book-mkdocs"", ""book-typst""]",1e4ac6e63479e22bbdbfe154d76279945b0a91c9d8f041c832e69d70d0b23926,replacement-candidate,B10,false
00_book/figures/gui/chapter-14/01-switch-ports-overview.png,ui.switching.interfaces-l2.overview,ui,unknown,canonical,documentation_assets/ui/legacy/switching/interfaces-l2/overview.png,overview.png,false,false,true,,true,00_book/assets/ui/legacy/switching/interfaces-l2/overview.png,high,false,"Historical generator unknown; legacy placement is documentation role, not assertion of manual capture.",switching/interfaces-l2,ui/legacy/switching/interfaces-l2,overview,Tổng thể Switch Ports với hai Access Port và hai Trunk Port.,unknown,low,used,"[""book-mkdocs"", ""book-typst""]",ee9c060c5627f5efd574324714294e05f350eba73176061798988fab2ccb4822,replacement-candidate,B07,false
00_book/figures/gui/chapter-14/02-access-port-form.png,ui.switching.interfaces-l2.access-port-form,ui,unknown,canonical,documentation_assets/ui/legacy/switching/interfaces-l2/access-port-form.png,access-port-form.png,false,false,true,,true,00_book/assets/ui/legacy/switching/interfaces-l2/access-port-form.png,high,false,"Historical generator unknown; legacy placement is documentation role, not assertion of manual capture.",switching/interfaces-l2,ui/legacy/switching/interfaces-l2,access-port-form,Form Access Port với VLAN dữ liệu và Voice VLAN.,unknown,low,used,"[""book-mkdocs"", ""book-typst""]",d8af8a6d546913cc1c332aed53b9fad022a68476feacee416f09f5ca401a0a4a,replacement-candidate,B07,false
00_book/figures/gui/chapter-14/03-access-loop-protection.png,ui.switching.interfaces-l2.access-loop-protection,ui,unknown,canonical,documentation_assets/ui/legacy/switching/interfaces-l2/access-loop-protection.png,access-loop-protection.png,false,false,true,,true,00_book/assets/ui/legacy/switching/interfaces-l2/access-loop-protection.png,high,false,"Historical generator unknown; legacy placement is documentation role, not assertion of manual capture.",switching/interfaces-l2,ui/legacy/switching/interfaces-l2,access-loop-protection,PortFast và BPDU Guard trên port nối thiết bị đầu cuối.,unknown,low,used,"[""book-mkdocs"", ""book-typst""]",c3cfc6239a4610a417849460c1b0b4976b1e50d5a359edee95ebfc58c13a60fa,replacement-candidate,B07,false
00_book/figures/gui/chapter-14/04-trunk-port-form.png,ui.switching.interfaces-l2.trunk-port-form,ui,unknown,canonical,documentation_assets/ui/legacy/switching/interfaces-l2/trunk-port-form.png,trunk-port-form.png,false,false,true,,true,00_book/assets/ui/legacy/switching/interfaces-l2/trunk-port-form.png,high,false,"Historical generator unknown; legacy placement is documentation role, not assertion of manual capture.",switching/interfaces-l2,ui/legacy/switching/interfaces-l2,trunk-port-form,Form Trunk với danh sách VLAN được phép đi qua liên kết.,unknown,low,used,"[""book-mkdocs"", ""book-typst""]",7d7a9f9dcd06102e8f754432257f27ce9cf9f48d50acb7ec55e149a057b86c19,replacement-candidate,B07,false
00_book/figures/gui/chapter-14/05-trunk-loop-protection.png,ui.switching.interfaces-l2.trunk-loop-protection,ui,unknown,canonical,documentation_assets/ui/legacy/switching/interfaces-l2/trunk-loop-protection.png,trunk-loop-protection.png,false,false,true,,true,00_book/assets/ui/legacy/switching/interfaces-l2/trunk-loop-protection.png,high,false,"Historical generator unknown; legacy placement is documentation role, not assertion of manual capture.",switching/interfaces-l2,ui/legacy/switching/interfaces-l2,trunk-loop-protection,Root Guard trên một uplink cần ngăn superior root.,unknown,low,used,"[""book-mkdocs"", ""book-typst""]",934cbe5a165ae84eb3c50c6b383aae9470637587a84279c692ed03293dece1d5,replacement-candidate,B07,false
00_book/figures/gui/chapter-14/06-interfaces-view-push.png,ui.switching.interfaces-l2.view-push,ui,unknown,canonical,documentation_assets/ui/legacy/switching/interfaces-l2/view-push.png,view-push.png,false,false,true,,true,00_book/assets/ui/legacy/switching/interfaces-l2/view-push.png,high,false,"Historical generator unknown; legacy placement is documentation role, not assertion of manual capture.",switching/interfaces-l2,ui/legacy/switching/interfaces-l2,view-push,Preview riêng của Interfaces trước khi áp dụng lên SW2.,unknown,low,used,"[""book-mkdocs"", ""book-typst""]",528c00145cb9a1cc009cab42f1eb48add115a6beb3281f37f7e4dd71062c750a,replacement-candidate,B07,false
00_book/figures/gui/chapter-15/01-vlan-form.png,ui.switching.vlan.form,ui,unknown,canonical,documentation_assets/ui/legacy/switching/vlan/form.png,form.png,false,false,true,,true,00_book/assets/ui/legacy/switching/vlan/form.png,high,false,"Historical generator unknown; legacy placement is documentation role, not assertion of manual capture.",switching/vlan,ui/legacy/switching/vlan,form,Form VLAN ID 10 dành cho người dùng.,unknown,low,used,"[""book-mkdocs"", ""book-typst""]",62b08fedbcc42246e6152d1cb25777d6a794f9457e7ca6317756599c11e31c4a,replacement-candidate,B07,false
00_book/figures/gui/chapter-15/02-vlan-overview.png,ui.switching.vlan.overview,ui,unknown,canonical,documentation_assets/ui/legacy/switching/vlan/overview.png,overview.png,false,false,true,,true,00_book/assets/ui/legacy/switching/vlan/overview.png,high,false,"Historical generator unknown; legacy placement is documentation role, not assertion of manual capture.",switching/vlan,ui/legacy/switching/vlan,overview,02-vlan-overview,unknown,low,possibly-used,"[""book-mkdocs""]",b381146e88fa99867d9f2577a43396e27710d519dde932f429618aab445bd7f5,replacement-candidate,B07,false
00_book/figures/gui/chapter-15/03-vlan-view-push.png,ui.switching.vlan.view-push-users,ui,unknown,canonical,documentation_assets/ui/legacy/switching/vlan/view-push-users.png,view-push-users.png,false,false,true,,true,00_book/assets/ui/legacy/switching/vlan/view-push-users.png,high,false,"Historical generator unknown; legacy placement is documentation role, not assertion of manual capture.",switching/vlan,ui/legacy/switching/vlan,view-push-users,"Preview tạo VLAN 10, đặt tên Users và trạng thái active.",unknown,low,used,"[""book-mkdocs"", ""book-typst""]",f225b6528b1d29ed4a56e64547623a5d5de0854e6909365133fb8bc7e953a6df,replacement-candidate,B07,false
00_book/figures/gui/chapter-15/04-etherchannel-form.png,ui.switching.etherchannel.form,ui,unknown,canonical,documentation_assets/ui/legacy/switching/etherchannel/form.png,form.png,false,false,true,,true,00_book/assets/ui/legacy/switching/etherchannel/form.png,high,false,"Historical generator unknown; legacy placement is documentation role, not assertion of manual capture.",switching/etherchannel,ui/legacy/switching/etherchannel,form,Port-channel10 dùng LACP active với hai member uplink.,unknown,low,used,"[""book-mkdocs"", ""book-typst""]",942c45f7fd1af0d8c7cf0a9fb78cc0f7f3563048e509f7f3946ea1a2f34fc23b,replacement-candidate,B07,false
00_book/figures/gui/chapter-15/05-quick-etherchannel.png,ui.switching.etherchannel.quick-link,ui,unknown,canonical,documentation_assets/ui/legacy/switching/etherchannel/quick-link.png,quick-link.png,false,false,true,,true,00_book/assets/ui/legacy/switching/etherchannel/quick-link.png,high,false,"Historical generator unknown; legacy placement is documentation role, not assertion of manual capture.",switching/etherchannel,ui/legacy/switching/etherchannel,quick-link,"Chọn member local, số Port-channel và giao thức.",unknown,low,used,"[""book-mkdocs"", ""book-typst""]",614ddce2d8885a3c91ad522238a04dd9cc6cdf75a25940fbf48da5c50e002a84,replacement-candidate,B07,false
00_book/figures/gui/chapter-15/06-etherchannel-view-push.png,ui.switching.etherchannel.view-push,ui,unknown,canonical,documentation_assets/ui/legacy/switching/etherchannel/view-push.png,view-push.png,false,false,true,,true,00_book/assets/ui/legacy/switching/etherchannel/view-push.png,high,false,"Historical generator unknown; legacy placement is documentation role, not assertion of manual capture.",switching/etherchannel,ui/legacy/switching/etherchannel,view-push,View & Push EtherChannel gồm Port-channel và từng member interface.,unknown,low,used,"[""book-mkdocs"", ""book-typst""]",a0870e791020ff5edf0f53660b84f2823a56a5e2584d21f8b2cbf7636d1c7bd4,replacement-candidate,B07,false
00_book/figures/gui/chapter-15/07-stp-form.png,ui.switching.stp.form,ui,unknown,canonical,documentation_assets/ui/legacy/switching/stp/form.png,form.png,false,false,true,,true,00_book/assets/ui/legacy/switching/stp/form.png,high,false,"Historical generator unknown; legacy placement is documentation role, not assertion of manual capture.",switching/stp,ui/legacy/switching/stp,form,Rapid-PVST và vai trò Root Primary cho VLAN 10.,unknown,low,used,"[""book-mkdocs"", ""book-typst""]",5ad68bed64e8d932f4966a1cc7896c56f00e80300fcbb98ea2d8404983c0d1c4,replacement-candidate,B07,false
00_book/figures/gui/chapter-15/08-stp-view-push.png,ui.switching.stp.view-push,ui,unknown,canonical,documentation_assets/ui/legacy/switching/stp/view-push.png,view-push.png,false,false,true,,true,00_book/assets/ui/legacy/switching/stp/view-push.png,high,false,"Historical generator unknown; legacy placement is documentation role, not assertion of manual capture.",switching/stp,ui/legacy/switching/stp,view-push,View & Push STP với policy riêng cho VLAN 10 và VLAN 20.,unknown,low,used,"[""book-mkdocs"", ""book-typst""]",121aeff8b04645cf6267d3bf92e6dcb548bd616b20db645f820d0aee10bdb330,replacement-candidate,B07,false
00_book/figures/gui/chapter-15/09-vtp-group-top.png,ui.switching.vtp.group-top,ui,unknown,canonical,documentation_assets/ui/legacy/switching/vtp/group-top.png,group-top.png,false,false,true,,true,00_book/assets/ui/legacy/switching/vtp/group-top.png,high,false,"Historical generator unknown; legacy placement is documentation role, not assertion of manual capture.",switching/vtp,ui/legacy/switching/vtp,group-top,"Domain CAMPUS, phiên bản 2 và hai switch tham gia.",unknown,low,used,"[""book-mkdocs"", ""book-typst""]",467bcec49ffde478b34fc916594e7a94d3c43af8718f4a5aa332f49c489de1b1,replacement-candidate,B07,false
00_book/figures/gui/chapter-15/10-vtp-member-policy.png,ui.switching.vtp.member-policy,ui,unknown,canonical,documentation_assets/ui/legacy/switching/vtp/member-policy.png,member-policy.png,false,false,true,,true,00_book/assets/ui/legacy/switching/vtp/member-policy.png,high,false,"Historical generator unknown; legacy placement is documentation role, not assertion of manual capture.",switching/vtp,ui/legacy/switching/vtp,member-policy,"Member policy với SW1 Server, SW3 Client và Pruning.",unknown,low,used,"[""book-mkdocs"", ""book-typst""]",ec69d8fba81b3d0cd22e9fb8d3721658d173bf2c43ee092fb03e3ec7ae4647b3,replacement-candidate,B07,false
00_book/figures/gui/chapter-15/11-vtp-view-push.png,ui.switching.vtp.view-push,ui,unknown,canonical,documentation_assets/ui/legacy/switching/vtp/view-push.png,view-push.png,false,false,true,,true,00_book/assets/ui/legacy/switching/vtp/view-push.png,high,false,"Historical generator unknown; legacy placement is documentation role, not assertion of manual capture.",switching/vtp,ui/legacy/switching/vtp,view-push,View & Push VTP tổng hợp preview riêng cho từng member.,unknown,low,used,"[""book-mkdocs"", ""book-typst""]",6a1a22d6318c29312e2456dbcb5f9b5c79f9ab3726e2cb1034a0fb91924863b2,replacement-candidate,B07,false
00_book/figures/gui/chapter-15/12-quick-etherchannel-peer.png,ui.switching.etherchannel.quick-link-peer,ui,unknown,canonical,documentation_assets/ui/legacy/switching/etherchannel/quick-link-peer.png,quick-link-peer.png,false,false,true,,true,00_book/assets/ui/legacy/switching/etherchannel/quick-link-peer.png,high,false,"Historical generator unknown; legacy placement is documentation role, not assertion of manual capture.",switching/etherchannel,ui/legacy/switching/etherchannel,quick-link-peer,Chọn switch peer và cổng nối đúng với local port.,unknown,low,used,"[""book-mkdocs"", ""book-typst""]",7f6a2cd987d280ce4bac9a25ef03cff6f6075dd50935c3fc702adffcef7d3c9c,replacement-candidate,B07,false
00_book/figures/gui/chapter-15/13-quick-etherchannel-link-mode.png,ui.switching.etherchannel.quick-link-link-mode,ui,unknown,canonical,documentation_assets/ui/legacy/switching/etherchannel/quick-link-link-mode.png,quick-link-link-mode.png,false,false,true,,true,00_book/assets/ui/legacy/switching/etherchannel/quick-link-link-mode.png,high,false,"Historical generator unknown; legacy placement is documentation role, not assertion of manual capture.",switching/etherchannel,ui/legacy/switching/etherchannel,quick-link-link-mode,Đặt cùng Switchport mode và VLAN cho cả hai đầu.,unknown,low,used,"[""book-mkdocs"", ""book-typst""]",73ade767a40f219cd2591db2877759131f3690a5164321c142327a189027047c,replacement-candidate,B07,false
00_book/figures/gui/chapter-16/01-vlan-protection.png,ui.switching.security.vlan-protection,ui,unknown,canonical,documentation_assets/ui/legacy/switching/security/vlan-protection.png,vlan-protection.png,false,false,true,,true,00_book/assets/ui/legacy/switching/security/vlan-protection.png,high,false,"Historical generator unknown; legacy placement is documentation role, not assertion of manual capture.",switching/security,ui/legacy/switching/security,vlan-protection,DHCP Snooping và Dynamic ARP Inspection theo từng VLAN.,unknown,low,used,"[""book-mkdocs"", ""book-typst""]",08055981a5058e6cc64d0f72b0a6674fdb3cd5c0403f6a9a31baf2e8b4c756d7,replacement-candidate,B08,false
00_book/figures/gui/chapter-16/02-trusted-uplinks.png,ui.switching.security.trusted-uplinks,ui,unknown,canonical,documentation_assets/ui/legacy/switching/security/trusted-uplinks.png,trusted-uplinks.png,false,false,true,,true,00_book/assets/ui/legacy/switching/security/trusted-uplinks.png,high,false,"Historical generator unknown; legacy placement is documentation role, not assertion of manual capture.",switching/security,ui/legacy/switching/security,trusted-uplinks,Danh sách uplink tin cậy và form chọn Layer 2 interface.,unknown,low,used,"[""book-mkdocs"", ""book-typst""]",ee45d6bf7df83ed73ee8f8f9736272d0a4e5a040b9b0f12fd7c6e01abd209b24,replacement-candidate,B08,false
00_book/figures/gui/chapter-16/03-static-mac-form.png,ui.switching.security.static-mac-form,ui,unknown,canonical,documentation_assets/ui/legacy/switching/security/static-mac-form.png,static-mac-form.png,false,false,true,,true,00_book/assets/ui/legacy/switching/security/static-mac-form.png,high,false,"Historical generator unknown; legacy placement is documentation role, not assertion of manual capture.",switching/security,ui/legacy/switching/security,static-mac-form,Binding cố định MAC–VLAN–Interface cho một thiết bị.,unknown,low,used,"[""book-mkdocs"", ""book-typst""]",91810f4d8405dc6507cff1225e9f709cd117f596349abd01ba928f08f6b55596,replacement-candidate,B08,false
00_book/figures/gui/chapter-16/04-l2-security-view-push.png,ui.switching.security.view-push,ui,unknown,canonical,documentation_assets/ui/legacy/switching/security/view-push.png,view-push.png,false,false,true,,true,00_book/assets/ui/legacy/switching/security/view-push.png,high,false,"Historical generator unknown; legacy placement is documentation role, not assertion of manual capture.",switching/security,ui/legacy/switching/security,view-push,"Preview Snooping, DAI, trust port và Static MAC.",unknown,low,used,"[""book-mkdocs"", ""book-typst"", ""report-typst""]",1365ebb5ce66547a679f1bf353f3e2c29021b632faea0731969afbe5d39d3d01,replacement-candidate,B08,false
00_book/figures/gui/chapter-16/05-port-security-form.png,ui.switching.security.port-security-form,ui,unknown,canonical,documentation_assets/ui/legacy/switching/security/port-security-form.png,port-security-form.png,false,false,true,,true,00_book/assets/ui/legacy/switching/security/port-security-form.png,high,false,"Historical generator unknown; legacy placement is documentation role, not assertion of manual capture.",switching/security,ui/legacy/switching/security,port-security-form,Port Security cho GigabitEthernet0/1.,unknown,low,used,"[""book-mkdocs"", ""book-typst""]",8136393fa2e89d817449aa17c9d2b4796ae556c28b564f924679fe45f73d73f3,replacement-candidate,B08,false
00_book/figures/gui/chapter-16/07-port-security-view-push.png,ui.switching.security.port-security-view-push,ui,unknown,canonical,documentation_assets/ui/legacy/switching/security/port-security-view-push.png,port-security-view-push.png,false,false,true,,true,00_book/assets/ui/legacy/switching/security/port-security-view-push.png,high,false,"Historical generator unknown; legacy placement is documentation role, not assertion of manual capture.",switching/security,ui/legacy/switching/security,port-security-view-push,Preview PORT\_SECURITY cho một access port.,unknown,low,used,"[""book-mkdocs"", ""book-typst""]",52dd47fc6484f3d4c6c45b10eefec52b642c10428f01213cc78e4127b2321e54,replacement-candidate,B08,false
00_book/figures/gui/chapter-17/01-port-counters.png,ui.switching.monitoring.port-counters,ui,unknown,canonical,documentation_assets/ui/legacy/switching/monitoring/port-counters.png,port-counters.png,false,false,true,,true,00_book/assets/ui/legacy/switching/monitoring/port-counters.png,high,false,"Historical generator unknown; legacy placement is documentation role, not assertion of manual capture.",switching/monitoring,ui/legacy/switching/monitoring,port-counters,"Lưu lượng, lỗi, discard và lần link flap gần nhất theo port.",unknown,low,used,"[""book-mkdocs"", ""book-typst""]",2ac571be779a5c38669e5921f7b8143c2a56b7bb8213356ba6925b5a0a35f30c,replacement-candidate,B07,false
00_book/figures/gui/chapter-17/02-mac-address-table.png,ui.switching.monitoring.mac-address-table,ui,unknown,canonical,documentation_assets/ui/legacy/switching/monitoring/mac-address-table.png,mac-address-table.png,false,false,true,,true,00_book/assets/ui/legacy/switching/monitoring/mac-address-table.png,high,false,"Historical generator unknown; legacy placement is documentation role, not assertion of manual capture.",switching/monitoring,ui/legacy/switching/monitoring,mac-address-table,"Địa chỉ MAC đã học theo VLAN, interface và loại entry.",unknown,low,used,"[""book-mkdocs"", ""book-typst""]",289db01405922fbd58c774c5b70918c70c075bb2a3fbc5757fed6c7d8dc5ada9,replacement-candidate,B07,false
00_book/figures/gui/chapter-18/01-routed-port-form.png,ui.switching.interfaces-l3.routed-port-form,ui,unknown,canonical,documentation_assets/ui/legacy/switching/interfaces-l3/routed-port-form.png,routed-port-form.png,false,false,true,,true,00_book/assets/ui/legacy/switching/interfaces-l3/routed-port-form.png,high,false,"Historical generator unknown; legacy placement is documentation role, not assertion of manual capture.",switching/interfaces-l3,ui/legacy/switching/interfaces-l3,routed-port-form,Các trường mode và trạng thái liên kết của Routed Port.,unknown,low,used,"[""book-mkdocs"", ""book-typst""]",00c0952ae5375c2051fd7acf4532cb0aaec58bb37f16d2c64350835b54edae48,replacement-candidate,B07,false
00_book/figures/gui/chapter-18/02-routed-ports-overview.png,ui.switching.interfaces-l3.routed-ports-overview,ui,unknown,canonical,documentation_assets/ui/legacy/switching/interfaces-l3/routed-ports-overview.png,routed-ports-overview.png,false,false,true,,true,00_book/assets/ui/legacy/switching/interfaces-l3/routed-ports-overview.png,high,false,"Historical generator unknown; legacy placement is documentation role, not assertion of manual capture.",switching/interfaces-l3,ui/legacy/switching/interfaces-l3,routed-ports-overview,02-routed-ports-overview,unknown,low,possibly-used,"[""book-mkdocs""]",f3d43b41cd0f06b91366258299e1e99da1afc5c113e78e6aaffdb9fef8d6b1a8,replacement-candidate,B07,false
00_book/figures/gui/chapter-18/03-interfaces-view-push-routed.png,ui.switching.interfaces-l3.interfaces-view-push-routed,ui,unknown,canonical,documentation_assets/ui/legacy/switching/interfaces-l3/interfaces-view-push-routed.png,interfaces-view-push-routed.png,false,false,true,,true,00_book/assets/ui/legacy/switching/interfaces-l3/interfaces-view-push-routed.png,high,false,"Historical generator unknown; legacy placement is documentation role, not assertion of manual capture.",switching/interfaces-l3,ui/legacy/switching/interfaces-l3,interfaces-view-push-routed,Preview Interfaces có lệnh chuyển GigabitEthernet0/1 thành routed port.,unknown,low,used,"[""book-mkdocs"", ""book-typst""]",3df8cac43797c64df368b4c0c607e1895fbbd7ddf26848b65b286d407b1eef37,replacement-candidate,B07,false
00_book/figures/gui/chapter-18/04-svi-form.png,ui.switching.interfaces-l3.svi-form,ui,unknown,canonical,documentation_assets/ui/legacy/switching/interfaces-l3/svi-form.png,svi-form.png,false,false,true,,true,00_book/assets/ui/legacy/switching/interfaces-l3/svi-form.png,high,false,"Historical generator unknown; legacy placement is documentation role, not assertion of manual capture.",switching/interfaces-l3,ui/legacy/switching/interfaces-l3,svi-form,"Form SVI với VLAN ID, địa chỉ gateway, subnet mask và trạng thái quản trị.",unknown,low,used,"[""book-mkdocs"", ""book-typst""]",608bbe7541bc2b14d91254f15519aced5ea724cf312240e724ed8a23fcbda706,replacement-candidate,B07,false
00_book/figures/gui/chapter-18/05-svi-overview-ip-routing.png,ui.switching.interfaces-l3.svi-overview-ip-routing,ui,unknown,canonical,documentation_assets/ui/legacy/switching/interfaces-l3/svi-overview-ip-routing.png,svi-overview-ip-routing.png,false,false,true,,true,00_book/assets/ui/legacy/switching/interfaces-l3/svi-overview-ip-routing.png,high,false,"Historical generator unknown; legacy placement is documentation role, not assertion of manual capture.",switching/interfaces-l3,ui/legacy/switching/interfaces-l3,svi-overview-ip-routing,Ba SVI đã có địa chỉ và trạng thái IP Routing đang On.,unknown,low,used,"[""book-mkdocs"", ""book-typst""]",3163df212bbed606b3b0f96a4cceacaae1521846f4776ddd5ccf0e265692daca,replacement-candidate,B07,false
00_book/figures/gui/chapter-18/06-svi-view-push.png,ui.switching.interfaces-l3.svi-view-push,ui,unknown,canonical,documentation_assets/ui/legacy/switching/interfaces-l3/svi-view-push.png,svi-view-push.png,false,false,true,,true,00_book/assets/ui/legacy/switching/interfaces-l3/svi-view-push.png,high,false,"Historical generator unknown; legacy placement is documentation role, not assertion of manual capture.",switching/interfaces-l3,ui/legacy/switching/interfaces-l3,svi-view-push,"Preview riêng của SVI gồm #raw(""ip routing"") và từng #raw(""interface Vlan"").",unknown,low,used,"[""book-mkdocs"", ""book-typst""]",b674498b75f4aa2838a53046939bf85cb02d4cb5e6ca56d965401f44bed02d40,replacement-candidate,B07,false
00_book/figures/gui/chapter-19/01-dhcp-pool-form.png,ui.switching.dhcp.pool-form,ui,unknown,canonical,documentation_assets/ui/legacy/switching/dhcp/pool-form.png,pool-form.png,false,false,true,,true,00_book/assets/ui/legacy/switching/dhcp/pool-form.png,high,false,"Historical generator unknown; legacy placement is documentation role, not assertion of manual capture.",switching/dhcp,ui/legacy/switching/dhcp,pool-form,Các tham số DHCP Pool cho VLAN 10.,unknown,low,used,"[""book-mkdocs"", ""book-typst""]",77ff69b42cfaad25d1309f34c7dca5ba530b59b6e36256a43d2144bfe7964e51,replacement-candidate,B07,false
00_book/figures/gui/chapter-19/02-dhcp-server-overview.png,ui.switching.dhcp.server-overview,ui,unknown,canonical,documentation_assets/ui/legacy/switching/dhcp/server-overview.png,server-overview.png,false,false,true,,true,00_book/assets/ui/legacy/switching/dhcp/server-overview.png,high,false,"Historical generator unknown; legacy placement is documentation role, not assertion of manual capture.",switching/dhcp,ui/legacy/switching/dhcp,server-overview,02-dhcp-server-overview,unknown,low,possibly-used,"[""book-mkdocs""]",87819b297a88d60d364fa8154692d2f4bb4b3af92395869cd5cf5754b132083a,replacement-candidate,B07,false
00_book/figures/gui/chapter-19/03-dhcp-server-view-push.png,ui.switching.dhcp.server-view-push,ui,unknown,canonical,documentation_assets/ui/legacy/switching/dhcp/server-view-push.png,server-view-push.png,false,false,true,,true,00_book/assets/ui/legacy/switching/dhcp/server-view-push.png,high,false,"Historical generator unknown; legacy placement is documentation role, not assertion of manual capture.",switching/dhcp,ui/legacy/switching/dhcp,server-view-push,Preview chỉ gồm Excluded Address và hai DHCP Pool của SW3.,unknown,low,used,"[""book-mkdocs"", ""book-typst""]",383298790e2b2384d6268079de27b915b7d139ab2228591464748266cbc0b469,replacement-candidate,B07,false
00_book/figures/gui/chapter-19/04-dhcp-relay-form.png,ui.switching.dhcp.relay-form,ui,unknown,canonical,documentation_assets/ui/legacy/switching/dhcp/relay-form.png,relay-form.png,false,false,true,,true,00_book/assets/ui/legacy/switching/dhcp/relay-form.png,high,false,"Historical generator unknown; legacy placement is documentation role, not assertion of manual capture.",switching/dhcp,ui/legacy/switching/dhcp,relay-form,Helper Address trên SVI Vlan99 trỏ tới DHCP server 192.0.2.50.,unknown,low,used,"[""book-mkdocs"", ""book-typst""]",1ef568cec41217727e17e4ab7790ab81626609e8d5fdd737a90c750ab533d75f,replacement-candidate,B07,false
00_book/figures/gui/chapter-19/05-dhcp-relay-view-push.png,ui.switching.dhcp.relay-view-push,ui,unknown,canonical,documentation_assets/ui/legacy/switching/dhcp/relay-view-push.png,relay-view-push.png,false,false,true,,true,00_book/assets/ui/legacy/switching/dhcp/relay-view-push.png,high,false,"Historical generator unknown; legacy placement is documentation role, not assertion of manual capture.",switching/dhcp,ui/legacy/switching/dhcp,relay-view-push,"Preview riêng của DHCP Relay với #raw(""ip helper-address"") dưới Vlan99.",unknown,low,used,"[""book-mkdocs"", ""book-typst""]",83f237120029d3266c4eaebde7250df405f7f3e0cd336ff2b768ae523704d65f,replacement-candidate,B07,false
00_book/figures/gui/chapter-19/06-acl-extended-form.png,ui.switching.acl.extended-form,ui,unknown,canonical,documentation_assets/ui/legacy/switching/acl/extended-form.png,extended-form.png,false,false,true,,true,00_book/assets/ui/legacy/switching/acl/extended-form.png,high,false,"Historical generator unknown; legacy placement is documentation role, not assertion of manual capture.",switching/acl,ui/legacy/switching/acl,extended-form,Form Extended ACL USERS\_TO\_SERVERS và Rule Builder.,unknown,low,used,"[""book-mkdocs"", ""book-typst""]",7e1632315b0e4e4a57875fe5d7e945e9e8576522109db47e46957393c89a322e,replacement-candidate,B07,false
00_book/figures/gui/chapter-19/07-acl-bindings.png,ui.switching.acl.bindings,ui,unknown,canonical,documentation_assets/ui/legacy/switching/acl/bindings.png,bindings.png,false,false,true,,true,00_book/assets/ui/legacy/switching/acl/bindings.png,high,false,"Historical generator unknown; legacy placement is documentation role, not assertion of manual capture.",switching/acl,ui/legacy/switching/acl,bindings,ACL USERS\_TO\_SERVERS được gắn chiều IN trên Vlan10.,unknown,low,used,"[""book-mkdocs"", ""book-typst""]",56c41fcac5c3fdbd48f9494b784725b0f378c68395b1291ff0c0580e6a3001ae,replacement-candidate,B07,false
00_book/figures/gui/chapter-19/08-acl-view-push.png,ui.switching.acl.view-push,ui,unknown,canonical,documentation_assets/ui/legacy/switching/acl/view-push.png,view-push.png,false,false,true,,true,00_book/assets/ui/legacy/switching/acl/view-push.png,high,false,"Historical generator unknown; legacy placement is documentation role, not assertion of manual capture.",switching/acl,ui/legacy/switching/acl,view-push,"Preview ACL gồm rule và lệnh #raw(""ip access-group"") trên Vlan10.",unknown,low,used,"[""book-mkdocs"", ""book-typst""]",b9ba271648c09b02f828ab7ebf1f5f440bcb3d5e7dfd3a58bdfedf9afb6dda15,replacement-candidate,B07,false
00_book/figures/gui/devices.png,ui.devices.inventory-router-selected,ui,docshot,canonical,documentation_assets/ui/docshot/devices/inventory-router-selected.png,inventory-router-selected.png,false,false,true,,false,,high,false,Subject/source evidence supports domain and semantic filename; preserves unique logical asset.,devices,ui/docshot/devices,inventory-router-selected,devices,docshot-confirmed,high,possibly-used,[],9758acbbd2cc2d88226208f379aee912bb2cdf3e0b4df38654260aab660a994b,active,B03,false
00_book/figures/gui/vlan/01-select-switch.png,ui.switching.vlan.switch-selected,ui,docshot,canonical,documentation_assets/ui/docshot/switching/vlan/switch-selected.png,switch-selected.png,false,false,true,,false,,high,false,Subject/source evidence supports domain and semantic filename; preserves unique logical asset.,switching/vlan,ui/docshot/switching/vlan,switch-selected,01-select-switch,docshot-confirmed,high,possibly-used,[],cf24a7fbbba46d9088dd5f5da5edaf35d7fdeeaeb5c8d34f49000f6aa7163d0f,active,B03,false
00_book/figures/gui/vlan/02-open-vlan.png,ui.switching.vlan.database,ui,docshot,canonical,documentation_assets/ui/docshot/switching/vlan/database.png,database.png,false,false,true,,false,,high,false,Subject/source evidence supports domain and semantic filename; preserves unique logical asset.,switching/vlan,ui/docshot/switching/vlan,database,02-open-vlan,docshot-confirmed,high,possibly-used,[],9336953482ba9a73b1acf80c46f4298e5603690cf2314e7815910a72e5976ba1,active,B03,false
00_book/figures/gui/vlan/03-add-vlan.png,ui.switching.vlan.create-empty,ui,docshot,canonical,documentation_assets/ui/docshot/switching/vlan/create-empty.png,create-empty.png,false,false,true,,false,,high,false,Subject/source evidence supports domain and semantic filename; preserves unique logical asset.,switching/vlan,ui/docshot/switching/vlan,create-empty,03-add-vlan,docshot-confirmed,high,possibly-used,[],ae54201903b5b6ad52fe46b17a44f17b263c376181327f0e2cf96a414e2de519,active,B03,false
00_book/figures/gui/vlan/04-vlan-id.png,ui.switching.vlan.create-id-filled,ui,docshot,canonical,documentation_assets/ui/docshot/switching/vlan/create-id-filled.png,create-id-filled.png,false,false,true,,false,,high,false,Subject/source evidence supports domain and semantic filename; preserves unique logical asset.,switching/vlan,ui/docshot/switching/vlan,create-id-filled,04-vlan-id,docshot-confirmed,high,possibly-used,[],02e61c1ccee536d42960238aad6ac5e64a616a1daa1e2f5a42199f397d380409,active,B03,false
00_book/figures/gui/vlan/05-vlan-name.png,ui.switching.vlan.create-name-filled,ui,docshot,canonical,documentation_assets/ui/docshot/switching/vlan/create-name-filled.png,create-name-filled.png,false,false,true,,false,,high,false,Subject/source evidence supports domain and semantic filename; preserves unique logical asset.,switching/vlan,ui/docshot/switching/vlan,create-name-filled,05-vlan-name,docshot-confirmed,high,possibly-used,[],62af2f6273b62e6de8d5410c47369479ca15680ec039a53958d4c787eaf2bf3b,active,B03,false
00_book/figures/gui/vlan/06-vlan-state.png,ui.switching.vlan.create-state-selector,ui,docshot,canonical,documentation_assets/ui/docshot/switching/vlan/create-state-selector.png,create-state-selector.png,false,false,true,,false,,high,false,Subject/source evidence supports domain and semantic filename; preserves unique logical asset.,switching/vlan,ui/docshot/switching/vlan,create-state-selector,06-vlan-state,docshot-confirmed,high,possibly-used,[],759ea094c1dce98a65151510dc7f8851f6446f4eda8bb8e459a050d4e31cebf9,active,B03,false
00_book/figures/gui/vlan/07-ready-to-save.png,ui.switching.vlan.create-ready,ui,docshot,canonical,documentation_assets/ui/docshot/switching/vlan/create-ready.png,create-ready.png,false,false,true,,false,,high,false,Subject/source evidence supports domain and semantic filename; preserves unique logical asset.,switching/vlan,ui/docshot/switching/vlan,create-ready,07-ready-to-save,docshot-confirmed,high,possibly-used,[],0a7c7eb72b86f96cb068603b514b0b6ba2f8a645069ce9a7de8e3f25aeaf8db3,active,B03,false
00_book/figures/gui/vlan/08-vlan-created.png,ui.switching.vlan.created-pending-apply,ui,docshot,canonical,documentation_assets/ui/docshot/switching/vlan/created-pending-apply.png,created-pending-apply.png,false,false,true,,false,,high,false,Subject/source evidence supports domain and semantic filename; preserves unique logical asset.,switching/vlan,ui/docshot/switching/vlan,created-pending-apply,08-vlan-created,docshot-confirmed,high,possibly-used,[],90db856f56f03644217919c723cb628473bf45f8c5ae8d9c3a62ed5f38b5cba2,active,B03,false
00_book/figures/gui/vlan/09-view-preview.png,ui.switching.vlan.view-push-guest,ui,docshot,canonical,documentation_assets/ui/docshot/switching/vlan/view-push-guest.png,view-push-guest.png,false,false,true,,false,,high,false,Subject/source evidence supports domain and semantic filename; preserves unique logical asset.,switching/vlan,ui/docshot/switching/vlan,view-push-guest,09-view-preview,docshot-confirmed,high,possibly-used,[],e7ef4353aad6cb2ec90cd6177c8dedbec9a8fc87d85a833ff459058659379264,active,B03,false
00_book/figures/gui/welcome.png,ui.core.welcome-recent-projects,ui,docshot,canonical,documentation_assets/ui/docshot/core/welcome-recent-projects.png,welcome-recent-projects.png,false,false,true,,false,,high,false,Subject/source evidence supports domain and semantic filename; preserves unique logical asset.,core,ui/docshot/core,welcome-recent-projects,welcome,docshot-confirmed,high,possibly-used,[],392902698e7ce8906d3a61a93fad0fdf5b1e59e33569de56ee4343a38474a8e2,active,B03,false
00_book/figures/gui/workspace.png,ui.core.workspace-empty,ui,docshot,canonical,documentation_assets/ui/docshot/core/workspace-empty.png,workspace-empty.png,false,false,true,,false,,high,false,Subject/source evidence supports domain and semantic filename; preserves unique logical asset.,core,ui/docshot/core,workspace-empty,workspace,docshot-confirmed,high,possibly-used,[],a5cfe6a96859e0c75538c80c30f3446c7b4fcbb472fde5dd584ec1515ddfd2a5,active,B03,false
00_book/figures/icons/logo.svg,branding.logos.cams,logo-icon,branding,canonical,documentation_assets/branding/logos/cams.svg,cams.svg,false,false,true,,true,00_book/assets/branding/logos/cams.svg,high,false,Subject/source evidence supports domain and semantic filename; preserves unique logical asset.,branding/logos,branding/logos,cams,logo,unknown,low,used,"[""book-mkdocs""]",682fd9b406a46e6a2f6bf0f5e5fdfd47a16e7bc7768f1f149ea49d5b0c4424b4,active,B02,false
00_book/figures/icons/ptit-logo.svg,branding.logos.ptit,logo-icon,branding,canonical,documentation_assets/branding/logos/ptit.svg,ptit.svg,false,false,true,,false,,high,true,Subject/source evidence supports domain and semantic filename; preserves unique logical asset.,branding/logos,branding/logos,ptit,ptit-logo,unknown,low,orphan,[],93a30384e825e1b4754e1d636ecfbacfb8658bcb98456aa9d7dc0550781f4646,orphan-review,B02,false
00_book/figures/report/appendix/project-structure.svg,diagrams.architecture.application-source-tree,architecture-diagram,authored-svg,canonical,documentation_assets/diagrams/architecture/application-source-tree.svg,application-source-tree.svg,false,false,true,,false,,high,false,Authored SVG describes existing source format; exporter/author identity not established.,diagrams/architecture,diagrams/architecture,application-source-tree,Cấu trúc thư mục mã nguồn ứng dụng desktop CAMS,unknown,low,used,"[""report-typst""]",d365ab66b9ed3d75b0707b99aeadd8654f4ac392c17d2ec0dd17b573781ff7da,active,B02,false
00_book/figures/report/diagrams/01_pipeline_automation.svg,diagrams.workflow.configuration-automation,workflow-diagram,authored-svg,canonical,documentation_assets/diagrams/workflow/configuration-automation.svg,configuration-automation.svg,false,false,true,,false,,high,true,Authored SVG describes existing source format; exporter/author identity not established.,diagrams/workflow,diagrams/workflow,configuration-automation,01_pipeline_automation,unknown,low,orphan,[],3195c12010c7ae0d2e21ad167f97c16f92b90cc6fe9e74cff369a9ce84fa8cb8,orphan-review,B02,false
00_book/figures/report/diagrams/02_state_flow.svg,diagrams.workflow.configuration-state-flow,workflow-diagram,authored-svg,canonical,documentation_assets/diagrams/workflow/configuration-state-flow.svg,configuration-state-flow.svg,false,false,true,,false,,high,false,Authored SVG describes existing source format; exporter/author identity not established.,diagrams/workflow,diagrams/workflow,configuration-state-flow,Luồng cấu hình từ dữ liệu chờ đến thực thi và cập nhật kết quả,unknown,low,used,"[""report-typst""]",bb2e39cf56422866dee5953a1bd156683bc3de3cdfa3a6150f0fa4e837f39e09,active,B02,false
00_book/figures/report/diagrams/03_cli_modes.svg,diagrams.workflow.cisco-cli-modes,workflow-diagram,authored-svg,canonical,documentation_assets/diagrams/workflow/cisco-cli-modes.svg,cisco-cli-modes.svg,false,false,true,,false,,high,true,Authored SVG describes existing source format; exporter/author identity not established.,diagrams/workflow,diagrams/workflow,cisco-cli-modes,03_cli_modes,unknown,low,orphan,[],36cb622dc36176dd5ce5dbb711f6bac4a6aa923bb8aea6995b697561a090f8bb,orphan-review,B02,false
00_book/figures/report/diagrams/04_ssh_connection.svg,diagrams.architecture.ssh-session-connection,architecture-diagram,authored-svg,canonical,documentation_assets/diagrams/architecture/ssh-session-connection.svg,ssh-session-connection.svg,false,false,true,,false,,high,true,Authored SVG describes existing source format; exporter/author identity not established.,diagrams/architecture,diagrams/architecture,ssh-session-connection,04_ssh_connection,unknown,low,orphan,[],a3399f73db7f12a91049884ea393af24226f90c2fb7de2745fe0594b3b365b71,orphan-review,B02,false
00_book/figures/report/diagrams/05_session_lifecycle.svg,diagrams.workflow.device-session-lifecycle,workflow-diagram,authored-svg,canonical,documentation_assets/diagrams/workflow/device-session-lifecycle.svg,device-session-lifecycle.svg,false,false,true,,false,,high,true,Authored SVG describes existing source format; exporter/author identity not established.,diagrams/workflow,diagrams/workflow,device-session-lifecycle,05_session_lifecycle,unknown,low,orphan,[],da01ad6b25b426a5c509d80dd18440069dfe5c9a6f134a6b81e832cd38173127,orphan-review,B02,false
00_book/figures/report/diagrams/06_dhcp_dora.svg,diagrams.workflow.dhcp-dora-sequence,workflow-diagram,authored-svg,canonical,documentation_assets/diagrams/workflow/dhcp-dora-sequence.svg,dhcp-dora-sequence.svg,false,false,true,,false,,high,true,Authored SVG describes existing source format; exporter/author identity not established.,diagrams/workflow,diagrams/workflow,dhcp-dora-sequence,06_dhcp_dora,unknown,low,orphan,[],dd2126790f3ea0000f4416d765e5cd0d1c94765601a4bde1ebf49e08f1a446f4,orphan-review,B02,false
00_book/figures/report/diagrams/07_ospf_area.png,diagrams.network.ospf-multi-area-backbone,network-diagram,unknown,canonical,documentation_assets/diagrams/network/ospf-multi-area-backbone.png,ospf-multi-area-backbone.png,false,false,true,,false,,medium,true,Vector/raster pair must remain separate; do not establish derivative relationship by name.,diagrams/network,diagrams/network,ospf-multi-area-backbone,07_ospf_area,unknown,low,orphan,[],dea09ba6f077a224486145c079a7a7499f1f8115937021ff7bd4673ee7804b13,orphan-review,B02,false
00_book/figures/report/diagrams/07_ospf_area.svg,diagrams.network.ospf-area-zero-router-chain,network-diagram,authored-svg,canonical,documentation_assets/diagrams/network/ospf-area-zero-router-chain.svg,ospf-area-zero-router-chain.svg,false,false,true,,false,,medium,true,Authored SVG describes existing source format; exporter/author identity not established.; Vector/raster pair must remain separate; do not establish derivative relationship by name.,diagrams/network,diagrams/network,ospf-area-zero-router-chain,07_ospf_area,unknown,low,orphan,[],f80af3b8cd4e8d1af5287f3d9f0e39116d3d6c4faf583cd517e0c07b7128dca4,orphan-review,B02,false
00_book/figures/report/diagrams/08_acl_packet_flow.jpg,diagrams.workflow.inbound-acl-tests,workflow-diagram,unknown,canonical,documentation_assets/diagrams/workflow/inbound-acl-tests.jpg,inbound-acl-tests.jpg,false,false,true,,false,,medium,true,Vector/raster pair must remain separate; do not establish derivative relationship by name.,diagrams/workflow,diagrams/workflow,inbound-acl-tests,08_acl_packet_flow,unknown,low,orphan,[],40a0fa5ad7b02350772deebba6cb38f630e799c083ddb58f17ba0de0836cd323,orphan-review,B02,false
00_book/figures/report/diagrams/08_acl_packet_flow.svg,diagrams.workflow.acl-rule-evaluation,workflow-diagram,authored-svg,canonical,documentation_assets/diagrams/workflow/acl-rule-evaluation.svg,acl-rule-evaluation.svg,false,false,true,,false,,medium,true,Authored SVG describes existing source format; exporter/author identity not established.; Vector/raster pair must remain separate; do not establish derivative relationship by name.,diagrams/workflow,diagrams/workflow,acl-rule-evaluation,08_acl_packet_flow,unknown,low,orphan,[],4bed4ebe3db618336b4da32c3be430d5de0a281cd970c48375409b1571bf24af,orphan-review,B02,false
00_book/figures/report/diagrams/09_nat_pat.svg,diagrams.network.nat-pat-internet-topology,network-diagram,authored-svg,canonical,documentation_assets/diagrams/network/nat-pat-internet-topology.svg,nat-pat-internet-topology.svg,false,false,true,,false,,high,true,Authored SVG describes existing source format; exporter/author identity not established.,diagrams/network,diagrams/network,nat-pat-internet-topology,09_nat_pat,unknown,low,orphan,[],cecbbe82c940626672f57e8a8344282a56cbe902743eb9028f4a5805389b580a,orphan-review,B02,false
00_book/figures/report/diagrams/10_fhrp_gateway.svg,diagrams.network.fhrp-virtual-gateway,network-diagram,authored-svg,canonical,documentation_assets/diagrams/network/fhrp-virtual-gateway.svg,fhrp-virtual-gateway.svg,false,false,true,,false,,high,true,Authored SVG describes existing source format; exporter/author identity not established.,diagrams/network,diagrams/network,fhrp-virtual-gateway,10_fhrp_gateway,unknown,low,orphan,[],b48ca1d3c3b8eb0a7a0e4e6d9e10abd47aede5d9445fed505f4b33acba0ae997,orphan-review,B02,false
00_book/figures/report/diagrams/11_db_schema.svg,diagrams.database.device-entity-relations,database-diagram,authored-svg,canonical,documentation_assets/diagrams/database/device-entity-relations.svg,device-entity-relations.svg,false,false,true,,false,,high,true,Authored SVG describes existing source format; exporter/author identity not established.,diagrams/database,diagrams/database,device-entity-relations,11_db_schema,unknown,low,orphan,[],ec321d390306fca80952cbe45b4ff676041957ba5c6918a4723867603c7cffe5,orphan-review,B02,false
00_book/figures/report/diagrams/12_netmiko_stack.svg,diagrams.architecture.netmiko-ssh-stack,architecture-diagram,authored-svg,canonical,documentation_assets/diagrams/architecture/netmiko-ssh-stack.svg,netmiko-ssh-stack.svg,false,false,true,,false,,high,true,Authored SVG describes existing source format; exporter/author identity not established.,diagrams/architecture,diagrams/architecture,netmiko-ssh-stack,12_netmiko_stack,unknown,low,orphan,[],9d7ef6efe57fe4eec73b6bd4e547a0c1d98beb20154371aae7eab9999850260a,orphan-review,B02,false
00_book/figures/report/diagrams/13_qtquick_tree.svg,diagrams.architecture.qtquick-component-tree,architecture-diagram,authored-svg,canonical,documentation_assets/diagrams/architecture/qtquick-component-tree.svg,qtquick-component-tree.svg,false,false,true,,false,,high,true,Authored SVG describes existing source format; exporter/author identity not established.,diagrams/architecture,diagrams/architecture,qtquick-component-tree,13_qtquick_tree,unknown,low,orphan,[],4f9d0f2f6c38b9b0ad69ac6e13a06ab500642be1bc1b5274a86e856340796ae8,orphan-review,B02,false
00_book/figures/report/diagrams/14_qml_signal_slot.svg,diagrams.architecture.qml-python-signal-flow,architecture-diagram,authored-svg,canonical,documentation_assets/diagrams/architecture/qml-python-signal-flow.svg,qml-python-signal-flow.svg,false,false,true,,false,,high,true,Authored SVG describes existing source format; exporter/author identity not established.,diagrams/architecture,diagrams/architecture,qml-python-signal-flow,14_qml_signal_slot,unknown,low,orphan,[],49b008c962334736a8b04316d9153dee4fb96ab4ad3685812372b0e5dacfd10b,orphan-review,B02,false
00_book/figures/report/diagrams/15_ui_thread_workers.svg,diagrams.architecture.ui-thread-worker-dispatch,architecture-diagram,authored-svg,canonical,documentation_assets/diagrams/architecture/ui-thread-worker-dispatch.svg,ui-thread-worker-dispatch.svg,false,false,true,,false,,high,true,Authored SVG describes existing source format; exporter/author identity not established.,diagrams/architecture,diagrams/architecture,ui-thread-worker-dispatch,15_ui_thread_workers,unknown,low,orphan,[],56885763ba043a60d013a532dcaace27eb90ef3cb5fff4574deb35b1f815d7b5,orphan-review,B02,false
00_book/figures/report/diagrams/16_host_lock.svg,diagrams.architecture.per-host-session-lock,architecture-diagram,authored-svg,canonical,documentation_assets/diagrams/architecture/per-host-session-lock.svg,per-host-session-lock.svg,false,false,true,,false,,high,true,Authored SVG describes existing source format; exporter/author identity not established.,diagrams/architecture,diagrams/architecture,per-host-session-lock,16_host_lock,unknown,low,orphan,[],a064764606773503177710294dc73cc2571cf890368f60ef3b54ffccc9fa128d,orphan-review,B02,false
00_book/figures/report/diagrams/17_serialize_parallel.svg,diagrams.workflow.per-host-serial-cross-host-parallel,workflow-diagram,authored-svg,canonical,documentation_assets/diagrams/workflow/per-host-serial-cross-host-parallel.svg,per-host-serial-cross-host-parallel.svg,false,false,true,,false,,high,true,Authored SVG describes existing source format; exporter/author identity not established.,diagrams/workflow,diagrams/workflow,per-host-serial-cross-host-parallel,17_serialize_parallel,unknown,low,orphan,[],0e6d558baf42544be512c7f330d7674cf27fdeaa3afaea67a8763f8d4e016733,orphan-review,B02,false
00_book/figures/report/diagrams/18_syslog_pipeline.svg,diagrams.workflow.syslog-processing-pipeline,workflow-diagram,authored-svg,canonical,documentation_assets/diagrams/workflow/syslog-processing-pipeline.svg,syslog-processing-pipeline.svg,false,false,true,,false,,high,true,Authored SVG describes existing source format; exporter/author identity not established.,diagrams/workflow,diagrams/workflow,syslog-processing-pipeline,18_syslog_pipeline,unknown,low,orphan,[],b838b6a36efb9dcf9649e981fddc7a81ac3407593c55e154d6499f8b42e05157,orphan-review,B02,false
00_book/figures/report/diagrams/19_testing_flow_a.svg,diagrams.workflow.service-repository-test,workflow-diagram,authored-svg,canonical,documentation_assets/diagrams/workflow/service-repository-test.svg,service-repository-test.svg,false,false,true,,false,,high,true,Authored SVG describes existing source format; exporter/author identity not established.,diagrams/workflow,diagrams/workflow,service-repository-test,19_testing_flow_a,unknown,low,orphan,[],832ad6644fb2d061ffeba2530bc896d9bde01b3e8aa94523f0fe7f0c640454f7,orphan-review,B02,false
00_book/figures/report/diagrams/20_testing_flow_b.svg,diagrams.workflow.worker-fake-connector-test,workflow-diagram,authored-svg,canonical,documentation_assets/diagrams/workflow/worker-fake-connector-test.svg,worker-fake-connector-test.svg,false,false,true,,false,,high,true,Authored SVG describes existing source format; exporter/author identity not established.,diagrams/workflow,diagrams/workflow,worker-fake-connector-test,20_testing_flow_b,unknown,low,orphan,[],dd0df982429289ced4144dd67d10b0e05cbca30a9cf8c634632c16541754a211,orphan-review,B02,false
00_book/figures/report/diagrams/21_lab_test_flow.svg,diagrams.workflow.network-lab-verification,workflow-diagram,authored-svg,canonical,documentation_assets/diagrams/workflow/network-lab-verification.svg,network-lab-verification.svg,false,false,true,,false,,high,true,Authored SVG describes existing source format; exporter/author identity not established.,diagrams/workflow,diagrams/workflow,network-lab-verification,21_lab_test_flow,unknown,low,orphan,[],157f7c29cecc337f5e66cc07fda35a7662ee3da69f17f005861c4e3001a825f2,orphan-review,B02,false
00_book/figures/report/diagrams/22_architecture_overview.svg,diagrams.architecture.cams-layered-system,architecture-diagram,authored-svg,canonical,documentation_assets/diagrams/architecture/cams-layered-system.svg,cams-layered-system.svg,false,false,true,,false,,high,false,Authored SVG describes existing source format; exporter/author identity not established.,diagrams/architecture,diagrams/architecture,cams-layered-system,Kiến trúc phân lớp của CAMS,unknown,low,used,"[""report-typst""]",d106f9418af8eb1cfbd4f94c49c5a1a473ab0c33191b7983db7e0bb102b3ade8,active,B02,false
00_book/figures/report/diagrams/Etherchannel.jpg,diagrams.network.etherchannel-redundant-uplinks,network-diagram,unknown,canonical,documentation_assets/diagrams/network/etherchannel-redundant-uplinks.jpg,etherchannel-redundant-uplinks.jpg,false,false,true,,false,,high,true,Subject/source evidence supports domain and semantic filename; preserves unique logical asset.,diagrams/network,diagrams/network,etherchannel-redundant-uplinks,Etherchannel,unknown,low,orphan,[],14f22ddd7e0e43dc1ea6424974709d62308c5aca2f57bb088747475cd4f3003d,orphan-review,B02,false
00_book/figures/report/diagrams/LAB_2-report.png,diagrams.lab-topology.routing-ospf.multi-area-branches-raster,network-diagram,unknown,canonical,documentation_assets/diagrams/lab-topology/routing-ospf/multi-area-branches-raster.png,multi-area-branches-raster.png,false,false,true,,false,,medium,true,Vector/raster pair must remain separate; do not establish derivative relationship by name.,diagrams/lab-topology/routing-ospf,diagrams/lab-topology/routing-ospf,multi-area-branches-raster,Sơ đồ Kịch bản 1: Định tuyến OSPF đa vùng giữa hai chi nhánh,unknown,low,used,"[""report-typst""]",afc05beaf1831559eea82e2289614826202267d50014adc562ba6d4c59230f9b,active,B02,false
00_book/figures/report/diagrams/LAB_2.svg,diagrams.lab-topology.routing-ospf.multi-area-branches-vector,network-diagram,authored-svg,canonical,documentation_assets/diagrams/lab-topology/routing-ospf/multi-area-branches-vector.svg,multi-area-branches-vector.svg,false,false,true,,false,,medium,true,Authored SVG describes existing source format; exporter/author identity not established.; Vector/raster pair must remain separate; do not establish derivative relationship by name.,diagrams/lab-topology/routing-ospf,diagrams/lab-topology/routing-ospf,multi-area-branches-vector,LAB_2,unknown,low,orphan,[],6326172229c7292d4311e33d451c4d8742b114a42461eea014cd86651ccd86e9,orphan-review,B02,false
00_book/figures/report/diagrams/LAB_KICH_BAN_1.svg,diagrams.lab-topology.switching.layer-two-security,network-diagram,authored-svg,canonical,documentation_assets/diagrams/lab-topology/switching/layer-two-security.svg,layer-two-security.svg,false,false,true,,false,,high,false,Authored SVG describes existing source format; exporter/author identity not established.,diagrams/lab-topology/switching,diagrams/lab-topology/switching,layer-two-security,Sơ đồ Topo Kịch bản 1: Hạ tầng Chuyển mạch và Bảo mật Lớp 2,unknown,low,used,"[""report-typst""]",e1cb07210d48c59fb0c201785e4cfa06c6eefedbf6f7ad3168782dcb74dc1bb8,active,B02,false
00_book/figures/report/diagrams/STP.jpg,diagrams.network.stp-root-port-election,network-diagram,unknown,canonical,documentation_assets/diagrams/network/stp-root-port-election.jpg,stp-root-port-election.jpg,false,false,true,,false,,high,true,Subject/source evidence supports domain and semantic filename; preserves unique logical asset.,diagrams/network,diagrams/network,stp-root-port-election,STP,unknown,low,orphan,[],3fd4b632264b567cf9f32bad3669021d5d94231fd7b79a00e8cfc9d990125a98,orphan-review,B02,false
00_book/figures/report/diagrams/VTP.jpg,diagrams.network.vtp-server-clients,network-diagram,unknown,canonical,documentation_assets/diagrams/network/vtp-server-clients.jpg,vtp-server-clients.jpg,false,false,true,,false,,high,true,Subject/source evidence supports domain and semantic filename; preserves unique logical asset.,diagrams/network,diagrams/network,vtp-server-clients,VTP,unknown,low,orphan,[],7d0492e745c74fbf8c8aaadd6d1489430cfbcfcb533a20cd2cb58f776e9f3fbf,orphan-review,B02,false
00_book/figures/report/diagrams/dhcp-snooping.jpg,diagrams.network.dhcp-snooping-rogue-server,network-diagram,unknown,canonical,documentation_assets/diagrams/network/dhcp-snooping-rogue-server.jpg,dhcp-snooping-rogue-server.jpg,false,false,true,,false,,high,true,Subject/source evidence supports domain and semantic filename; preserves unique logical asset.,diagrams/network,diagrams/network,dhcp-snooping-rogue-server,dhcp-snooping,unknown,low,orphan,[],486f0fb4c8afc061d1855421c82cc44c3f4b73b57293e1a9a39af7a6b20f7d7f,orphan-review,B02,false
00_book/figures/report/diagrams/dhcp_dora.png,diagrams.workflow.dhcp-dora-client-server-illustration,workflow-diagram,unknown,canonical,documentation_assets/diagrams/workflow/dhcp-dora-client-server-illustration.png,dhcp-dora-client-server-illustration.png,false,false,true,,false,,high,true,Subject/source evidence supports domain and semantic filename; preserves unique logical asset.,diagrams/workflow,diagrams/workflow,dhcp-dora-client-server-illustration,dhcp_dora,unknown,low,orphan,[],58934859e6675f6a5c0cad8224296397aea97588cc708a8b0f38d1fcdb53c6fa,orphan-review,B02,false
00_book/figures/report/diagrams/fhrp-nat-dhcp-lab/01-nat-interfaces.png,evidence.fhrp-nat-dhcp.nat-interfaces,ui,manual-cams-screenshot,original-evidence,documentation_assets/evidence/ui-capture/original/fhrp-nat-dhcp-lab/nat-interfaces.png,nat-interfaces.png,true,true,false,documentation_assets/ui/docshot/lab-recreation/fhrp-nat-dhcp/nat-interfaces.png,false,,medium,true,"Lab capture provenance probable, not chain-of-custody confirmed; preserve original regardless of later recreation.",fhrp-nat-dhcp-lab,evidence/ui-capture/original/fhrp-nat-dhcp-lab,nat-interfaces,Giao diện cấu hình cổng NAT Inside/Outside trên Router NAT,manual-screenshot-probable,medium,used,"[""report-typst""]",8d1a2348fe89613f32a92efa57f41ab01f4384ff1da086f453f5fb5d21355ca8,preserve-original,B13,false
00_book/figures/report/diagrams/fhrp-nat-dhcp-lab/02-nat-acl.png,evidence.fhrp-nat-dhcp.nat-acl,ui,manual-cams-screenshot,original-evidence,documentation_assets/evidence/ui-capture/original/fhrp-nat-dhcp-lab/nat-acl.png,nat-acl.png,true,true,false,documentation_assets/ui/docshot/lab-recreation/fhrp-nat-dhcp/nat-acl.png,false,,medium,true,"Lab capture provenance probable, not chain-of-custody confirmed; preserve original regardless of later recreation.",fhrp-nat-dhcp-lab,evidence/ui-capture/original/fhrp-nat-dhcp-lab,nat-acl,Khai báo ACL NAT_demo xác định các mạng nội bộ được phép chuyển đổi địa chỉ,manual-screenshot-probable,medium,used,"[""report-typst""]",699c2c2f491c06117029ab2f28a0224c223f546b01e2f781a57ce12198bb8435,preserve-original,B13,false
00_book/figures/report/diagrams/fhrp-nat-dhcp-lab/03-nat-config-preview.png,evidence.fhrp-nat-dhcp.nat-config-preview,ui,manual-cams-screenshot,original-evidence,documentation_assets/evidence/ui-capture/original/fhrp-nat-dhcp-lab/nat-config-preview.png,nat-config-preview.png,true,true,false,documentation_assets/ui/docshot/lab-recreation/fhrp-nat-dhcp/nat-config-preview.png,false,,medium,true,"Lab capture provenance probable, not chain-of-custody confirmed; preserve original regardless of later recreation.",fhrp-nat-dhcp-lab,evidence/ui-capture/original/fhrp-nat-dhcp-lab,nat-config-preview,Cửa sổ View & Push sinh cấu hình NAT Interface và ACL cho Router NAT,manual-screenshot-probable,medium,used,"[""report-typst""]",4302dbda91b90c7c7a62366a7e2a26b4a2a5c5c51b5ed4c6884bc882745dd1c2,preserve-original,B13,false
00_book/figures/report/diagrams/fhrp-nat-dhcp-lab/04-nat-pat.png,evidence.fhrp-nat-dhcp.nat-pat,ui,manual-cams-screenshot,original-evidence,documentation_assets/evidence/ui-capture/original/fhrp-nat-dhcp-lab/nat-pat.png,nat-pat.png,true,true,false,documentation_assets/ui/docshot/lab-recreation/fhrp-nat-dhcp/nat-pat.png,false,,medium,true,"Lab capture provenance probable, not chain-of-custody confirmed; preserve original regardless of later recreation.",fhrp-nat-dhcp-lab,evidence/ui-capture/original/fhrp-nat-dhcp-lab,nat-pat,Giao diện cấu hình PAT Overload sử dụng cổng Outside GigabitEthernet0/2,manual-screenshot-probable,medium,used,"[""report-typst""]",6dc3e087c6352642b3bfb4b0b5de34df18901118ff9cf0ca8bb670cd5ab20c6e,preserve-original,B13,false
00_book/figures/report/diagrams/fhrp-nat-dhcp-lab/05-nat-pat-preview.png,evidence.fhrp-nat-dhcp.nat-pat-preview,ui,manual-cams-screenshot,original-evidence,documentation_assets/evidence/ui-capture/original/fhrp-nat-dhcp-lab/nat-pat-preview.png,nat-pat-preview.png,true,true,false,documentation_assets/ui/docshot/lab-recreation/fhrp-nat-dhcp/nat-pat-preview.png,false,,medium,true,"Lab capture provenance probable, not chain-of-custody confirmed; preserve original regardless of later recreation.",fhrp-nat-dhcp-lab,evidence/ui-capture/original/fhrp-nat-dhcp-lab,nat-pat-preview,Cửa sổ View & Push kiểm duyệt lệnh PAT Overload trước khi đẩy xuống Router NAT,manual-screenshot-probable,medium,used,"[""report-typst""]",1e8bdabd2ba18e62ffd67d4eb748222bbe4b15639f95c83022f4a582f5c2800c,preserve-original,B13,false
00_book/figures/report/diagrams/fhrp-nat-dhcp-lab/06-nat-interface-verify.png,evidence.fhrp-nat-dhcp.nat-interface-verify,terminal-evidence,terminal-capture,original-evidence,documentation_assets/evidence/terminal/original/fhrp-nat-dhcp-lab/nat-interface-verify.png,nat-interface-verify.png,true,true,true,,false,,medium,true,Preserve original experimental/capture bytes; text reconstruction cannot reproduce experiment.,fhrp-nat-dhcp-lab,evidence/terminal/original/fhrp-nat-dhcp-lab,nat-interface-verify,Xác minh vai trò NAT trên ba cổng của Router NAT bằng lệnh show running-config,Presumed original experimental capture; chain of custody not independently verified.,medium,used,"[""report-typst""]",0720dcfcc7a8e5b6c994d3531d90099d6d10684754df006bd25065e31de4b7df,preserve-original,B13,true
00_book/figures/report/diagrams/fhrp-nat-dhcp-lab/07-nat-config-verify.png,evidence.fhrp-nat-dhcp.nat-config-verify,terminal-evidence,terminal-capture,original-evidence,documentation_assets/evidence/terminal/original/fhrp-nat-dhcp-lab/nat-config-verify.png,nat-config-verify.png,true,true,true,,false,,medium,true,Preserve original experimental/capture bytes; text reconstruction cannot reproduce experiment.,fhrp-nat-dhcp-lab,evidence/terminal/original/fhrp-nat-dhcp-lab,nat-config-verify,"Xác minh ACL, PAT Overload và Default Route trên Router NAT",Presumed original experimental capture; chain of custody not independently verified.,medium,used,"[""report-typst""]",5e8e630d1e29980bb5e517108e14486bbe83734bd9aa03704b5276aceefeb6eb,preserve-original,B13,true
00_book/figures/report/diagrams/fhrp-nat-dhcp-lab/08-glbp-setup.png,evidence.fhrp-nat-dhcp.glbp-setup,ui,manual-cams-screenshot,original-evidence,documentation_assets/evidence/ui-capture/original/fhrp-nat-dhcp-lab/glbp-setup.png,glbp-setup.png,true,true,false,documentation_assets/ui/docshot/lab-recreation/fhrp-nat-dhcp/glbp-setup.png,false,,medium,true,"Lab capture provenance probable, not chain-of-custody confirmed; preserve original regardless of later recreation.",fhrp-nat-dhcp-lab,evidence/ui-capture/original/fhrp-nat-dhcp-lab,glbp-setup,Giao diện tạo GLBP Group 113 với Virtual IP 192.168.4.1 trên R1 và R2,manual-screenshot-probable,medium,used,"[""report-typst""]",08047607c73b07c299f8ae39765747ca346b31b9402ceed5f021c46a526419f4,preserve-original,B13,false
00_book/figures/report/diagrams/fhrp-nat-dhcp-lab/09-glbp-member-policy.png,evidence.fhrp-nat-dhcp.glbp-member-policy,ui,manual-cams-screenshot,original-evidence,documentation_assets/evidence/ui-capture/original/fhrp-nat-dhcp-lab/glbp-member-policy.png,glbp-member-policy.png,true,true,false,documentation_assets/ui/docshot/lab-recreation/fhrp-nat-dhcp/glbp-member-policy.png,false,,medium,true,"Lab capture provenance probable, not chain-of-custody confirmed; preserve original regardless of later recreation.",fhrp-nat-dhcp-lab,evidence/ui-capture/original/fhrp-nat-dhcp-lab,glbp-member-policy,Thiết lập chính sách thành viên GLBP cho R1 và R2,manual-screenshot-probable,medium,used,"[""report-typst""]",6e2622e687c2ec9a3f64445808a20f90a69454daf3cbfe538ad15c12d364e32a,preserve-original,B13,false
00_book/figures/report/diagrams/fhrp-nat-dhcp-lab/10-glbp-config-preview.png,evidence.fhrp-nat-dhcp.glbp-config-preview,ui,manual-cams-screenshot,original-evidence,documentation_assets/evidence/ui-capture/original/fhrp-nat-dhcp-lab/glbp-config-preview.png,glbp-config-preview.png,true,true,false,documentation_assets/ui/docshot/lab-recreation/fhrp-nat-dhcp/glbp-config-preview.png,false,,medium,true,"Lab capture provenance probable, not chain-of-custody confirmed; preserve original regardless of later recreation.",fhrp-nat-dhcp-lab,evidence/ui-capture/original/fhrp-nat-dhcp-lab,glbp-config-preview,Cửa sổ View & Push FHRP sinh đồng thời cấu hình GLBP cho R1 và R2,manual-screenshot-probable,medium,used,"[""report-typst""]",79d0629dc4d1494339c143ad4d248febcfd16d826715982ae8b5f87886beb185,preserve-original,B13,false
00_book/figures/report/diagrams/fhrp-nat-dhcp-lab/11-dhcp-pool.png,evidence.fhrp-nat-dhcp.dhcp-pool,ui,manual-cams-screenshot,original-evidence,documentation_assets/evidence/ui-capture/original/fhrp-nat-dhcp-lab/dhcp-pool.png,dhcp-pool.png,true,true,false,documentation_assets/ui/docshot/lab-recreation/fhrp-nat-dhcp/dhcp-pool.png,false,,medium,true,"Lab capture provenance probable, not chain-of-custody confirmed; preserve original regardless of later recreation.",fhrp-nat-dhcp-lab,evidence/ui-capture/original/fhrp-nat-dhcp-lab,dhcp-pool,Giao diện tạo DHCP Pool LAN_R1 với Default Gateway là GLBP Virtual IP 192.168.4.1,manual-screenshot-probable,medium,used,"[""report-typst""]",c03293618d751e255d873678cad4f8c1f955c361fd37f74070b59cd8981b70fd,preserve-original,B13,false
00_book/figures/report/diagrams/fhrp-nat-dhcp-lab/13-dhcp-config-preview.png,evidence.fhrp-nat-dhcp.dhcp-config-preview,ui,manual-cams-screenshot,original-evidence,documentation_assets/evidence/ui-capture/original/fhrp-nat-dhcp-lab/dhcp-config-preview.png,dhcp-config-preview.png,true,true,false,documentation_assets/ui/docshot/lab-recreation/fhrp-nat-dhcp/dhcp-config-preview.png,false,,medium,true,"Lab capture provenance probable, not chain-of-custody confirmed; preserve original regardless of later recreation.",fhrp-nat-dhcp-lab,evidence/ui-capture/original/fhrp-nat-dhcp-lab,dhcp-config-preview,Cửa sổ View & Push DHCP sinh cấu hình pool LAN_R1 trên R1,manual-screenshot-probable,medium,used,"[""report-typst""]",bcd6702acfff472d037dc4ad00b86baf6d168ef2c49915245634d8613e7b4935,preserve-original,B13,false
00_book/figures/report/diagrams/fhrp-nat-dhcp-lab/14-dhcp-glbp-r1-verify.png,evidence.fhrp-nat-dhcp.dhcp-glbp-r1-verify,terminal-evidence,terminal-capture,original-evidence,documentation_assets/evidence/terminal/original/fhrp-nat-dhcp-lab/dhcp-glbp-r1-verify.png,dhcp-glbp-r1-verify.png,true,true,true,,false,,medium,true,Preserve original experimental/capture bytes; text reconstruction cannot reproduce experiment.,fhrp-nat-dhcp-lab,evidence/terminal/original/fhrp-nat-dhcp-lab,dhcp-glbp-r1-verify,Xác minh DHCP Pool và cấu hình GLBP trên Router R1,Presumed original experimental capture; chain of custody not independently verified.,medium,used,"[""report-typst""]",0d664b402e1c4404aa4454792942d9e4ad8140bc30f3535644bc45ac5b709d7c,preserve-original,B13,true
00_book/figures/report/diagrams/fhrp-nat-dhcp-lab/15-glbp-r2-verify.png,evidence.fhrp-nat-dhcp.glbp-r2-verify,terminal-evidence,terminal-capture,original-evidence,documentation_assets/evidence/terminal/original/fhrp-nat-dhcp-lab/glbp-r2-verify.png,glbp-r2-verify.png,true,true,true,,false,,medium,true,Preserve original experimental/capture bytes; text reconstruction cannot reproduce experiment.,fhrp-nat-dhcp-lab,evidence/terminal/original/fhrp-nat-dhcp-lab,glbp-r2-verify,Xác minh cấu hình GLBP Group 113 trên Router R2,Presumed original experimental capture; chain of custody not independently verified.,medium,used,"[""report-typst""]",40ce025beda153157589bf0d6d8086a212b5db3c5f100dfc78be7a25ece0c805,preserve-original,B13,true
00_book/figures/report/diagrams/fhrp-nat-dhcp-lab/16-client-connectivity-test.png,evidence.fhrp-nat-dhcp.client-connectivity-test,terminal-evidence,terminal-capture,original-evidence,documentation_assets/evidence/connectivity/original/fhrp-nat-dhcp-lab/client-connectivity-test.png,client-connectivity-test.png,true,true,true,,false,,medium,true,Preserve original experimental/capture bytes; text reconstruction cannot reproduce experiment.,fhrp-nat-dhcp-lab,evidence/connectivity/original/fhrp-nat-dhcp-lab,client-connectivity-test,Kiểm tra PC1 nhận DHCP và truy vết đường đi qua GLBP Gateway tới Router NAT và mạng upstream,Presumed original experimental capture; chain of custody not independently verified.,medium,used,"[""report-typst""]",7717d1dd21db8ed67104f75e6978ef928018c87699fe6bc2de19199bf6a0f3c0,preserve-original,B13,true
00_book/figures/report/diagrams/fhrp-nat-dhcp-lab/fhrp-nat-dhcp-report.png,diagrams.lab-topology.fhrp-nat-dhcp.glbp-dhcp-pat-raster,network-diagram,unknown,canonical,documentation_assets/diagrams/lab-topology/fhrp-nat-dhcp/glbp-dhcp-pat-raster.png,glbp-dhcp-pat-raster.png,false,false,true,,false,,medium,true,Vector/raster pair must remain separate; do not establish derivative relationship by name.,diagrams/lab-topology/fhrp-nat-dhcp,diagrams/lab-topology/fhrp-nat-dhcp,glbp-dhcp-pat-raster,"Sơ đồ Kịch bản 2: Tích hợp GLBP, DHCP và NAT/PAT cho mạng LAN",unknown,low,used,"[""report-typst""]",10f0de904299f8ab03845c4f093d7c8872e3e2f2d0e6a13ada1b975e70068ade,active,B13,false
00_book/figures/report/diagrams/fhrp-nat-dhcp-lab/fhrp-nat-dhcp.svg,diagrams.lab-topology.fhrp-nat-dhcp.glbp-dhcp-pat-vector,network-diagram,authored-svg,canonical,documentation_assets/diagrams/lab-topology/fhrp-nat-dhcp/glbp-dhcp-pat-vector.svg,glbp-dhcp-pat-vector.svg,false,false,true,,false,,medium,true,Authored SVG describes existing source format; exporter/author identity not established.; Vector/raster pair must remain separate; do not establish derivative relationship by name.,diagrams/lab-topology/fhrp-nat-dhcp,diagrams/lab-topology/fhrp-nat-dhcp,glbp-dhcp-pat-vector,fhrp-nat-dhcp,unknown,low,orphan,[],7eb6b7385f7cd6ae561c4e9deded31e240b92aa0fb9d30cc5dea6b205bac9838,orphan-review,B13,false
00_book/figures/report/diagrams/jenkins_pipeline_stages.png,evidence.ci.jenkins-pipeline-stages,device-verification,external-tool-capture,original-evidence,documentation_assets/evidence/external-tools/original/ci/jenkins-pipeline-stages.png,jenkins-pipeline-stages.png,true,true,true,,false,,medium,true,"Phase 2 taxonomy overlay: Jenkins CI evidence is external tool capture, not device verification.",evidence/external-tools/original/ci,evidence/external-tools/original/ci,jenkins-pipeline-stages,jenkins_pipeline_stages,Presumed original experimental capture; chain of custody not independently verified.,medium,orphan,[],c5608385461b674bee5cc5f41731a7f08747073cbe14d3df1b3e48955a151399,preserve-original,B16,false
00_book/figures/report/diagrams/lab_4.svg,diagrams.lab-topology.multi-router-branch-routing,network-diagram,authored-svg,canonical,documentation_assets/diagrams/lab-topology/multi-router-branch-routing.svg,multi-router-branch-routing.svg,false,false,true,,false,,low,true,Authored SVG describes existing source format; exporter/author identity not established.; Historical lab_4 identifier does not establish scenario purpose; topology name is provisional.,diagrams/lab-topology,diagrams/lab-topology,multi-router-branch-routing,lab_4,unknown,low,orphan,[],b8e138de584332e75f982909aab388cbbbe556c07bd8fd3301de2256cbf244e3,orphan-review,B02,false
00_book/figures/report/diagrams/routing-ospf-lab/1.png,evidence.routing-ospf.router-interfaces-overview,ui,manual-cams-screenshot,original-evidence,documentation_assets/evidence/ui-capture/original/routing-ospf-lab/router-interfaces-overview.png,router-interfaces-overview.png,true,true,false,documentation_assets/ui/docshot/lab-recreation/routing-ospf/router-interfaces-overview.png,false,,medium,true,"Lab capture provenance probable, not chain-of-custody confirmed; preserve original regardless of later recreation.",routing-ospf-lab,evidence/ui-capture/original/routing-ospf-lab,router-interfaces-overview,router-interfaces-overview,manual-screenshot-probable,medium,used,"[""report-typst""]",98426b2a12db4173473253eb032d97d61995349bfb5660b686b0dadec6c68b28,preserve-original,B12,false
00_book/figures/report/diagrams/routing-ospf-lab/10.png,evidence.routing-ospf.routing-group-hosts,ui,manual-cams-screenshot,original-evidence,documentation_assets/evidence/ui-capture/original/routing-ospf-lab/routing-group-hosts.png,routing-group-hosts.png,true,true,false,documentation_assets/ui/docshot/lab-recreation/routing-ospf/routing-group-hosts.png,false,,medium,true,"Lab capture provenance probable, not chain-of-custody confirmed; preserve original regardless of later recreation.",routing-ospf-lab,evidence/ui-capture/original/routing-ospf-lab,routing-group-hosts,ospf-routing-group-hosts,manual-screenshot-probable,medium,used,"[""report-typst""]",3a5bb49ff629e349cc22076db1e5ea41ab9d877e9cd30c9ffd7e47ce137d74bb,preserve-original,B12,false
00_book/figures/report/diagrams/routing-ospf-lab/11.png,evidence.routing-ospf.routing-group-networks,ui,manual-cams-screenshot,original-evidence,documentation_assets/evidence/ui-capture/original/routing-ospf-lab/routing-group-networks.png,routing-group-networks.png,true,true,false,documentation_assets/ui/docshot/lab-recreation/routing-ospf/routing-group-networks.png,false,,medium,true,"Lab capture provenance probable, not chain-of-custody confirmed; preserve original regardless of later recreation.",routing-ospf-lab,evidence/ui-capture/original/routing-ospf-lab,routing-group-networks,ospf-routing-group-networks,manual-screenshot-probable,medium,used,"[""report-typst""]",20a3ce2f004c74f6f5abcc65b7467d0ab15de9483ab800926fd3c364c80b3fff,preserve-original,B12,false
00_book/figures/report/diagrams/routing-ospf-lab/12.png,evidence.routing-ospf.multi-router-ospf-running-config,terminal-evidence,terminal-capture,original-evidence,documentation_assets/evidence/terminal/original/routing-ospf-lab/multi-router-ospf-running-config.png,multi-router-ospf-running-config.png,true,true,true,,false,,medium,true,Preserve original experimental/capture bytes; text reconstruction cannot reproduce experiment.,routing-ospf-lab,evidence/terminal/original/routing-ospf-lab,multi-router-ospf-running-config,ospf-running-config-multi-router-verification,Presumed original experimental capture; chain of custody not independently verified.,medium,used,"[""report-typst""]",b272ce9f5c1a3ec87febcfc2414f2fc7eb7578eb674ce5e877e852dd5360be4e,preserve-original,B12,true
00_book/figures/report/diagrams/routing-ospf-lab/13.png,evidence.routing-ospf.r1-process-dark,ui,manual-cams-screenshot,original-evidence,documentation_assets/evidence/ui-capture/original/routing-ospf-lab/r1-process-dark.png,r1-process-dark.png,true,true,false,documentation_assets/ui/docshot/lab-recreation/routing-ospf/r1-process-dark.png,false,,medium,true,"Lab capture provenance probable, not chain-of-custody confirmed; preserve original regardless of later recreation.",routing-ospf-lab,evidence/ui-capture/original/routing-ospf-lab,r1-process-dark,r1-ospf-process-dark,manual-screenshot-probable,medium,orphan,[],ee6d2598a92e0bd90edc49ffc052f798bd99353095602bfb09696e75e903c377,preserve-original,B12,false
00_book/figures/report/diagrams/routing-ospf-lab/14.png,evidence.routing-ospf.routing-group-push-progress,ui,manual-cams-screenshot,original-evidence,documentation_assets/evidence/ui-capture/original/routing-ospf-lab/routing-group-push-progress.png,routing-group-push-progress.png,true,true,false,documentation_assets/ui/docshot/lab-recreation/routing-ospf/routing-group-push-progress.png,false,,medium,true,"Lab capture provenance probable, not chain-of-custody confirmed; preserve original regardless of later recreation.",routing-ospf-lab,evidence/ui-capture/original/routing-ospf-lab,routing-group-push-progress,ospf-group-view-push-progress,manual-screenshot-probable,medium,used,"[""report-typst""]",065c74740c78dc733b43ee1988871a0323f1caad082cc8d9508aa15fe7924489,preserve-original,B12,false
00_book/figures/report/diagrams/routing-ospf-lab/15.png,evidence.routing-ospf.r1-view-push-dark,ui,manual-cams-screenshot,original-evidence,documentation_assets/evidence/ui-capture/original/routing-ospf-lab/r1-view-push-dark.png,r1-view-push-dark.png,true,true,false,documentation_assets/ui/docshot/lab-recreation/routing-ospf/r1-view-push-dark.png,false,,medium,true,"Lab capture provenance probable, not chain-of-custody confirmed; preserve original regardless of later recreation.",routing-ospf-lab,evidence/ui-capture/original/routing-ospf-lab,r1-view-push-dark,r1-ospf-view-push-dark,manual-screenshot-probable,medium,orphan,[],ee6f2ccd24b40a51839de0202e0c2c0edb91efd9aae1e1db97159c9b856f67a2,preserve-original,B12,false
00_book/figures/report/diagrams/routing-ospf-lab/16.png,evidence.routing-ospf.r2-process,ui,manual-cams-screenshot,original-evidence,documentation_assets/evidence/ui-capture/original/routing-ospf-lab/r2-process.png,r2-process.png,true,true,false,documentation_assets/ui/docshot/lab-recreation/routing-ospf/r2-process.png,false,,medium,true,"Lab capture provenance probable, not chain-of-custody confirmed; preserve original regardless of later recreation.",routing-ospf-lab,evidence/ui-capture/original/routing-ospf-lab,r2-process,r2-ospf-process,manual-screenshot-probable,medium,used,"[""report-typst""]",37519446cc4abc8f75b64f03ba9781b7eec4dab0b517da642cc5bb1230dadabb,preserve-original,B12,false
00_book/figures/report/diagrams/routing-ospf-lab/17.png,evidence.routing-ospf.r1-ospf-routing-verification,terminal-evidence,terminal-capture,original-evidence,documentation_assets/evidence/terminal/original/routing-ospf-lab/r1-ospf-routing-verification.png,r1-ospf-routing-verification.png,true,true,true,,false,,medium,true,Preserve original experimental/capture bytes; text reconstruction cannot reproduce experiment.,routing-ospf-lab,evidence/terminal/original/routing-ospf-lab,r1-ospf-routing-verification,r1-ospf-routing-verification,Presumed original experimental capture; chain of custody not independently verified.,medium,orphan,[],5740dd739ba8407f8346d490a777b2ff8e53dfef5734ecb549a0b72c5bb2deeb,preserve-original,B12,true
00_book/figures/report/diagrams/routing-ospf-lab/18.png,evidence.routing-ospf.r2-ospf-routing-verification,terminal-evidence,terminal-capture,original-evidence,documentation_assets/evidence/terminal/original/routing-ospf-lab/r2-ospf-routing-verification.png,r2-ospf-routing-verification.png,true,true,true,,false,,medium,true,Preserve original experimental/capture bytes; text reconstruction cannot reproduce experiment.,routing-ospf-lab,evidence/terminal/original/routing-ospf-lab,r2-ospf-routing-verification,r2-ospf-routing-verification,Presumed original experimental capture; chain of custody not independently verified.,medium,used,"[""report-typst""]",83aecc39dce6a550f5163fdd43d394ae2f97d3874e324bf771552d939a312e28,preserve-original,B12,true
00_book/figures/report/diagrams/routing-ospf-lab/19.png,evidence.routing-ospf.r3-ospf-routing-verification,terminal-evidence,terminal-capture,original-evidence,documentation_assets/evidence/terminal/original/routing-ospf-lab/r3-ospf-routing-verification.png,r3-ospf-routing-verification.png,true,true,true,,false,,medium,true,Preserve original experimental/capture bytes; text reconstruction cannot reproduce experiment.,routing-ospf-lab,evidence/terminal/original/routing-ospf-lab,r3-ospf-routing-verification,r3-ospf-routing-verification,Presumed original experimental capture; chain of custody not independently verified.,medium,orphan,[],107a14881202c7369470e01d2f6b8bd6016a4712c5f8758ac18a93cf6cb58cfe,preserve-original,B12,true
00_book/figures/report/diagrams/routing-ospf-lab/2.png,evidence.routing-ospf.router-interface-editor-dark,ui,manual-cams-screenshot,original-evidence,documentation_assets/evidence/ui-capture/original/routing-ospf-lab/router-interface-editor-dark.png,router-interface-editor-dark.png,true,true,false,documentation_assets/ui/docshot/lab-recreation/routing-ospf/router-interface-editor-dark.png,false,,medium,true,"Lab capture provenance probable, not chain-of-custody confirmed; preserve original regardless of later recreation.",routing-ospf-lab,evidence/ui-capture/original/routing-ospf-lab,router-interface-editor-dark,router-interface-editor-dark,manual-screenshot-probable,medium,orphan,[],e67bf4ab1c89813323bfae2e089b0811a82b64bd27fe7b4feadbb7c330dbfe9f,preserve-original,B12,false
00_book/figures/report/diagrams/routing-ospf-lab/20.png,evidence.routing-ospf.r6-ospf-routing-verification,terminal-evidence,terminal-capture,original-evidence,documentation_assets/evidence/terminal/original/routing-ospf-lab/r6-ospf-routing-verification.png,r6-ospf-routing-verification.png,true,true,true,,false,,medium,true,Preserve original experimental/capture bytes; text reconstruction cannot reproduce experiment.,routing-ospf-lab,evidence/terminal/original/routing-ospf-lab,r6-ospf-routing-verification,r6-ospf-routing-verification,Presumed original experimental capture; chain of custody not independently verified.,medium,orphan,[],97434d4df89d72e95f691186de48b5b906de4aa0a26b9c89296b22f29deb72ec,preserve-original,B12,true
00_book/figures/report/diagrams/routing-ospf-lab/21.png,evidence.routing-ospf.vpc11-ip-configuration,terminal-evidence,terminal-capture,original-evidence,documentation_assets/evidence/terminal/original/routing-ospf-lab/vpc11-ip-configuration.png,vpc11-ip-configuration.png,true,true,true,,false,,medium,true,Preserve original experimental/capture bytes; text reconstruction cannot reproduce experiment.,routing-ospf-lab,evidence/terminal/original/routing-ospf-lab,vpc11-ip-configuration,vpc11-ip-configuration,Presumed original experimental capture; chain of custody not independently verified.,medium,orphan,[],d9042a3b90c9d6a95837e60061ecc573f27571e5989e2d84474d3e1615a72826,preserve-original,B12,true
00_book/figures/report/diagrams/routing-ospf-lab/22.png,evidence.routing-ospf.vpc12-ip-configuration,terminal-evidence,terminal-capture,original-evidence,documentation_assets/evidence/terminal/original/routing-ospf-lab/vpc12-ip-configuration.png,vpc12-ip-configuration.png,true,true,true,,false,,medium,true,Preserve original experimental/capture bytes; text reconstruction cannot reproduce experiment.,routing-ospf-lab,evidence/terminal/original/routing-ospf-lab,vpc12-ip-configuration,vpc12-ip-configuration,Presumed original experimental capture; chain of custody not independently verified.,medium,orphan,[],b7c9b4ede430cfd8c4feb2df0852578666d8722692fff048d7181f94d4b4d364,preserve-original,B12,true
00_book/figures/report/diagrams/routing-ospf-lab/23.png,evidence.routing-ospf.vpc14-ip-configuration,terminal-evidence,terminal-capture,original-evidence,documentation_assets/evidence/terminal/original/routing-ospf-lab/vpc14-ip-configuration.png,vpc14-ip-configuration.png,true,true,true,,false,,medium,true,Preserve original experimental/capture bytes; text reconstruction cannot reproduce experiment.,routing-ospf-lab,evidence/terminal/original/routing-ospf-lab,vpc14-ip-configuration,vpc14-ip-configuration,Presumed original experimental capture; chain of custody not independently verified.,medium,orphan,[],ea865b77d3e98ce51a790e052ae144ba0db641fc6dd44de30c7993a4f5dc194f,preserve-original,B12,true
00_book/figures/report/diagrams/routing-ospf-lab/24.png,evidence.routing-ospf.vpc13-ip-configuration,terminal-evidence,terminal-capture,original-evidence,documentation_assets/evidence/terminal/original/routing-ospf-lab/vpc13-ip-configuration.png,vpc13-ip-configuration.png,true,true,true,,false,,medium,true,Preserve original experimental/capture bytes; text reconstruction cannot reproduce experiment.,routing-ospf-lab,evidence/terminal/original/routing-ospf-lab,vpc13-ip-configuration,vpc13-ip-configuration,Presumed original experimental capture; chain of custody not independently verified.,medium,orphan,[],4c0fa44c496407b5ae45c92c912cdbc02faf7f0680f01ed6f7c1eb560acbc0f0,preserve-original,B12,true
00_book/figures/report/diagrams/routing-ospf-lab/25.png,evidence.routing-ospf.vpc11-ping-verification,terminal-evidence,terminal-capture,original-evidence,documentation_assets/evidence/connectivity/original/routing-ospf-lab/vpc11-ping-verification.png,vpc11-ping-verification.png,true,true,true,,false,,medium,true,Preserve original experimental/capture bytes; text reconstruction cannot reproduce experiment.,routing-ospf-lab,evidence/connectivity/original/routing-ospf-lab,vpc11-ping-verification,vpc11-ping-verification,Presumed original experimental capture; chain of custody not independently verified.,medium,used,"[""report-typst""]",b02fb1c18aa7fc90487beb819f396cc6730105736db55f1869d30ebdaeef576f,preserve-original,B12,true
00_book/figures/report/diagrams/routing-ospf-lab/26.png,evidence.routing-ospf.vpc13-ping-verification,terminal-evidence,terminal-capture,original-evidence,documentation_assets/evidence/connectivity/original/routing-ospf-lab/vpc13-ping-verification.png,vpc13-ping-verification.png,true,true,true,,false,,medium,true,Preserve original experimental/capture bytes; text reconstruction cannot reproduce experiment.,routing-ospf-lab,evidence/connectivity/original/routing-ospf-lab,vpc13-ping-verification,vpc13-ping-verification,Presumed original experimental capture; chain of custody not independently verified.,medium,orphan,[],a412334fc16be88e9703b6bfd4d23963609c59b3ace60b9d315566a73ddb38e1,preserve-original,B12,true
00_book/figures/report/diagrams/routing-ospf-lab/27.png,evidence.routing-ospf.vpc15-ping-verification,terminal-evidence,terminal-capture,original-evidence,documentation_assets/evidence/connectivity/original/routing-ospf-lab/vpc15-ping-verification.png,vpc15-ping-verification.png,true,true,true,,false,,medium,true,Preserve original experimental/capture bytes; text reconstruction cannot reproduce experiment.,routing-ospf-lab,evidence/connectivity/original/routing-ospf-lab,vpc15-ping-verification,vpc15-ping-verification,Presumed original experimental capture; chain of custody not independently verified.,medium,orphan,[],99b8ade3d63eab26aeb7a9db47c0147f5b40ba5d6a5c6732969af4f81fe2b587,preserve-original,B12,true
00_book/figures/report/diagrams/routing-ospf-lab/3.png,evidence.routing-ospf.router-interface-addresses-dark,ui,manual-cams-screenshot,original-evidence,documentation_assets/evidence/ui-capture/original/routing-ospf-lab/router-interface-addresses-dark.png,router-interface-addresses-dark.png,true,true,false,documentation_assets/ui/docshot/lab-recreation/routing-ospf/router-interface-addresses-dark.png,false,,medium,true,"Lab capture provenance probable, not chain-of-custody confirmed; preserve original regardless of later recreation.",routing-ospf-lab,evidence/ui-capture/original/routing-ospf-lab,router-interface-addresses-dark,router-interface-addresses-dark,manual-screenshot-probable,medium,orphan,[],86643a83be2ae67f2d69a2fb24903bcc3cd38814e7bd448b5be567dee9ff51b4,preserve-original,B12,false
00_book/figures/report/diagrams/routing-ospf-lab/4.png,evidence.routing-ospf.router-interface-policy-dark,ui,manual-cams-screenshot,original-evidence,documentation_assets/evidence/ui-capture/original/routing-ospf-lab/router-interface-policy-dark.png,router-interface-policy-dark.png,true,true,false,documentation_assets/ui/docshot/lab-recreation/routing-ospf/router-interface-policy-dark.png,false,,medium,true,"Lab capture provenance probable, not chain-of-custody confirmed; preserve original regardless of later recreation.",routing-ospf-lab,evidence/ui-capture/original/routing-ospf-lab,router-interface-policy-dark,router-interface-policy-dark,manual-screenshot-probable,medium,orphan,[],24f016f0b5616d0ca43205ba6a21fd7f9be403e2d4a6a318adb60055dd06f533,preserve-original,B12,false
00_book/figures/report/diagrams/routing-ospf-lab/5.png,evidence.routing-ospf.router-interfaces-inventory-dark,ui,manual-cams-screenshot,original-evidence,documentation_assets/evidence/ui-capture/original/routing-ospf-lab/router-interfaces-inventory-dark.png,router-interfaces-inventory-dark.png,true,true,false,documentation_assets/ui/docshot/lab-recreation/routing-ospf/router-interfaces-inventory-dark.png,false,,medium,true,"Lab capture provenance probable, not chain-of-custody confirmed; preserve original regardless of later recreation.",routing-ospf-lab,evidence/ui-capture/original/routing-ospf-lab,router-interfaces-inventory-dark,router-interfaces-inventory-dark,manual-screenshot-probable,medium,orphan,[],a8ed481f986f55dcc980e01237a56e61316eee7f0583de797d91bab9c7e221b0,preserve-original,B12,false
00_book/figures/report/diagrams/routing-ospf-lab/6.png,evidence.routing-ospf.router-interfaces-selected-dark,ui,manual-cams-screenshot,original-evidence,documentation_assets/evidence/ui-capture/original/routing-ospf-lab/router-interfaces-selected-dark.png,router-interfaces-selected-dark.png,true,true,false,documentation_assets/ui/docshot/lab-recreation/routing-ospf/router-interfaces-selected-dark.png,false,,medium,true,"Lab capture provenance probable, not chain-of-custody confirmed; preserve original regardless of later recreation.",routing-ospf-lab,evidence/ui-capture/original/routing-ospf-lab,router-interfaces-selected-dark,router-interfaces-inventory-selected-dark,manual-screenshot-probable,medium,orphan,[],abcd6a0193d81de9914c664fda62eff319cf7d7883bbec1dd5296c7500849b10,preserve-original,B12,false
00_book/figures/report/diagrams/routing-ospf-lab/7.png,evidence.routing-ospf.router-interface-edit-dark,ui,manual-cams-screenshot,original-evidence,documentation_assets/evidence/ui-capture/original/routing-ospf-lab/router-interface-edit-dark.png,router-interface-edit-dark.png,true,true,false,documentation_assets/ui/docshot/lab-recreation/routing-ospf/router-interface-edit-dark.png,false,,medium,true,"Lab capture provenance probable, not chain-of-custody confirmed; preserve original regardless of later recreation.",routing-ospf-lab,evidence/ui-capture/original/routing-ospf-lab,router-interface-edit-dark,router-interface-inventory-edit-dark,manual-screenshot-probable,medium,orphan,[],27f5ce0fd345aa2a75fc522e646bb0ce532636fa3a1cb79d6186ddc84703eb30,preserve-original,B12,false
00_book/figures/report/diagrams/routing-ospf-lab/8.png,evidence.routing-ospf.router-interface-counters-dark,ui,manual-cams-screenshot,original-evidence,documentation_assets/evidence/ui-capture/original/routing-ospf-lab/router-interface-counters-dark.png,router-interface-counters-dark.png,true,true,false,documentation_assets/ui/docshot/lab-recreation/routing-ospf/router-interface-counters-dark.png,false,,medium,true,"Lab capture provenance probable, not chain-of-custody confirmed; preserve original regardless of later recreation.",routing-ospf-lab,evidence/ui-capture/original/routing-ospf-lab,router-interface-counters-dark,router-interface-counters-dark,manual-screenshot-probable,medium,orphan,[],6c9868113f76ae48569d11d9e2ed40466c7352e55a0e2944afdfd8f3708ef838,preserve-original,B12,false
00_book/figures/report/diagrams/routing-ospf-lab/9.png,evidence.routing-ospf.router-process-overview-dark,ui,manual-cams-screenshot,original-evidence,documentation_assets/evidence/ui-capture/original/routing-ospf-lab/router-process-overview-dark.png,router-process-overview-dark.png,true,true,false,documentation_assets/ui/docshot/lab-recreation/routing-ospf/router-process-overview-dark.png,false,,medium,true,"Lab capture provenance probable, not chain-of-custody confirmed; preserve original regardless of later recreation.",routing-ospf-lab,evidence/ui-capture/original/routing-ospf-lab,router-process-overview-dark,router-ospf-process-dark,manual-screenshot-probable,medium,orphan,[],614946c0b125eedc2654d2a62a9253f6c15ef5e17ca73fa284e2f6a25af1d0e5,preserve-original,B12,false
00_book/figures/report/diagrams/switching-lab/1_1.png,evidence.switching.sw1-vlan-ten-access-assignments,ui,manual-cams-screenshot,original-evidence,documentation_assets/evidence/ui-capture/original/switching-lab/sw1-vlan-ten-access-assignments.png,sw1-vlan-ten-access-assignments.png,true,true,false,documentation_assets/ui/docshot/lab-recreation/switching/sw1-vlan-ten-access-assignments.png,false,,medium,true,"Lab capture provenance probable, not chain-of-custody confirmed; preserve original regardless of later recreation.; Switching semantic labels use inspected state/device; review against full-resolution original.",switching-lab,evidence/ui-capture/original/switching-lab,sw1-vlan-ten-access-assignments,switch-port-inventory-editor-1-1,manual-screenshot-probable,medium,orphan,[],bbbde45e507e3073251bcce6f3b32f3cf72f83b0eaddcd2ce0222767ba51e058,preserve-original,B11,false
00_book/figures/report/diagrams/switching-lab/1_10.png,evidence.switching.sw1-trunks-pending-apply,ui,manual-cams-screenshot,original-evidence,documentation_assets/evidence/ui-capture/original/switching-lab/sw1-trunks-pending-apply.png,sw1-trunks-pending-apply.png,true,true,false,documentation_assets/ui/docshot/lab-recreation/switching/sw1-trunks-pending-apply.png,false,,medium,true,"Lab capture provenance probable, not chain-of-custody confirmed; preserve original regardless of later recreation.; Switching semantic labels use inspected state/device; review against full-resolution original.",switching-lab,evidence/ui-capture/original/switching-lab,sw1-trunks-pending-apply,switch-port-inventory-editor-1-10,manual-screenshot-probable,medium,orphan,[],22b8eac4767def77575fce18f21a827b1057d62327e51d22f0a62b4883752867,preserve-original,B11,false
00_book/figures/report/diagrams/switching-lab/1_11.png,evidence.switching.sw2-trunks-synchronized,ui,manual-cams-screenshot,original-evidence,documentation_assets/evidence/ui-capture/original/switching-lab/sw2-trunks-synchronized.png,sw2-trunks-synchronized.png,true,true,false,documentation_assets/ui/docshot/lab-recreation/switching/sw2-trunks-synchronized.png,false,,medium,true,"Lab capture provenance probable, not chain-of-custody confirmed; preserve original regardless of later recreation.; Switching semantic labels use inspected state/device; review against full-resolution original.",switching-lab,evidence/ui-capture/original/switching-lab,sw2-trunks-synchronized,switch-port-inventory-editor-1-11,manual-screenshot-probable,medium,orphan,[],994ec1c65545ff08770796df0513d6d6f473fc035767ebd26297f600cdc23ce8,preserve-original,B11,false
00_book/figures/report/diagrams/switching-lab/1_12.png,evidence.switching.sw3-trunks-synchronized,ui,manual-cams-screenshot,original-evidence,documentation_assets/evidence/ui-capture/original/switching-lab/sw3-trunks-synchronized.png,sw3-trunks-synchronized.png,true,true,false,documentation_assets/ui/docshot/lab-recreation/switching/sw3-trunks-synchronized.png,false,,medium,true,"Lab capture provenance probable, not chain-of-custody confirmed; preserve original regardless of later recreation.; Switching semantic labels use inspected state/device; review against full-resolution original.",switching-lab,evidence/ui-capture/original/switching-lab,sw3-trunks-synchronized,switch-port-inventory-editor-1-12,manual-screenshot-probable,medium,orphan,[],363d132d762906925b1b8e82ce040fd872b69bf16941b758e627f91ab5886326,preserve-original,B11,false
00_book/figures/report/diagrams/switching-lab/1_13.png,evidence.switching.sw4-trunks-synchronized,ui,manual-cams-screenshot,original-evidence,documentation_assets/evidence/ui-capture/original/switching-lab/sw4-trunks-synchronized.png,sw4-trunks-synchronized.png,true,true,false,documentation_assets/ui/docshot/lab-recreation/switching/sw4-trunks-synchronized.png,false,,medium,true,"Lab capture provenance probable, not chain-of-custody confirmed; preserve original regardless of later recreation.; Switching semantic labels use inspected state/device; review against full-resolution original.",switching-lab,evidence/ui-capture/original/switching-lab,sw4-trunks-synchronized,switch-port-inventory-editor-1-13,manual-screenshot-probable,medium,orphan,[],428f51d0ea5c130979c39626153032448d5fa439e663990386db6dd249b66cd0,preserve-original,B11,false
00_book/figures/report/diagrams/switching-lab/1_14.png,evidence.switching.sw5-trunks-synchronized,ui,manual-cams-screenshot,original-evidence,documentation_assets/evidence/ui-capture/original/switching-lab/sw5-trunks-synchronized.png,sw5-trunks-synchronized.png,true,true,false,documentation_assets/ui/docshot/lab-recreation/switching/sw5-trunks-synchronized.png,false,,medium,true,"Lab capture provenance probable, not chain-of-custody confirmed; preserve original regardless of later recreation.; Switching semantic labels use inspected state/device; review against full-resolution original.",switching-lab,evidence/ui-capture/original/switching-lab,sw5-trunks-synchronized,switch-port-inventory-editor-1-14,manual-screenshot-probable,medium,orphan,[],dde0547aa221edeea9b24ae52efbc5ee3aab750ee415a4083e33078844788b03,preserve-original,B11,false
00_book/figures/report/diagrams/switching-lab/1_15.png,evidence.switching.sw6-trunks-synchronized,ui,manual-cams-screenshot,original-evidence,documentation_assets/evidence/ui-capture/original/switching-lab/sw6-trunks-synchronized.png,sw6-trunks-synchronized.png,true,true,false,documentation_assets/ui/docshot/lab-recreation/switching/sw6-trunks-synchronized.png,false,,medium,true,"Lab capture provenance probable, not chain-of-custody confirmed; preserve original regardless of later recreation.; Switching semantic labels use inspected state/device; review against full-resolution original.",switching-lab,evidence/ui-capture/original/switching-lab,sw6-trunks-synchronized,switch-port-inventory-editor-1-15,manual-screenshot-probable,medium,orphan,[],fe15e98c298f5c2004d792ea964455148c0051b3486fc0c7cc226260b29a0aa0,preserve-original,B11,false
00_book/figures/report/diagrams/switching-lab/1_16.png,evidence.switching.vtp-group-identity,ui,manual-cams-screenshot,original-evidence,documentation_assets/evidence/ui-capture/original/switching-lab/vtp-group-identity.png,vtp-group-identity.png,true,true,false,documentation_assets/ui/docshot/lab-recreation/switching/vtp-group-identity.png,false,,medium,true,"Lab capture provenance probable, not chain-of-custody confirmed; preserve original regardless of later recreation.; Switching semantic labels use inspected state/device; review against full-resolution original.",switching-lab,evidence/ui-capture/original/switching-lab,vtp-group-identity,vtp-group-policy-1-16,manual-screenshot-probable,medium,used,"[""report-typst""]",2809933f285b06a0e2a96f913e022893afea839028c0c4d832d264eee8426cdd,preserve-original,B11,false
00_book/figures/report/diagrams/switching-lab/1_17.png,evidence.switching.vtp-group-member-policy,ui,manual-cams-screenshot,original-evidence,documentation_assets/evidence/ui-capture/original/switching-lab/vtp-group-member-policy.png,vtp-group-member-policy.png,true,true,false,documentation_assets/ui/docshot/lab-recreation/switching/vtp-group-member-policy.png,false,,medium,true,"Lab capture provenance probable, not chain-of-custody confirmed; preserve original regardless of later recreation.; Switching semantic labels use inspected state/device; review against full-resolution original.",switching-lab,evidence/ui-capture/original/switching-lab,vtp-group-member-policy,vtp-group-policy-1-17,manual-screenshot-probable,medium,orphan,[],747af0238c071b00854d1b67e1199425a3b4026b19dd58dae185fee2080845df,preserve-original,B11,false
00_book/figures/report/diagrams/switching-lab/1_18.png,evidence.switching.sw1-vlan-five-access-assignments,ui,manual-cams-screenshot,original-evidence,documentation_assets/evidence/ui-capture/original/switching-lab/sw1-vlan-five-access-assignments.png,sw1-vlan-five-access-assignments.png,true,true,false,documentation_assets/ui/docshot/lab-recreation/switching/sw1-vlan-five-access-assignments.png,false,,medium,true,"Lab capture provenance probable, not chain-of-custody confirmed; preserve original regardless of later recreation.; Switching semantic labels use inspected state/device; review against full-resolution original.",switching-lab,evidence/ui-capture/original/switching-lab,sw1-vlan-five-access-assignments,switch-port-inventory-editor-1-18,manual-screenshot-probable,medium,orphan,[],0207beffe4c488278454751867280dfd38da788930fed8dcceb9cd991dcb1a1e,preserve-original,B11,false
00_book/figures/report/diagrams/switching-lab/1_19.png,evidence.switching.sw1-vlan-data-network-selected,ui,manual-cams-screenshot,original-evidence,documentation_assets/evidence/ui-capture/original/switching-lab/sw1-vlan-data-network-selected.png,sw1-vlan-data-network-selected.png,true,true,false,documentation_assets/ui/docshot/lab-recreation/switching/sw1-vlan-data-network-selected.png,false,,medium,true,"Lab capture provenance probable, not chain-of-custody confirmed; preserve original regardless of later recreation.; Switching semantic labels use inspected state/device; review against full-resolution original.",switching-lab,evidence/ui-capture/original/switching-lab,sw1-vlan-data-network-selected,switch-port-inventory-editor-1-19,manual-screenshot-probable,medium,orphan,[],f9c0ca800a6a3ebf780d7af3bc4c5e4dd0cbde560c64c9e5b22d221408e49afd,preserve-original,B11,false
00_book/figures/report/diagrams/switching-lab/1_2.png,evidence.switching.sw1-lacp-port-channel-editing,ui,manual-cams-screenshot,original-evidence,documentation_assets/evidence/ui-capture/original/switching-lab/sw1-lacp-port-channel-editing.png,sw1-lacp-port-channel-editing.png,true,true,false,documentation_assets/ui/docshot/lab-recreation/switching/sw1-lacp-port-channel-editing.png,false,,medium,true,"Lab capture provenance probable, not chain-of-custody confirmed; preserve original regardless of later recreation.; Switching semantic labels use inspected state/device; review against full-resolution original.",switching-lab,evidence/ui-capture/original/switching-lab,sw1-lacp-port-channel-editing,switch-port-inventory-editor-1-2,manual-screenshot-probable,medium,orphan,[],ed2571d0a296fa0e4986285e4ff1c31e460fb998178745814c0e959e6b110736,preserve-original,B11,false
00_book/figures/report/diagrams/switching-lab/1_20.png,evidence.switching.vlan-view-push,ui,manual-cams-screenshot,original-evidence,documentation_assets/evidence/ui-capture/original/switching-lab/vlan-view-push.png,vlan-view-push.png,true,true,false,documentation_assets/ui/docshot/lab-recreation/switching/vlan-view-push.png,false,,medium,true,"Lab capture provenance probable, not chain-of-custody confirmed; preserve original regardless of later recreation.; Switching semantic labels use inspected state/device; review against full-resolution original.",switching-lab,evidence/ui-capture/original/switching-lab,vlan-view-push,vlan-view-push-preview-1-20,manual-screenshot-probable,medium,used,"[""report-typst""]",44583fe722181386d801d4d231944ea6062ac324b0b1083a90aa97829afafa68,preserve-original,B11,false
00_book/figures/report/diagrams/switching-lab/1_21.png,evidence.switching.vlan-security-policy,ui,manual-cams-screenshot,original-evidence,documentation_assets/evidence/ui-capture/original/switching-lab/vlan-security-policy.png,vlan-security-policy.png,true,true,false,documentation_assets/ui/docshot/lab-recreation/switching/vlan-security-policy.png,false,,medium,true,"Lab capture provenance probable, not chain-of-custody confirmed; preserve original regardless of later recreation.; Switching semantic labels use inspected state/device; review against full-resolution original.",switching-lab,evidence/ui-capture/original/switching-lab,vlan-security-policy,switch-port-inventory-editor-1-21,manual-screenshot-probable,medium,used,"[""report-typst""]",4a8af469b3a7f60848adf3a45a564d6ca47faab5256c961272480166f7841a0a,preserve-original,B11,false
00_book/figures/report/diagrams/switching-lab/1_22.png,evidence.switching.trusted-uplinks,ui,manual-cams-screenshot,original-evidence,documentation_assets/evidence/ui-capture/original/switching-lab/trusted-uplinks.png,trusted-uplinks.png,true,true,false,documentation_assets/ui/docshot/lab-recreation/switching/trusted-uplinks.png,false,,medium,true,"Lab capture provenance probable, not chain-of-custody confirmed; preserve original regardless of later recreation.; Switching semantic labels use inspected state/device; review against full-resolution original.",switching-lab,evidence/ui-capture/original/switching-lab,trusted-uplinks,switch-port-inventory-editor-1-22,manual-screenshot-probable,medium,orphan,[],9c804dbfb282f469ac41d67d2d9a8214039e0f8f8458687ff4f9438c27b0c64d,preserve-original,B11,false
00_book/figures/report/diagrams/switching-lab/1_23.png,evidence.switching.l2-security-view-push,ui,manual-cams-screenshot,original-evidence,documentation_assets/evidence/ui-capture/original/switching-lab/l2-security-view-push.png,l2-security-view-push.png,true,true,false,documentation_assets/ui/docshot/lab-recreation/switching/l2-security-view-push.png,false,,medium,true,"Lab capture provenance probable, not chain-of-custody confirmed; preserve original regardless of later recreation.; Switching semantic labels use inspected state/device; review against full-resolution original.",switching-lab,evidence/ui-capture/original/switching-lab,l2-security-view-push,l2-security-view-push-preview-1-23,manual-screenshot-probable,medium,orphan,[],ae9f766e11b132cbaf999d0b675046542ae3b1f37ba1d2061f10daf288fff1fc,preserve-original,B11,false
00_book/figures/report/diagrams/switching-lab/1_24.png,evidence.switching.port-security-editor,ui,manual-cams-screenshot,original-evidence,documentation_assets/evidence/ui-capture/original/switching-lab/port-security-editor.png,port-security-editor.png,true,true,false,documentation_assets/ui/docshot/lab-recreation/switching/port-security-editor.png,false,,medium,true,"Lab capture provenance probable, not chain-of-custody confirmed; preserve original regardless of later recreation.; Switching semantic labels use inspected state/device; review against full-resolution original.",switching-lab,evidence/ui-capture/original/switching-lab,port-security-editor,switch-port-inventory-editor-1-24,manual-screenshot-probable,medium,orphan,[],4a7ab12e559af457d41b73564b67ed4da27683f56426353d110f74ac68dd3b72,preserve-original,B11,false
00_book/figures/report/diagrams/switching-lab/1_25.png,evidence.switching.port-security-view-push,ui,manual-cams-screenshot,original-evidence,documentation_assets/evidence/ui-capture/original/switching-lab/port-security-view-push.png,port-security-view-push.png,true,true,false,documentation_assets/ui/docshot/lab-recreation/switching/port-security-view-push.png,false,,medium,true,"Lab capture provenance probable, not chain-of-custody confirmed; preserve original regardless of later recreation.; Switching semantic labels use inspected state/device; review against full-resolution original.",switching-lab,evidence/ui-capture/original/switching-lab,port-security-view-push,port-security-view-push-preview-1-25,manual-screenshot-probable,medium,used,"[""report-typst""]",64eae1293341df8234925ec6bc96606f6b13331eb61f71861ee95bec0717132f,preserve-original,B11,false
00_book/figures/report/diagrams/switching-lab/1_26.png,evidence.switching.port-security-configured,ui,manual-cams-screenshot,original-evidence,documentation_assets/evidence/ui-capture/original/switching-lab/port-security-configured.png,port-security-configured.png,true,true,false,documentation_assets/ui/docshot/lab-recreation/switching/port-security-configured.png,false,,medium,true,"Lab capture provenance probable, not chain-of-custody confirmed; preserve original regardless of later recreation.; Switching semantic labels use inspected state/device; review against full-resolution original.",switching-lab,evidence/ui-capture/original/switching-lab,port-security-configured,switch-port-inventory-editor-1-26,manual-screenshot-probable,medium,orphan,[],fb753538ab1592640307ae2ed925ab32478440da260c7bc880e2d5e04a89faa2,preserve-original,B11,false
00_book/figures/report/diagrams/switching-lab/1_27.png,evidence.switching.sw1-vtp-status,terminal-evidence,terminal-capture,original-evidence,documentation_assets/evidence/terminal/original/switching-lab/sw1-vtp-status.png,sw1-vtp-status.png,true,true,true,,false,,medium,true,Preserve original experimental/capture bytes; text reconstruction cannot reproduce experiment.; Switching semantic labels use inspected state/device; review against full-resolution original.,switching-lab,evidence/terminal/original/switching-lab,sw1-vtp-status,switch-device-cli-verification-1-27,Presumed original experimental capture; chain of custody not independently verified.,medium,orphan,[],1f79031317db8da9f975d4a0a998c21ffda69b94c268413d87bc80837ec8cb90,preserve-original,B11,true
00_book/figures/report/diagrams/switching-lab/1_28.png,evidence.switching.sw2-vtp-status,terminal-evidence,terminal-capture,original-evidence,documentation_assets/evidence/terminal/original/switching-lab/sw2-vtp-status.png,sw2-vtp-status.png,true,true,true,,false,,medium,true,Preserve original experimental/capture bytes; text reconstruction cannot reproduce experiment.; Switching semantic labels use inspected state/device; review against full-resolution original.,switching-lab,evidence/terminal/original/switching-lab,sw2-vtp-status,switch-device-cli-verification-1-28,Presumed original experimental capture; chain of custody not independently verified.,medium,orphan,[],463ed3e658fe587992fe294d4916b7d9d3f8c0e78341c0009733b1d9bf878b66,preserve-original,B11,true
00_book/figures/report/diagrams/switching-lab/1_29.png,evidence.switching.sw2-vtp-trunk-verification,terminal-evidence,terminal-capture,original-evidence,documentation_assets/evidence/terminal/original/switching-lab/sw2-vtp-trunk-verification.png,sw2-vtp-trunk-verification.png,true,true,true,,false,,medium,true,Preserve original experimental/capture bytes; text reconstruction cannot reproduce experiment.; Switching semantic labels use inspected state/device; review against full-resolution original.,switching-lab,evidence/terminal/original/switching-lab,sw2-vtp-trunk-verification,switch-device-cli-verification-1-29,Presumed original experimental capture; chain of custody not independently verified.,medium,orphan,[],591d4f7cfae450a62e8be1a282982243b92d5253590df9ea41a61bb79a1054a7,preserve-original,B11,true
00_book/figures/report/diagrams/switching-lab/1_3.png,evidence.switching.etherchannel-view-push,ui,manual-cams-screenshot,original-evidence,documentation_assets/evidence/ui-capture/original/switching-lab/etherchannel-view-push.png,etherchannel-view-push.png,true,true,false,documentation_assets/ui/docshot/lab-recreation/switching/etherchannel-view-push.png,false,,medium,true,"Lab capture provenance probable, not chain-of-custody confirmed; preserve original regardless of later recreation.; Switching semantic labels use inspected state/device; review against full-resolution original.",switching-lab,evidence/ui-capture/original/switching-lab,etherchannel-view-push,etherchannel-view-push-preview-1-3,manual-screenshot-probable,medium,used,"[""report-typst""]",e570bc1d4ed0c65eae3dbfdcc05b179af3e27908a9ccdf7a3147aff8924fbb71,preserve-original,B11,false
00_book/figures/report/diagrams/switching-lab/1_30.png,evidence.switching.multi-switch-etherchannel-verification,terminal-evidence,terminal-capture,original-evidence,documentation_assets/evidence/terminal/original/switching-lab/multi-switch-etherchannel-verification.png,multi-switch-etherchannel-verification.png,true,true,true,,false,,medium,true,Preserve original experimental/capture bytes; text reconstruction cannot reproduce experiment.; Switching semantic labels use inspected state/device; review against full-resolution original.,switching-lab,evidence/terminal/original/switching-lab,multi-switch-etherchannel-verification,switch-device-cli-verification-1-30,Presumed original experimental capture; chain of custody not independently verified.,medium,used,"[""report-typst""]",45d6530be20d713fb6799e9d88774fa1c994b27b3a1fbe6be10b72832c7f7819,preserve-original,B11,true
00_book/figures/report/diagrams/switching-lab/1_31.png,evidence.switching.sw2-vtp-trunk-alternate-capture,terminal-evidence,terminal-capture,unresolved,,,true,true,true,,false,,low,true,Preserve original experimental/capture bytes; text reconstruction cannot reproduce experiment.; Switching semantic labels use inspected state/device; review against full-resolution original.; No verified semantic state difference from the visually similar capture. Hold filename/path rather than append arbitrary sequence. Resolve pair first; do not move this row.,switching-lab,evidence/terminal/original/switching-lab,sw2-vtp-trunk-alternate-capture,switch-device-cli-verification-1-31,Presumed original experimental capture; chain of custody not independently verified.,medium,orphan,[],1787137221051cd6e779ab1ec538d5cb41dd38c4f130273ad5b8dfeae335f523,unresolved,B11,true
00_book/figures/report/diagrams/switching-lab/1_32.png,evidence.switching.mac-address-table,ui,manual-cams-screenshot,original-evidence,documentation_assets/evidence/ui-capture/original/switching-lab/mac-address-table.png,mac-address-table.png,true,true,false,documentation_assets/ui/docshot/lab-recreation/switching/mac-address-table.png,false,,medium,true,"Lab capture provenance probable, not chain-of-custody confirmed; preserve original regardless of later recreation.; Switching semantic labels use inspected state/device; review against full-resolution original.",switching-lab,evidence/ui-capture/original/switching-lab,mac-address-table,switch-port-inventory-editor-1-32,manual-screenshot-probable,medium,orphan,[],37146e37a9b4febb0fc9bed107ba957170ff600d494e95d0c61c8f1bf85ed550,preserve-original,B11,false
00_book/figures/report/diagrams/switching-lab/1_33.png,evidence.switching.sw5-port-security-verification,terminal-evidence,terminal-capture,original-evidence,documentation_assets/evidence/terminal/original/switching-lab/sw5-port-security-verification.png,sw5-port-security-verification.png,true,true,true,,false,,medium,true,Preserve original experimental/capture bytes; text reconstruction cannot reproduce experiment.; Switching semantic labels use inspected state/device; review against full-resolution original.,switching-lab,evidence/terminal/original/switching-lab,sw5-port-security-verification,switch-device-cli-verification-1-33,Presumed original experimental capture; chain of custody not independently verified.,medium,orphan,[],82ab183bf8cdc3a9d10a5182bbbd731d33be8d1621f4d8ecdce504f186a72226,preserve-original,B11,true
00_book/figures/report/diagrams/switching-lab/1_4.png,evidence.switching.sw3-lacp-inventory-reloaded,ui,manual-cams-screenshot,original-evidence,documentation_assets/evidence/ui-capture/original/switching-lab/sw3-lacp-inventory-reloaded.png,sw3-lacp-inventory-reloaded.png,true,true,false,documentation_assets/ui/docshot/lab-recreation/switching/sw3-lacp-inventory-reloaded.png,false,,medium,true,"Lab capture provenance probable, not chain-of-custody confirmed; preserve original regardless of later recreation.; Switching semantic labels use inspected state/device; review against full-resolution original.",switching-lab,evidence/ui-capture/original/switching-lab,sw3-lacp-inventory-reloaded,switch-port-inventory-editor-1-4,manual-screenshot-probable,medium,orphan,[],3fd658c84bf6466120bd2d60361f848f86c10a40c725bfd3e5ef40fee336e68b,preserve-original,B11,false
00_book/figures/report/diagrams/switching-lab/1_5.png,evidence.switching.sw1-lacp-inventory-reloaded,ui,manual-cams-screenshot,original-evidence,documentation_assets/evidence/ui-capture/original/switching-lab/sw1-lacp-inventory-reloaded.png,sw1-lacp-inventory-reloaded.png,true,true,false,documentation_assets/ui/docshot/lab-recreation/switching/sw1-lacp-inventory-reloaded.png,false,,medium,true,"Lab capture provenance probable, not chain-of-custody confirmed; preserve original regardless of later recreation.; Switching semantic labels use inspected state/device; review against full-resolution original.",switching-lab,evidence/ui-capture/original/switching-lab,sw1-lacp-inventory-reloaded,switch-port-inventory-editor-1-5,manual-screenshot-probable,medium,orphan,[],3c859b89c9c4c78c5b211ec7f92785b3c5f53d4ff5d8e456740f26779e8a119d,preserve-original,B11,false
00_book/figures/report/diagrams/switching-lab/1_6.png,evidence.switching.sw3-lacp-later-capture,ui,manual-cams-screenshot,unresolved,,,true,true,false,,false,,low,true,"Lab capture provenance probable, not chain-of-custody confirmed; preserve original regardless of later recreation.; Switching semantic labels use inspected state/device; review against full-resolution original.; No verified semantic state difference from the visually similar capture. Hold filename/path rather than append arbitrary sequence. Resolve pair first; do not move this row.",switching-lab,evidence/ui-capture/original/switching-lab,sw3-lacp-later-capture,switch-port-inventory-editor-1-6,manual-screenshot-probable,medium,orphan,[],f39954911fd7549af46cd42373b8abb14792b19df072535b28a4388ba32f4d2e,unresolved,B11,false
00_book/figures/report/diagrams/switching-lab/1_7.png,evidence.switching.sw2-pagp-synchronized,ui,manual-cams-screenshot,original-evidence,documentation_assets/evidence/ui-capture/original/switching-lab/sw2-pagp-synchronized.png,sw2-pagp-synchronized.png,true,true,false,documentation_assets/ui/docshot/lab-recreation/switching/sw2-pagp-synchronized.png,false,,medium,true,"Lab capture provenance probable, not chain-of-custody confirmed; preserve original regardless of later recreation.; Switching semantic labels use inspected state/device; review against full-resolution original.",switching-lab,evidence/ui-capture/original/switching-lab,sw2-pagp-synchronized,switch-port-inventory-editor-1-7,manual-screenshot-probable,medium,orphan,[],dedb6deb08193e38e84bbebead2af995a078a115fca74f0acf53f89cb8e39252,preserve-original,B11,false
00_book/figures/report/diagrams/switching-lab/1_8.png,evidence.switching.sw4-pagp-synchronized,ui,manual-cams-screenshot,original-evidence,documentation_assets/evidence/ui-capture/original/switching-lab/sw4-pagp-synchronized.png,sw4-pagp-synchronized.png,true,true,false,documentation_assets/ui/docshot/lab-recreation/switching/sw4-pagp-synchronized.png,false,,medium,true,"Lab capture provenance probable, not chain-of-custody confirmed; preserve original regardless of later recreation.; Switching semantic labels use inspected state/device; review against full-resolution original.",switching-lab,evidence/ui-capture/original/switching-lab,sw4-pagp-synchronized,switch-port-inventory-editor-1-8,manual-screenshot-probable,medium,orphan,[],df02c9a5fa468fd5d37eeecdb165da6f7e27ff2d69a89e19f74dfc1866c1a787,preserve-original,B11,false
00_book/figures/report/diagrams/switching-lab/1_9.png,evidence.switching.sw1-port-mode-editing,ui,manual-cams-screenshot,original-evidence,documentation_assets/evidence/ui-capture/original/switching-lab/sw1-port-mode-editing.png,sw1-port-mode-editing.png,true,true,false,documentation_assets/ui/docshot/lab-recreation/switching/sw1-port-mode-editing.png,false,,medium,true,"Lab capture provenance probable, not chain-of-custody confirmed; preserve original regardless of later recreation.; Switching semantic labels use inspected state/device; review against full-resolution original.",switching-lab,evidence/ui-capture/original/switching-lab,sw1-port-mode-editing,switch-port-inventory-editor-1-9,manual-screenshot-probable,medium,orphan,[],96df1218bdb35b2c11f851213763cadfe3258cdcbfea8fd39469d4ad86b50f90,preserve-original,B11,false
00_book/figures/report/diagrams/syslog-lab/01-syslog-configuration.png,evidence.syslog.configuration,ui,manual-cams-screenshot,original-evidence,documentation_assets/evidence/ui-capture/original/syslog-lab/configuration.png,configuration.png,true,true,false,documentation_assets/ui/docshot/lab-recreation/syslog/configuration.png,false,,medium,true,"Lab capture provenance probable, not chain-of-custody confirmed; preserve original regardless of later recreation.",syslog-lab,evidence/ui-capture/original/syslog-lab,configuration,Giao diện quản lý Syslog Server trước khi tạo chính sách gửi log,manual-screenshot-probable,medium,used,"[""report-typst""]",51181d736a2a2ced1d3840299b68cb2e48b84488d3feae8adbaa4840d6d9b5fe,preserve-original,B14,false
00_book/figures/report/diagrams/syslog-lab/02-syslog-select-hosts.png,evidence.syslog.select-hosts,ui,manual-cams-screenshot,original-evidence,documentation_assets/evidence/ui-capture/original/syslog-lab/select-hosts.png,select-hosts.png,true,true,false,documentation_assets/ui/docshot/lab-recreation/syslog/select-hosts.png,false,,medium,true,"Lab capture provenance probable, not chain-of-custody confirmed; preserve original regardless of later recreation.",syslog-lab,evidence/ui-capture/original/syslog-lab,select-hosts,Bước Hosts của Syslog Group: chọn 4 thiết bị cùng tham gia chính sách gửi log,manual-screenshot-probable,medium,used,"[""report-typst""]",7afe77c12c13f9fe152aee040f0af29b341423b0057ebb0386b00e5d423e9c2a,preserve-original,B14,false
00_book/figures/report/diagrams/syslog-lab/03-syslog-source-interfaces.png,evidence.syslog.source-interfaces,ui,manual-cams-screenshot,original-evidence,documentation_assets/evidence/ui-capture/original/syslog-lab/source-interfaces.png,source-interfaces.png,true,true,false,documentation_assets/ui/docshot/lab-recreation/syslog/source-interfaces.png,false,,medium,true,"Lab capture provenance probable, not chain-of-custody confirmed; preserve original regardless of later recreation.",syslog-lab,evidence/ui-capture/original/syslog-lab,source-interfaces,Lựa chọn Source Interface cho từng Router và Switch trong Syslog Group,manual-screenshot-probable,medium,used,"[""report-typst""]",7ecdf0c4a43c0ba388723e93f0ccebc173133f7984ed6b759885d97c069effdd,preserve-original,B14,false
00_book/figures/report/diagrams/syslog-lab/04-syslog-policy.png,evidence.syslog.policy,ui,manual-cams-screenshot,original-evidence,documentation_assets/evidence/ui-capture/original/syslog-lab/policy.png,policy.png,true,true,false,documentation_assets/ui/docshot/lab-recreation/syslog/policy.png,false,,medium,true,"Lab capture provenance probable, not chain-of-custody confirmed; preserve original regardless of later recreation.",syslog-lab,evidence/ui-capture/original/syslog-lab,policy,Thiết lập đích Syslog 192.168.122.1:5514/UDP và mức severity Notifications,manual-screenshot-probable,medium,used,"[""report-typst""]",4f1eda866dd3eb5bacbc2fdaed3a169468e09b7f2e6ff4c1a6102c806058f93c,preserve-original,B14,false
00_book/figures/report/diagrams/syslog-lab/05-syslog-config-preview.png,evidence.syslog.config-preview,ui,manual-cams-screenshot,original-evidence,documentation_assets/evidence/ui-capture/original/syslog-lab/config-preview.png,config-preview.png,true,true,false,documentation_assets/ui/docshot/lab-recreation/syslog/config-preview.png,false,,medium,true,"Lab capture provenance probable, not chain-of-custody confirmed; preserve original regardless of later recreation.",syslog-lab,evidence/ui-capture/original/syslog-lab,config-preview,Cửa sổ View & Push Syslog Group tổng hợp lệnh cho 4 thiết bị trước khi thực thi,manual-screenshot-probable,medium,used,"[""report-typst""]",18943f1005c33da824d4fb3f926757ccebe6686716594b8f5cff7c86512ae5be,preserve-original,B14,false
00_book/figures/report/diagrams/syslog-lab/06-syslog-r1-verify.png,evidence.syslog.r1-verify,terminal-evidence,terminal-capture,original-evidence,documentation_assets/evidence/terminal/original/syslog-lab/r1-verify.png,r1-verify.png,true,true,true,,false,,medium,true,Preserve original experimental/capture bytes; text reconstruction cannot reproduce experiment.,syslog-lab,evidence/terminal/original/syslog-lab,r1-verify,Xác minh cấu hình Syslog trên Router R1,Presumed original experimental capture; chain of custody not independently verified.,medium,used,"[""report-typst""]",e464fb805a52d0dff05099a045e896136ab1c49e58cd35f315996c08dc2ec795,preserve-original,B14,true
00_book/figures/report/diagrams/syslog-lab/07-syslog-r2-verify.png,evidence.syslog.r2-verify,terminal-evidence,terminal-capture,original-evidence,documentation_assets/evidence/terminal/original/syslog-lab/r2-verify.png,r2-verify.png,true,true,true,,false,,medium,true,Preserve original experimental/capture bytes; text reconstruction cannot reproduce experiment.,syslog-lab,evidence/terminal/original/syslog-lab,r2-verify,Xác minh cấu hình Syslog trên Router R2,Presumed original experimental capture; chain of custody not independently verified.,medium,used,"[""report-typst""]",475b3a652fd8f872d89b053e40122b032d6aad4c2b6633432aca27b544feb44f,preserve-original,B14,true
00_book/figures/report/diagrams/syslog-lab/08-syslog-r3-verify.png,evidence.syslog.r3-verify,terminal-evidence,terminal-capture,original-evidence,documentation_assets/evidence/terminal/original/syslog-lab/r3-verify.png,r3-verify.png,true,true,true,,false,,medium,true,Preserve original experimental/capture bytes; text reconstruction cannot reproduce experiment.,syslog-lab,evidence/terminal/original/syslog-lab,r3-verify,Xác minh cấu hình Syslog trên Router R3,Presumed original experimental capture; chain of custody not independently verified.,medium,used,"[""report-typst""]",50dc89bb8e87624ab477e260cfe93c4ff445208ebb04979818d51827fd854250,preserve-original,B14,true
00_book/figures/report/diagrams/syslog-lab/09-syslog-sw1-verify.png,evidence.syslog.sw1-verify,terminal-evidence,terminal-capture,original-evidence,documentation_assets/evidence/terminal/original/syslog-lab/sw1-verify.png,sw1-verify.png,true,true,true,,false,,medium,true,Preserve original experimental/capture bytes; text reconstruction cannot reproduce experiment.,syslog-lab,evidence/terminal/original/syslog-lab,sw1-verify,Xác minh cấu hình Syslog trên Switch SW1 với Source Interface Vlan1,Presumed original experimental capture; chain of custody not independently verified.,medium,used,"[""report-typst""]",bd0e98a6c516845e809b04173228114abc6450ed48dc7c5ef775739cf494311f,preserve-original,B14,true
00_book/figures/report/diagrams/syslog-lab/10-syslog-listener-before-start.png,evidence.syslog.listener-before-start,ui,manual-cams-screenshot,original-evidence,documentation_assets/evidence/ui-capture/original/syslog-lab/listener-before-start.png,listener-before-start.png,true,true,false,documentation_assets/ui/docshot/lab-recreation/syslog/listener-before-start.png,false,,medium,true,"Lab capture provenance probable, not chain-of-custody confirmed; preserve original regardless of later recreation.",syslog-lab,evidence/ui-capture/original/syslog-lab,listener-before-start,Màn hình System Logs trước khi khởi động Syslog Listener,manual-screenshot-probable,medium,used,"[""report-typst""]",edb43fe3150642711521940644439771acfd38318227560a95a7393862578eb9,preserve-original,B14,false
00_book/figures/report/diagrams/syslog-lab/11-syslog-listener-receiving.png,evidence.syslog.listener-receiving,ui,manual-cams-screenshot,original-evidence,documentation_assets/evidence/ui-capture/original/syslog-lab/listener-receiving.png,listener-receiving.png,true,true,false,documentation_assets/ui/docshot/lab-recreation/syslog/listener-receiving.png,false,,medium,true,"Lab capture provenance probable, not chain-of-custody confirmed; preserve original regardless of later recreation.",syslog-lab,evidence/ui-capture/original/syslog-lab,listener-receiving,Syslog Listener đang hoạt động và tiếp nhận bản tin từ các thiết bị mạng,manual-screenshot-probable,medium,used,"[""report-typst""]",ce02038cc5dfe04872310878f812c8d483475e6e8486e235bedce402c6290446,preserve-original,B14,false
00_book/figures/report/diagrams/syslog-lab/12-syslog-message-detail.png,evidence.syslog.message-detail,ui,manual-cams-screenshot,original-evidence,documentation_assets/evidence/ui-capture/original/syslog-lab/message-detail.png,message-detail.png,true,true,false,documentation_assets/ui/docshot/lab-recreation/syslog/message-detail.png,false,,medium,true,"Lab capture provenance probable, not chain-of-custody confirmed; preserve original regardless of later recreation.",syslog-lab,evidence/ui-capture/original/syslog-lab,message-detail,Cửa sổ chi tiết một bản tin Syslog sau khi được phân tích,manual-screenshot-probable,medium,used,"[""report-typst""]",5a4bf790e665263e15d0e1e43bad53465fe1789a20cf792f49db1b49e6dc57f6,preserve-original,B14,false
00_book/figures/report/diagrams/syslog-lab/13-syslog-r1-device-logs.png,evidence.syslog.r1-device-logs,syslog-evidence,syslog-capture,original-evidence,documentation_assets/evidence/syslog/original/syslog-lab/r1-device-logs.png,r1-device-logs.png,true,true,true,,false,,medium,true,Subject/source evidence supports domain and semantic filename; preserves unique logical asset.,syslog-lab,evidence/syslog/original/syslog-lab,r1-device-logs,Nhật ký sự kiện kiểm thử phát sinh trực tiếp trên Router R1,Presumed original experimental capture; chain of custody not independently verified.,medium,used,"[""report-typst""]",e675147f607b1798c993af00025e8655f3822035d7f02c7bb085fbdb4e7a8acf,preserve-original,B14,false
00_book/figures/report/diagrams/syslog-lab/14-syslog-r2-device-logs.png,evidence.syslog.r2-device-logs,syslog-evidence,syslog-capture,original-evidence,documentation_assets/evidence/syslog/original/syslog-lab/r2-device-logs.png,r2-device-logs.png,true,true,true,,false,,medium,true,Subject/source evidence supports domain and semantic filename; preserves unique logical asset.,syslog-lab,evidence/syslog/original/syslog-lab,r2-device-logs,Nhật ký sự kiện kiểm thử phát sinh trực tiếp trên Router R2,Presumed original experimental capture; chain of custody not independently verified.,medium,used,"[""report-typst""]",3f37e39c36cc4be8fc0c0b48a99a5e33a6e67243d6d6fada5bb416bcc527e572,preserve-original,B14,false
00_book/figures/report/diagrams/syslog-lab/15-syslog-r3-device-logs.png,evidence.syslog.r3-device-logs,syslog-evidence,syslog-capture,original-evidence,documentation_assets/evidence/syslog/original/syslog-lab/r3-device-logs.png,r3-device-logs.png,true,true,true,,false,,medium,true,Subject/source evidence supports domain and semantic filename; preserves unique logical asset.,syslog-lab,evidence/syslog/original/syslog-lab,r3-device-logs,Nhật ký sự kiện kiểm thử phát sinh trực tiếp trên Router R3,Presumed original experimental capture; chain of custody not independently verified.,medium,used,"[""report-typst""]",7cdb3559149de2d91bd8a0392834a42a109a002a29433c79eedebb36d19f5ea4,preserve-original,B14,false
00_book/figures/report/diagrams/syslog-lab/16-syslog-sw1-device-logs.png,evidence.syslog.sw1-device-logs,syslog-evidence,syslog-capture,original-evidence,documentation_assets/evidence/syslog/original/syslog-lab/sw1-device-logs.png,sw1-device-logs.png,true,true,true,,false,,medium,true,Subject/source evidence supports domain and semantic filename; preserves unique logical asset.,syslog-lab,evidence/syslog/original/syslog-lab,sw1-device-logs,Nhật ký sự kiện kiểm thử phát sinh trực tiếp trên Switch SW1,Presumed original experimental capture; chain of custody not independently verified.,medium,used,"[""report-typst""]",b95109940a7f52aa47823daf57eb5b60c086c420ae83cb2ee6fd4c422c6d4e16,preserve-original,B14,false
00_book/figures/report/diagrams/syslog-lab/17-email-alert-settings.png,evidence.syslog.email-alert-settings,ui,manual-cams-screenshot,original-evidence,documentation_assets/evidence/ui-capture/original/syslog-lab/email-alert-settings.png,email-alert-settings.png,true,true,false,documentation_assets/ui/docshot/lab-recreation/syslog/email-alert-settings.png,false,,medium,true,"Lab capture provenance probable, not chain-of-custody confirmed; preserve original regardless of later recreation.",syslog-lab,evidence/ui-capture/original/syslog-lab,email-alert-settings,"Cấu hình mức cảnh báo, tài khoản SMTP và người nhận trên Email Alerts",manual-screenshot-probable,medium,used,"[""report-typst""]",86ff34aae8825786d57c6ee17c6c77dca85f70c7ae0d2f91783e3752242cc438,preserve-original,B14,false
00_book/figures/report/diagrams/syslog-lab/18-email-critical.png,evidence.syslog.email-critical,syslog-evidence,external-tool-capture,original-evidence,documentation_assets/evidence/external-tools/original/syslog-lab/email-critical.png,email-critical.png,true,true,true,,false,,medium,true,"Phase 2 taxonomy overlay: email evidence belongs to external-tools, not device verification.",syslog-lab,evidence/external-tools/original/syslog-lab,email-critical,Email cảnh báo mức Critical cho sự kiện `%SYS-2-MALLOCFAIL`,Presumed original experimental capture; chain of custody not independently verified.,medium,used,"[""report-typst""]",cc3a1e1101ac8a1754861ad77de1262b06a51f6026b949d1dae0162b61a0ebee,preserve-original,B14,false
00_book/figures/report/diagrams/syslog-lab/19-email-warning.png,evidence.syslog.email-warning,syslog-evidence,external-tool-capture,original-evidence,documentation_assets/evidence/external-tools/original/syslog-lab/email-warning.png,email-warning.png,true,true,true,,false,,medium,true,"Phase 2 taxonomy overlay: email evidence belongs to external-tools, not device verification.",syslog-lab,evidence/external-tools/original/syslog-lab,email-warning,Email cảnh báo mức Warning cho sự kiện `%PM-4-ERR_DISABLE`,Presumed original experimental capture; chain of custody not independently verified.,medium,used,"[""report-typst""]",3c508cda8b4b860271da1f5cd696ac491260658c2e21b515b8879062924c59c5,preserve-original,B14,false
00_book/figures/report/diagrams/syslog-lab/syslog-lab-topology-report.png,diagrams.lab-topology.syslog.centralized-logging-raster,network-diagram,unknown,canonical,documentation_assets/diagrams/lab-topology/syslog/centralized-logging-raster.png,centralized-logging-raster.png,false,false,true,,false,,medium,true,Vector/raster pair must remain separate; do not establish derivative relationship by name.,diagrams/lab-topology/syslog,diagrams/lab-topology/syslog,centralized-logging-raster,Sơ đồ Kịch bản 4: Thu thập Syslog tập trung,unknown,low,used,"[""report-typst""]",fe2ee6aa95ad828e517f4d5f8bb974340ae3d447cc18f9f8927acfe5ddf66dd2,active,B14,false
00_book/figures/report/diagrams/syslog-lab/syslog-lab-topology.svg,diagrams.lab-topology.syslog.centralized-logging-vector,network-diagram,authored-svg,canonical,documentation_assets/diagrams/lab-topology/syslog/centralized-logging-vector.svg,centralized-logging-vector.svg,false,false,true,,false,,medium,true,Authored SVG describes existing source format; exporter/author identity not established.; Vector/raster pair must remain separate; do not establish derivative relationship by name.,diagrams/lab-topology/syslog,diagrams/lab-topology/syslog,centralized-logging-vector,syslog-lab-topology,unknown,low,orphan,[],f9599f89d5a29a964084addc839d730dbbd6c7cd5ebd6181ebcb19da74527e94,orphan-review,B14,false
00_book/figures/report/diagrams/vlan.png,diagrams.network.vlan-trunk-segmentation,network-diagram,unknown,canonical,documentation_assets/diagrams/network/vlan-trunk-segmentation.png,vlan-trunk-segmentation.png,false,false,true,,false,,high,true,Subject/source evidence supports domain and semantic filename; preserves unique logical asset.,diagrams/network,diagrams/network,vlan-trunk-segmentation,vlan,unknown,low,orphan,[],9fa7718ceb23b369c5a2c5b14817acf3e9fb423c0feb68b2968b7922b70ee2d0,orphan-review,B02,false
00_book/figures/report/misc/cams-screenshot-2026-09-13-18-17-17.png,evidence.project-format.project-package-json-inspection,terminal-evidence,terminal-capture,original-evidence,documentation_assets/evidence/terminal/original/project-format/project-package-json-inspection.png,project-package-json-inspection.png,true,true,true,,false,,medium,true,Preserve original experimental/capture bytes; text reconstruction cannot reproduce experiment.,evidence/terminal/original/project-format,evidence/terminal/original/project-format,project-package-json-inspection,cams-screenshot-2026-09-13-18-17-17,Presumed original experimental capture; chain of custody not independently verified.,medium,orphan,[],6959c9797d52630233fec989d45ddfe8f119e65b855675f6e8c6f50974163061,preserve-original,B16,true
00_book/figures/report/misc/xxd-ntp.png,evidence.project-format.encrypted-package-hex-header,terminal-evidence,terminal-capture,original-evidence,documentation_assets/evidence/terminal/original/project-format/encrypted-package-hex-header.png,encrypted-package-hex-header.png,true,true,true,,false,,medium,true,Preserve original experimental/capture bytes; text reconstruction cannot reproduce experiment.,evidence/terminal/original/project-format,evidence/terminal/original/project-format,encrypted-package-hex-header,"Phần đầu tệp dự án được bảo vệ, quan sát bằng công cụ xxd",Presumed original experimental capture; chain of custody not independently verified.,medium,used,"[""report-typst""]",c373623ed7f3f94e1896f6fe79885bb2b08a8d1bf8d9e4f834d42a849fa575b8,preserve-original,B16,true
00_report/Tai_lieu_lab/LAB1/1.png,source-material.lab1.lab-overview-and-objectives,misc,unknown,source-material,documentation_assets/evidence/source-material/lab1/lab-overview-and-objectives.png,lab-overview-and-objectives.png,false,true,false,,false,,low,true,Raw document-page content label is provisional; verify heading and source order before assigning final name; never treat orphan as garbage.,evidence/source-material/lab1,evidence/source-material/lab1,lab-overview-and-objectives,lab-instructions-page-1,unknown,low,orphan,"[""lab-source""]",6aa41e80ce608c6b09c21e5600b777bde5c4d2512a93dd7ff26d5857e8cbfd84,orphan-review,B15,false
00_report/Tai_lieu_lab/LAB1/10.png,source-material.lab1.interface-lifecycle-and-validation,misc,unknown,source-material,documentation_assets/evidence/source-material/lab1/interface-lifecycle-and-validation.png,interface-lifecycle-and-validation.png,false,true,false,,false,,low,true,Raw document-page content label is provisional; verify heading and source order before assigning final name; never treat orphan as garbage.,evidence/source-material/lab1,evidence/source-material/lab1,interface-lifecycle-and-validation,lab-instructions-page-10,unknown,low,orphan,"[""lab-source""]",828533ead3cd57400e0e5283746d00161b21c6e07059384ab59ade84a8e39c40,orphan-review,B15,false
00_report/Tai_lieu_lab/LAB1/11.png,source-material.lab1.cli-output-and-result-analysis,misc,unknown,source-material,documentation_assets/evidence/source-material/lab1/cli-output-and-result-analysis.png,cli-output-and-result-analysis.png,false,true,false,,false,,low,true,Raw document-page content label is provisional; verify heading and source order before assigning final name; never treat orphan as garbage.,evidence/source-material/lab1,evidence/source-material/lab1,cli-output-and-result-analysis,lab-instructions-page-11,unknown,low,orphan,"[""lab-source""]",eb6025386ea56806dd0b0920d077825ec70c62ce0000d17d9b447987aca0956d,orphan-review,B15,false
00_report/Tai_lieu_lab/LAB1/12.png,source-material.lab1.results-summary,misc,unknown,source-material,documentation_assets/evidence/source-material/lab1/results-summary.png,results-summary.png,false,true,false,,false,,low,true,Raw document-page content label is provisional; verify heading and source order before assigning final name; never treat orphan as garbage.,evidence/source-material/lab1,evidence/source-material/lab1,results-summary,lab-instructions-page-12,unknown,low,orphan,"[""lab-source""]",946d740fe99320c44e4888b74729519a000b7ed922563c6d099f83ff7f33bee1,orphan-review,B15,false
00_report/Tai_lieu_lab/LAB1/2.png,source-material.lab1.device-access-and-basic-configuration,misc,unknown,source-material,documentation_assets/evidence/source-material/lab1/device-access-and-basic-configuration.png,device-access-and-basic-configuration.png,false,true,false,,false,,low,true,Raw document-page content label is provisional; verify heading and source order before assigning final name; never treat orphan as garbage.,evidence/source-material/lab1,evidence/source-material/lab1,device-access-and-basic-configuration,lab-instructions-page-2,unknown,low,orphan,"[""lab-source""]",8596a6c164db878a4ece2230ac8151e58a32a4283edc5608d1e49db5e1ae3bb1,orphan-review,B15,false
00_report/Tai_lieu_lab/LAB1/3.png,source-material.lab1.loopback-and-log-tests,misc,unknown,source-material,documentation_assets/evidence/source-material/lab1/loopback-and-log-tests.png,loopback-and-log-tests.png,false,true,false,,false,,low,true,Raw document-page content label is provisional; verify heading and source order before assigning final name; never treat orphan as garbage.,evidence/source-material/lab1,evidence/source-material/lab1,loopback-and-log-tests,lab-instructions-page-3,unknown,low,orphan,"[""lab-source""]",35b14269f906eb7ccb69262e61fe064d7d250cd9d5e5094388cd999212dbe411,orphan-review,B15,false
00_report/Tai_lieu_lab/LAB1/4.png,source-material.lab1.interface-configuration-procedure,misc,unknown,source-material,documentation_assets/evidence/source-material/lab1/interface-configuration-procedure.png,interface-configuration-procedure.png,false,true,false,,false,,low,true,Raw document-page content label is provisional; verify heading and source order before assigning final name; never treat orphan as garbage.,evidence/source-material/lab1,evidence/source-material/lab1,interface-configuration-procedure,lab-instructions-page-4,unknown,low,orphan,"[""lab-source""]",5e5e654beba37961a3a3003d28ac090817469471cf4bbfe68c21eea251d2c9fc,orphan-review,B15,false
00_report/Tai_lieu_lab/LAB1/5.png,source-material.lab1.interface-verification-output,misc,unknown,source-material,documentation_assets/evidence/source-material/lab1/interface-verification-output.png,interface-verification-output.png,false,true,false,,false,,low,true,Raw document-page content label is provisional; verify heading and source order before assigning final name; never treat orphan as garbage.,evidence/source-material/lab1,evidence/source-material/lab1,interface-verification-output,lab-instructions-page-5,unknown,low,orphan,"[""lab-source""]",dd0b9e69be911e2f0555945f83b22a1646189571b36b230904b3f7351c42f9d4,orphan-review,B15,false
00_report/Tai_lieu_lab/LAB1/6.png,source-material.lab1.dhcp-pool-and-acl-procedure,misc,unknown,source-material,documentation_assets/evidence/source-material/lab1/dhcp-pool-and-acl-procedure.png,dhcp-pool-and-acl-procedure.png,false,true,false,,false,,low,true,Raw document-page content label is provisional; verify heading and source order before assigning final name; never treat orphan as garbage.,evidence/source-material/lab1,evidence/source-material/lab1,dhcp-pool-and-acl-procedure,lab-instructions-page-6,unknown,low,orphan,"[""lab-source""]",8883a73b382c0cc63029bb8b016f94daf8ef1bcfeeddeec430fe102f318432a9,orphan-review,B15,false
00_report/Tai_lieu_lab/LAB1/7.png,source-material.lab1.service-and-system-log-analysis,misc,unknown,source-material,documentation_assets/evidence/source-material/lab1/service-and-system-log-analysis.png,service-and-system-log-analysis.png,false,true,false,,false,,low,true,Raw document-page content label is provisional; verify heading and source order before assigning final name; never treat orphan as garbage.,evidence/source-material/lab1,evidence/source-material/lab1,service-and-system-log-analysis,lab-instructions-page-7,unknown,low,orphan,"[""lab-source""]",7b31b60da9d6d2f0a0b031c6852eab8fe5da6b356d71a86ce1b370eae574b630,orphan-review,B15,false
00_report/Tai_lieu_lab/LAB1/8.png,source-material.lab1.configuration-checks,misc,unknown,source-material,documentation_assets/evidence/source-material/lab1/configuration-checks.png,configuration-checks.png,false,true,false,,false,,low,true,Raw document-page content label is provisional; verify heading and source order before assigning final name; never treat orphan as garbage.,evidence/source-material/lab1,evidence/source-material/lab1,configuration-checks,lab-instructions-page-8,unknown,low,orphan,"[""lab-source""]",07678ac436952f9649d5ea5d2f4a43846be724a59c29c76152fb718dfc609084,orphan-review,B15,false
00_report/Tai_lieu_lab/LAB1/9.png,source-material.lab1.validation-procedure-continuation,misc,unknown,source-material,documentation_assets/evidence/source-material/lab1/validation-procedure-continuation.png,validation-procedure-continuation.png,false,true,false,,false,,low,true,Raw document-page content label is provisional; verify heading and source order before assigning final name; never treat orphan as garbage.,evidence/source-material/lab1,evidence/source-material/lab1,validation-procedure-continuation,lab-instructions-page-9,unknown,low,orphan,"[""lab-source""]",d01d7503f8598dc438848dfad420461b4ab8576bc6665160904c8e64975f56a4,orphan-review,B15,false
00_report/Tai_lieu_lab/LAB1/ANH_CUA_LAB/1.png,diagrams.lab-topology.lab1.router-switch-management,network-diagram,unknown,canonical,documentation_assets/diagrams/lab-topology/lab1/router-switch-management.png,router-switch-management.png,false,false,true,,false,,high,true,Subject/source evidence supports domain and semantic filename; preserves unique logical asset.,diagrams/lab-topology/lab1,diagrams/lab-topology/lab1,router-switch-management,lab-router-switch-management-topology,unknown,low,orphan,"[""lab-source""]",74c29016a3676863772550c4667803fdc4fb9b88df30d3b52b302c9cafd7406b,orphan-review,B15,false
00_report/Tai_lieu_lab/LAB1/ANH_CUA_LAB/image copy 10.png,evidence.lab1.r2-interface-ip-configuration,terminal-evidence,terminal-capture,original-evidence,documentation_assets/evidence/terminal/original/lab1/r2-interface-ip-configuration.png,r2-interface-ip-configuration.png,true,true,true,,false,,medium,true,Preserve original experimental/capture bytes; text reconstruction cannot reproduce experiment.,lab1,evidence/terminal/original/lab1,r2-interface-ip-configuration,r2-interface-ip-configuration-verification,Presumed original experimental capture; chain of custody not independently verified.,medium,orphan,"[""lab-source""]",d55b18190588ee09255251eedc63a7e1a99baf3021b0baa6846df8978b002376,preserve-original,B15,true
00_report/Tai_lieu_lab/LAB1/ANH_CUA_LAB/image copy 11.png,evidence.lab1.static-mac-editor,ui,manual-cams-screenshot,original-evidence,documentation_assets/evidence/ui-capture/original/lab1/static-mac-editor.png,static-mac-editor.png,true,true,false,documentation_assets/ui/docshot/lab-recreation/lab1/static-mac-editor.png,false,,medium,true,"Lab capture provenance probable, not chain-of-custody confirmed; preserve original regardless of later recreation.",lab1,evidence/ui-capture/original/lab1,static-mac-editor,l2-security-static-mac-editor,manual-screenshot-probable,medium,orphan,"[""lab-source""]",28ff2c929329b7833b5712209863eb6b649fa90db21e90275363287df33ffa76,preserve-original,B15,false
00_report/Tai_lieu_lab/LAB1/ANH_CUA_LAB/image copy 12.png,evidence.lab1.r2-interface-status,terminal-evidence,terminal-capture,original-evidence,documentation_assets/evidence/terminal/original/lab1/r2-interface-status.png,r2-interface-status.png,true,true,true,,false,,medium,true,Preserve original experimental/capture bytes; text reconstruction cannot reproduce experiment.,lab1,evidence/terminal/original/lab1,r2-interface-status,r2-interface-status-verification,Presumed original experimental capture; chain of custody not independently verified.,medium,orphan,"[""lab-source""]",ab8aded7672c08b97c0643bdd1791c26ed3fa64b01feb03a4ae3cc1c8a86371b,preserve-original,B15,true
00_report/Tai_lieu_lab/LAB1/ANH_CUA_LAB/image copy 13.png,evidence.lab1.system-logs-filtered,ui,manual-cams-screenshot,original-evidence,documentation_assets/evidence/ui-capture/original/lab1/system-logs-filtered.png,system-logs-filtered.png,true,true,false,documentation_assets/ui/docshot/lab-recreation/lab1/system-logs-filtered.png,false,,medium,true,"Lab capture provenance probable, not chain-of-custody confirmed; preserve original regardless of later recreation.",lab1,evidence/ui-capture/original/lab1,system-logs-filtered,system-logs-filtered-messages,manual-screenshot-probable,medium,orphan,"[""lab-source""]",a9b78706fbfb63382ea5e3320cc1adfa4ef832fbd1081ff901ea2dfcd189a7d4,preserve-original,B15,false
00_report/Tai_lieu_lab/LAB1/ANH_CUA_LAB/image copy 14.png,evidence.lab1.l2-security-view-push-dialog,ui,manual-cams-screenshot,original-evidence,documentation_assets/evidence/ui-capture/original/lab1/l2-security-view-push-dialog.png,l2-security-view-push-dialog.png,true,true,false,documentation_assets/ui/docshot/lab-recreation/lab1/l2-security-view-push-dialog.png,false,,medium,true,"Lab capture provenance probable, not chain-of-custody confirmed; preserve original regardless of later recreation.",lab1,evidence/ui-capture/original/lab1,l2-security-view-push-dialog,l2-security-view-push-dialog,manual-screenshot-probable,medium,orphan,"[""lab-source""]",a3895e9de8a2d994816268fa1660ea080efdc9eeff685856f7a7007121d96e86,preserve-original,B15,false
00_report/Tai_lieu_lab/LAB1/ANH_CUA_LAB/image copy 2.png,evidence.lab1.router-interface-editor,ui,manual-cams-screenshot,original-evidence,documentation_assets/evidence/ui-capture/original/lab1/router-interface-editor.png,router-interface-editor.png,true,true,false,documentation_assets/ui/docshot/lab-recreation/lab1/router-interface-editor.png,false,,medium,true,"Lab capture provenance probable, not chain-of-custody confirmed; preserve original regardless of later recreation.",lab1,evidence/ui-capture/original/lab1,router-interface-editor,router-interface-editor,manual-screenshot-probable,medium,orphan,"[""lab-source""]",024af13df0779caba66b855b6a7130bd4d58be88dd8f391d243c1202d2a17fc1,preserve-original,B15,false
00_report/Tai_lieu_lab/LAB1/ANH_CUA_LAB/image copy 3.png,evidence.lab1.dhcp-pool-editor,ui,manual-cams-screenshot,original-evidence,documentation_assets/evidence/ui-capture/original/lab1/dhcp-pool-editor.png,dhcp-pool-editor.png,true,true,false,documentation_assets/ui/docshot/lab-recreation/lab1/dhcp-pool-editor.png,false,,medium,true,"Lab capture provenance probable, not chain-of-custody confirmed; preserve original regardless of later recreation.",lab1,evidence/ui-capture/original/lab1,dhcp-pool-editor,dhcp-pool-editor,manual-screenshot-probable,medium,orphan,"[""lab-source""]",7ad40a276aa7e12cfd97d526642ffb2ba37168799fa3fb88335e593b300e3d66,preserve-original,B15,false
00_report/Tai_lieu_lab/LAB1/ANH_CUA_LAB/image copy 4.png,evidence.lab1.acl-standard-rule-editor,ui,manual-cams-screenshot,original-evidence,documentation_assets/evidence/ui-capture/original/lab1/acl-standard-rule-editor.png,acl-standard-rule-editor.png,true,true,false,documentation_assets/ui/docshot/lab-recreation/lab1/acl-standard-rule-editor.png,false,,medium,true,"Lab capture provenance probable, not chain-of-custody confirmed; preserve original regardless of later recreation.",lab1,evidence/ui-capture/original/lab1,acl-standard-rule-editor,acl-standard-rule-editor,manual-screenshot-probable,medium,orphan,"[""lab-source""]",68ecff69e5a1c2a524a52dff8c373a6431b7f479a3a725b805101e52574216f9,preserve-original,B15,false
00_report/Tai_lieu_lab/LAB1/ANH_CUA_LAB/image copy 5.png,evidence.lab1.port-security-editor,ui,manual-cams-screenshot,original-evidence,documentation_assets/evidence/ui-capture/original/lab1/port-security-editor.png,port-security-editor.png,true,true,false,documentation_assets/ui/docshot/lab-recreation/lab1/port-security-editor.png,false,,medium,true,"Lab capture provenance probable, not chain-of-custody confirmed; preserve original regardless of later recreation.",lab1,evidence/ui-capture/original/lab1,port-security-editor,l2-security-port-security-editor,manual-screenshot-probable,medium,orphan,"[""lab-source""]",9a736157d53bd4cff311a69f5bbf7b1e601e7271537c103733b3445726a82d71,preserve-original,B15,false
00_report/Tai_lieu_lab/LAB1/ANH_CUA_LAB/image copy 6.png,evidence.lab1.l2-security-save-result,ui,manual-cams-screenshot,original-evidence,documentation_assets/evidence/ui-capture/original/lab1/l2-security-save-result.png,l2-security-save-result.png,true,true,false,documentation_assets/ui/docshot/lab-recreation/lab1/l2-security-save-result.png,false,,medium,true,"Lab capture provenance probable, not chain-of-custody confirmed; preserve original regardless of later recreation.",lab1,evidence/ui-capture/original/lab1,l2-security-save-result,l2-security-editor-save-result,manual-screenshot-probable,medium,orphan,"[""lab-source""]",8e9d3d1ac6c8f7a0784c180da9597ce99243a514396398c0def289d7bd149c52,preserve-original,B15,false
00_report/Tai_lieu_lab/LAB1/ANH_CUA_LAB/image copy 7.png,evidence.lab1.system-logs-receiving,ui,manual-cams-screenshot,original-evidence,documentation_assets/evidence/ui-capture/original/lab1/system-logs-receiving.png,system-logs-receiving.png,true,true,false,documentation_assets/ui/docshot/lab-recreation/lab1/system-logs-receiving.png,false,,medium,true,"Lab capture provenance probable, not chain-of-custody confirmed; preserve original regardless of later recreation.",lab1,evidence/ui-capture/original/lab1,system-logs-receiving,system-logs-receiving-messages,manual-screenshot-probable,medium,orphan,"[""lab-source""]",9f817e2bdda981e47b3e4bee441f878942a715aa4383983a1f3388c2c1cc52ba,preserve-original,B15,false
00_report/Tai_lieu_lab/LAB1/ANH_CUA_LAB/image copy 8.png,evidence.lab1.l2-security-view-push-overlay,ui,manual-cams-screenshot,original-evidence,documentation_assets/evidence/ui-capture/original/lab1/l2-security-view-push-overlay.png,l2-security-view-push-overlay.png,true,true,false,documentation_assets/ui/docshot/lab-recreation/lab1/l2-security-view-push-overlay.png,false,,medium,true,"Lab capture provenance probable, not chain-of-custody confirmed; preserve original regardless of later recreation.",lab1,evidence/ui-capture/original/lab1,l2-security-view-push-overlay,l2-security-view-push-overlay,manual-screenshot-probable,medium,orphan,"[""lab-source""]",52a672194f265d2296bff06ab2d2f5e19de0eebcbc45dbf60caabc0846cdd14e,preserve-original,B15,false
00_report/Tai_lieu_lab/LAB1/ANH_CUA_LAB/image copy 9.png,evidence.lab1.r1-interface-ip-configuration,terminal-evidence,terminal-capture,original-evidence,documentation_assets/evidence/terminal/original/lab1/r1-interface-ip-configuration.png,r1-interface-ip-configuration.png,true,true,true,,false,,medium,true,Preserve original experimental/capture bytes; text reconstruction cannot reproduce experiment.,lab1,evidence/terminal/original/lab1,r1-interface-ip-configuration,r1-interface-ip-configuration-verification,Presumed original experimental capture; chain of custody not independently verified.,medium,orphan,"[""lab-source""]",3171f3d24cd65e8f1cade8d7e6710be77c4c158d2c395cb1e112ff8bc29bbb94,preserve-original,B15,true
00_report/Tai_lieu_lab/LAB1/ANH_CUA_LAB/image copy.png,evidence.lab1.router-physical-interface-settings,ui,manual-cams-screenshot,original-evidence,documentation_assets/evidence/ui-capture/original/lab1/router-physical-interface-settings.png,router-physical-interface-settings.png,true,true,false,documentation_assets/ui/docshot/lab-recreation/lab1/router-physical-interface-settings.png,false,,medium,true,"Lab capture provenance probable, not chain-of-custody confirmed; preserve original regardless of later recreation.",lab1,evidence/ui-capture/original/lab1,router-physical-interface-settings,router-interface-physical-settings,manual-screenshot-probable,medium,orphan,"[""lab-source""]",e07db6a50cd6276d1306b46e7a1a3b1b35b4b6cd4d89e3eb05ac744424c2b200,preserve-original,B15,false
00_report/Tai_lieu_lab/LAB1/ANH_CUA_LAB/image.png,evidence.lab1.switch-port-inventory,ui,manual-cams-screenshot,original-evidence,documentation_assets/evidence/ui-capture/original/lab1/switch-port-inventory.png,switch-port-inventory.png,true,true,false,documentation_assets/ui/docshot/lab-recreation/lab1/switch-port-inventory.png,false,,medium,true,"Lab capture provenance probable, not chain-of-custody confirmed; preserve original regardless of later recreation.",lab1,evidence/ui-capture/original/lab1,switch-port-inventory,switch-ports-inventory,manual-screenshot-probable,medium,orphan,"[""lab-source""]",11c309a13360ee6c5b4f3661b371c8c563ca4e4c93fb42e3bc7432bbf0b2cfba,preserve-original,B15,false
