current_path,asset_id,current_provenance,current_role,final_original_path,target_docshot_path,needs_new_workflow,current_generator,target_generator_family,replacement_policy,priority,current_generator_command,target_generator_command,recreation_asset_id,recreates_evidence_asset,current_file_action,batch_id,notes
00_book/figures/gui/chapter-02/01-welcome-window.png,ui.core.welcome-no-recent-projects,unknown,canonical,,documentation_assets/ui/docshot/core/welcome-no-recent-projects.png,true,,planned/core,regenerate-canonical,medium,,,ui.docshot-replacement.core.welcome-no-recent-projects,,byte-preserving migration only; regeneration/recreation is a later separate operation,B04,No existing CLI token is invented for planned families. Current generator/destination mismatch remains until infrastructure phase. Replacement needs approved equivalence and updated all references; original record remains.
00_book/figures/gui/chapter-02/02-create-project.png,ui.project.create-empty,unknown,canonical,,documentation_assets/ui/docshot/project/create-empty.png,true,,planned/project,regenerate-canonical,medium,,,ui.docshot-replacement.project.create-empty,,byte-preserving migration only; regeneration/recreation is a later separate operation,B04,No existing CLI token is invented for planned families. Current generator/destination mismatch remains until infrastructure phase. Replacement needs approved equivalence and updated all references; original record remains.
00_book/figures/gui/chapter-02/03-project-details.png,ui.project.create-ready,unknown,canonical,,documentation_assets/ui/docshot/project/create-ready.png,true,,planned/project,regenerate-canonical,medium,,,ui.docshot-replacement.project.create-ready,,byte-preserving migration only; regeneration/recreation is a later separate operation,B04,No existing CLI token is invented for planned families. Current generator/destination mismatch remains until infrastructure phase. Replacement needs approved equivalence and updated all references; original record remains.
00_book/figures/gui/chapter-02/04-workspace-opened.png,ui.project.workspace-new-project,unknown,canonical,,documentation_assets/ui/docshot/project/workspace-new-project.png,true,,planned/project,regenerate-canonical,medium,,,ui.docshot-replacement.project.workspace-new-project,,byte-preserving migration only; regeneration/recreation is a later separate operation,B04,No existing CLI token is invented for planned families. Current generator/destination mismatch remains until infrastructure phase. Replacement needs approved equivalence and updated all references; original record remains.
00_book/figures/gui/chapter-02/05-open-project-choice.png,ui.project.open-project-choice,unknown,canonical,,documentation_assets/ui/docshot/project/open-project-choice.png,true,,planned/project,regenerate-canonical,low,,,ui.docshot-replacement.project.open-project-choice,,byte-preserving migration only; regeneration/recreation is a later separate operation,B04,No existing CLI token is invented for planned families. Current generator/destination mismatch remains until infrastructure phase. Replacement needs approved equivalence and updated all references; original record remains.
00_book/figures/gui/chapter-02/06-open-existing-project.png,ui.project.workspace-open-existing,unknown,canonical,,documentation_assets/ui/docshot/project/workspace-open-existing.png,true,,planned/project,regenerate-canonical,medium,,,ui.docshot-replacement.project.workspace-open-existing,,byte-preserving migration only; regeneration/recreation is a later separate operation,B04,No existing CLI token is invented for planned families. Current generator/destination mismatch remains until infrastructure phase. Replacement needs approved equivalence and updated all references; original record remains.
00_book/figures/gui/chapter-02/07-recent-projects.png,ui.project.recent-projects,unknown,canonical,,documentation_assets/ui/docshot/project/recent-projects.png,true,,planned/project,regenerate-canonical,medium,,,ui.docshot-replacement.project.recent-projects,,byte-preserving migration only; regeneration/recreation is a later separate operation,B04,No existing CLI token is invented for planned families. Current generator/destination mismatch remains until infrastructure phase. Replacement needs approved equivalence and updated all references; original record remains.
00_book/figures/gui/chapter-02/08-save-project.png,ui.project.save-menu,unknown,canonical,,documentation_assets/ui/docshot/project/save-menu.png,true,,planned/project,regenerate-canonical,medium,,,ui.docshot-replacement.project.save-menu,,byte-preserving migration only; regeneration/recreation is a later separate operation,B04,No existing CLI token is invented for planned families. Current generator/destination mismatch remains until infrastructure phase. Replacement needs approved equivalence and updated all references; original record remains.
00_book/figures/gui/chapter-02/09-snapshot-history.png,ui.project.snapshot-history,unknown,canonical,,documentation_assets/ui/docshot/project/snapshot-history.png,true,,planned/project,regenerate-canonical,medium,,,ui.docshot-replacement.project.snapshot-history,,byte-preserving migration only; regeneration/recreation is a later separate operation,B04,No existing CLI token is invented for planned families. Current generator/destination mismatch remains until infrastructure phase. Replacement needs approved equivalence and updated all references; original record remains.
00_book/figures/gui/chapter-02/10-ready-workspace.png,ui.project.workspace-ready,unknown,canonical,,documentation_assets/ui/docshot/project/workspace-ready.png,true,,planned/project,regenerate-canonical,low,,,ui.docshot-replacement.project.workspace-ready,,byte-preserving migration only; regeneration/recreation is a later separate operation,B04,No existing CLI token is invented for planned families. Current generator/destination mismatch remains until infrastructure phase. Replacement needs approved equivalence and updated all references; original record remains.
00_book/figures/gui/chapter-03/01-workspace-overview.png,ui.core.workspace-overview,docshot-confirmed,canonical,,documentation_assets/ui/docshot/core/workspace-overview.png,false,docshots/chapter03.py,existing/navigation,keep-current,high,uv run python scripts/docshots.py chapter-03,,ui.core.workspace-overview,,byte-preserving migration only; regeneration/recreation is a later separate operation,B03,No existing CLI token is invented for planned families. Current generator/destination mismatch remains until infrastructure phase. Replacement needs approved equivalence and updated all references; original record remains.
00_book/figures/gui/chapter-03/02-menu-bar.png,ui.core.view-menu,docshot-confirmed,canonical,,documentation_assets/ui/docshot/core/view-menu.png,false,docshots/chapter03.py,existing/navigation,keep-current,high,uv run python scripts/docshots.py chapter-03,,ui.core.view-menu,,byte-preserving migration only; regeneration/recreation is a later separate operation,B03,No existing CLI token is invented for planned families. Current generator/destination mismatch remains until infrastructure phase. Replacement needs approved equivalence and updated all references; original record remains.
00_book/figures/gui/chapter-03/03-activity-bar.png,ui.core.activity-bar,docshot-confirmed,canonical,,documentation_assets/ui/docshot/core/activity-bar.png,false,docshots/chapter03.py,existing/navigation,keep-current,high,uv run python scripts/docshots.py chapter-03,,ui.core.activity-bar,,byte-preserving migration only; regeneration/recreation is a later separate operation,B03,No existing CLI token is invented for planned families. Current generator/destination mismatch remains until infrastructure phase. Replacement needs approved equivalence and updated all references; original record remains.
00_book/figures/gui/chapter-03/04-devices-sidebar.png,ui.devices.sidebar-status-groups,docshot-confirmed,canonical,,documentation_assets/ui/docshot/devices/sidebar-status-groups.png,false,docshots/chapter03.py,existing/devices,keep-current,high,uv run python scripts/docshots.py chapter-03,,ui.devices.sidebar-status-groups,,byte-preserving migration only; regeneration/recreation is a later separate operation,B03,No existing CLI token is invented for planned families. Current generator/destination mismatch remains until infrastructure phase. Replacement needs approved equivalence and updated all references; original record remains.
00_book/figures/gui/chapter-03/05-device-tabs.png,ui.devices.tabs-router-active,docshot-confirmed,canonical,,documentation_assets/ui/docshot/devices/tabs-router-active.png,false,docshots/chapter03.py,existing/devices,keep-current,high,uv run python scripts/docshots.py chapter-03,,ui.devices.tabs-router-active,,byte-preserving migration only; regeneration/recreation is a later separate operation,B03,No existing CLI token is invented for planned families. Current generator/destination mismatch remains until infrastructure phase. Replacement needs approved equivalence and updated all references; original record remains.
00_book/figures/gui/chapter-03/06-feature-bar-router.png,ui.core.feature-bar-router,docshot-confirmed,canonical,,documentation_assets/ui/docshot/core/feature-bar-router.png,false,docshots/chapter03.py,existing/navigation,keep-current,high,uv run python scripts/docshots.py chapter-03,,ui.core.feature-bar-router,,byte-preserving migration only; regeneration/recreation is a later separate operation,B03,No existing CLI token is invented for planned families. Current generator/destination mismatch remains until infrastructure phase. Replacement needs approved equivalence and updated all references; original record remains.
00_book/figures/gui/chapter-03/07-feature-bar-switch.png,ui.core.feature-bar-switch,docshot-confirmed,canonical,,documentation_assets/ui/docshot/core/feature-bar-switch.png,false,docshots/chapter03.py,existing/navigation,keep-current,high,uv run python scripts/docshots.py chapter-03,,ui.core.feature-bar-switch,,byte-preserving migration only; regeneration/recreation is a later separate operation,B03,No existing CLI token is invented for planned families. Current generator/destination mismatch remains until infrastructure phase. Replacement needs approved equivalence and updated all references; original record remains.
00_book/figures/gui/chapter-03/08-content-area.png,ui.core.information-empty,docshot-confirmed,canonical,,documentation_assets/ui/docshot/core/information-empty.png,false,docshots/chapter03.py,existing/navigation,keep-current,high,uv run python scripts/docshots.py chapter-03,,ui.core.information-empty,,byte-preserving migration only; regeneration/recreation is a later separate operation,B03,No existing CLI token is invented for planned families. Current generator/destination mismatch remains until infrastructure phase. Replacement needs approved equivalence and updated all references; original record remains.
00_book/figures/gui/chapter-03/09-status-bar.png,ui.core.status-bar,docshot-confirmed,canonical,,documentation_assets/ui/docshot/core/status-bar.png,false,docshots/chapter03.py,existing/navigation,keep-current,high,uv run python scripts/docshots.py chapter-03,,ui.core.status-bar,,byte-preserving migration only; regeneration/recreation is a later separate operation,B03,No existing CLI token is invented for planned families. Current generator/destination mismatch remains until infrastructure phase. Replacement needs approved equivalence and updated all references; original record remains.
00_book/figures/gui/chapter-03/09-status-details.png,ui.core.status-details,docshot-confirmed,canonical,,documentation_assets/ui/docshot/core/status-details.png,false,docshots/chapter03.py,existing/navigation,keep-current,high,uv run python scripts/docshots.py chapter-03,,ui.core.status-details,,byte-preserving migration only; regeneration/recreation is a later separate operation,B03,No existing CLI token is invented for planned families. Current generator/destination mismatch remains until infrastructure phase. Replacement needs approved equivalence and updated all references; original record remains.
00_book/figures/gui/chapter-03/10-sidebar-collapsed.png,ui.core.sidebar-collapsed,docshot-confirmed,canonical,,documentation_assets/ui/docshot/core/sidebar-collapsed.png,false,docshots/chapter03.py,existing/navigation,keep-current,high,uv run python scripts/docshots.py chapter-03,,ui.core.sidebar-collapsed,,byte-preserving migration only; regeneration/recreation is a later separate operation,B03,No existing CLI token is invented for planned families. Current generator/destination mismatch remains until infrastructure phase. Replacement needs approved equivalence and updated all references; original record remains.
00_book/figures/gui/chapter-04/01-devices-inventory.png,ui.devices.inventory-waiting,docshot-confirmed,canonical,,documentation_assets/ui/docshot/devices/inventory-waiting.png,false,docshots/chapter04.py,existing/devices,keep-current,high,uv run python scripts/docshots.py chapter-04,,ui.devices.inventory-waiting,,byte-preserving migration only; regeneration/recreation is a later separate operation,B03,No existing CLI token is invented for planned families. Current generator/destination mismatch remains until infrastructure phase. Replacement needs approved equivalence and updated all references; original record remains.
00_book/figures/gui/chapter-04/02-add-device-empty.png,ui.devices.create-empty,docshot-confirmed,canonical,,documentation_assets/ui/docshot/devices/create-empty.png,false,docshots/chapter04.py,existing/devices,keep-current,high,uv run python scripts/docshots.py chapter-04,,ui.devices.create-empty,,byte-preserving migration only; regeneration/recreation is a later separate operation,B03,No existing CLI token is invented for planned families. Current generator/destination mismatch remains until infrastructure phase. Replacement needs approved equivalence and updated all references; original record remains.
00_book/figures/gui/chapter-04/03-add-device-filled.png,ui.devices.create-filled,docshot-confirmed,canonical,,documentation_assets/ui/docshot/devices/create-filled.png,false,docshots/chapter04.py,existing/devices,keep-current,high,uv run python scripts/docshots.py chapter-04,,ui.devices.create-filled,,byte-preserving migration only; regeneration/recreation is a later separate operation,B03,No existing CLI token is invented for planned families. Current generator/destination mismatch remains until infrastructure phase. Replacement needs approved equivalence and updated all references; original record remains.
00_book/figures/gui/chapter-04/04-device-added-waiting.png,ui.devices.created-waiting,docshot-confirmed,canonical,,documentation_assets/ui/docshot/devices/created-waiting.png,false,docshots/chapter04.py,existing/devices,keep-current,high,uv run python scripts/docshots.py chapter-04,,ui.devices.created-waiting,,byte-preserving migration only; regeneration/recreation is a later separate operation,B03,No existing CLI token is invented for planned families. Current generator/destination mismatch remains until infrastructure phase. Replacement needs approved equivalence and updated all references; original record remains.
00_book/figures/gui/chapter-04/05-ssh-compatibility.png,ui.devices.ssh-compatibility,docshot-confirmed,canonical,,documentation_assets/ui/docshot/devices/ssh-compatibility.png,false,docshots/chapter04.py,existing/devices,keep-current,high,uv run python scripts/docshots.py chapter-04,,ui.devices.ssh-compatibility,,byte-preserving migration only; regeneration/recreation is a later separate operation,B03,No existing CLI token is invented for planned families. Current generator/destination mismatch remains until infrastructure phase. Replacement needs approved equivalence and updated all references; original record remains.
00_book/figures/gui/chapter-04/06-add-multiple-devices.png,ui.devices.batch-create-empty,docshot-confirmed,canonical,,documentation_assets/ui/docshot/devices/batch-create-empty.png,false,docshots/chapter04.py,existing/devices,keep-current,high,uv run python scripts/docshots.py chapter-04,,ui.devices.batch-create-empty,,byte-preserving migration only; regeneration/recreation is a later separate operation,B03,No existing CLI token is invented for planned families. Current generator/destination mismatch remains until infrastructure phase. Replacement needs approved equivalence and updated all references; original record remains.
00_book/figures/gui/chapter-04/07-batch-devices-filled.png,ui.devices.batch-create-filled,docshot-confirmed,canonical,,documentation_assets/ui/docshot/devices/batch-create-filled.png,false,docshots/chapter04.py,existing/devices,keep-current,high,uv run python scripts/docshots.py chapter-04,,ui.devices.batch-create-filled,,byte-preserving migration only; regeneration/recreation is a later separate operation,B03,No existing CLI token is invented for planned families. Current generator/destination mismatch remains until infrastructure phase. Replacement needs approved equivalence and updated all references; original record remains.
00_book/figures/gui/chapter-04/08-search-filter.png,ui.devices.search-switches,docshot-confirmed,canonical,,documentation_assets/ui/docshot/devices/search-switches.png,false,docshots/chapter04.py,existing/devices,keep-current,high,uv run python scripts/docshots.py chapter-04,,ui.devices.search-switches,,byte-preserving migration only; regeneration/recreation is a later separate operation,B03,No existing CLI token is invented for planned families. Current generator/destination mismatch remains until infrastructure phase. Replacement needs approved equivalence and updated all references; original record remains.
00_book/figures/gui/chapter-04/09-device-context-waiting.png,ui.devices.context-waiting,docshot-confirmed,canonical,,documentation_assets/ui/docshot/devices/context-waiting.png,false,docshots/chapter04.py,existing/devices,keep-current,high,uv run python scripts/docshots.py chapter-04,,ui.devices.context-waiting,,byte-preserving migration only; regeneration/recreation is a later separate operation,B03,No existing CLI token is invented for planned families. Current generator/destination mismatch remains until infrastructure phase. Replacement needs approved equivalence and updated all references; original record remains.
00_book/figures/gui/chapter-04/10-device-connected.png,ui.devices.connected,docshot-confirmed,canonical,,documentation_assets/ui/docshot/devices/connected.png,false,docshots/chapter04.py,existing/devices,keep-current,high,uv run python scripts/docshots.py chapter-04,,ui.devices.connected,,byte-preserving migration only; regeneration/recreation is a later separate operation,B03,No existing CLI token is invented for planned families. Current generator/destination mismatch remains until infrastructure phase. Replacement needs approved equivalence and updated all references; original record remains.
00_book/figures/gui/chapter-04/11-device-context-connected.png,ui.devices.context-connected,docshot-confirmed,canonical,,documentation_assets/ui/docshot/devices/context-connected.png,false,docshots/chapter04.py,existing/devices,keep-current,high,uv run python scripts/docshots.py chapter-04,,ui.devices.context-connected,,byte-preserving migration only; regeneration/recreation is a later separate operation,B03,No existing CLI token is invented for planned families. Current generator/destination mismatch remains until infrastructure phase. Replacement needs approved equivalence and updated all references; original record remains.
00_book/figures/gui/chapter-04/12-device-context-disconnected.png,ui.devices.context-disconnected,docshot-confirmed,canonical,,documentation_assets/ui/docshot/devices/context-disconnected.png,false,docshots/chapter04.py,existing/devices,keep-current,high,uv run python scripts/docshots.py chapter-04,,ui.devices.context-disconnected,,byte-preserving migration only; regeneration/recreation is a later separate operation,B03,No existing CLI token is invented for planned families. Current generator/destination mismatch remains until infrastructure phase. Replacement needs approved equivalence and updated all references; original record remains.
00_book/figures/gui/chapter-04/13-multi-select.png,ui.devices.multi-select-mixed-status,docshot-confirmed,canonical,,documentation_assets/ui/docshot/devices/multi-select-mixed-status.png,false,docshots/chapter04.py,existing/devices,keep-current,high,uv run python scripts/docshots.py chapter-04,,ui.devices.multi-select-mixed-status,,byte-preserving migration only; regeneration/recreation is a later separate operation,B03,No existing CLI token is invented for planned families. Current generator/destination mismatch remains until infrastructure phase. Replacement needs approved equivalence and updated all references; original record remains.
00_book/figures/gui/chapter-04/14-multi-select-actions.png,ui.devices.multi-select-actions,docshot-confirmed,canonical,,documentation_assets/ui/docshot/devices/multi-select-actions.png,false,docshots/chapter04.py,existing/devices,keep-current,high,uv run python scripts/docshots.py chapter-04,,ui.devices.multi-select-actions,,byte-preserving migration only; regeneration/recreation is a later separate operation,B03,No existing CLI token is invented for planned families. Current generator/destination mismatch remains until infrastructure phase. Replacement needs approved equivalence and updated all references; original record remains.
00_book/figures/gui/chapter-04/15-edit-device.png,ui.devices.edit,docshot-confirmed,canonical,,documentation_assets/ui/docshot/devices/edit.png,false,docshots/chapter04.py,existing/devices,keep-current,high,uv run python scripts/docshots.py chapter-04,,ui.devices.edit,,byte-preserving migration only; regeneration/recreation is a later separate operation,B03,No existing CLI token is invented for planned families. Current generator/destination mismatch remains until infrastructure phase. Replacement needs approved equivalence and updated all references; original record remains.
00_book/figures/gui/chapter-04/16-delete-device-confirmation.png,ui.devices.delete-confirmation,docshot-confirmed,canonical,,documentation_assets/ui/docshot/devices/delete-confirmation.png,false,docshots/chapter04.py,existing/devices,keep-current,high,uv run python scripts/docshots.py chapter-04,,ui.devices.delete-confirmation,,byte-preserving migration only; regeneration/recreation is a later separate operation,B03,No existing CLI token is invented for planned families. Current generator/destination mismatch remains until infrastructure phase. Replacement needs approved equivalence and updated all references; original record remains.
00_book/figures/gui/chapter-04/17-running-config-result.png,ui.devices.running-config-snapshot,docshot-confirmed,canonical,,documentation_assets/ui/docshot/devices/running-config-snapshot.png,false,docshots/chapter04.py,existing/devices,keep-current,high,uv run python scripts/docshots.py chapter-04,,ui.devices.running-config-snapshot,,byte-preserving migration only; regeneration/recreation is a later separate operation,B03,No existing CLI token is invented for planned families. Current generator/destination mismatch remains until infrastructure phase. Replacement needs approved equivalence and updated all references; original record remains.
00_book/figures/gui/chapter-04/18-import-result.png,ui.devices.import-result,docshot-confirmed,canonical,,documentation_assets/ui/docshot/devices/import-result.png,false,docshots/chapter04.py,existing/devices,keep-current,high,uv run python scripts/docshots.py chapter-04,,ui.devices.import-result,,byte-preserving migration only; regeneration/recreation is a later separate operation,B03,No existing CLI token is invented for planned families. Current generator/destination mismatch remains until infrastructure phase. Replacement needs approved equivalence and updated all references; original record remains.
00_book/figures/gui/chapter-04/19-batch-table-detail.png,ui.devices.batch-host-name-detail,docshot-confirmed,canonical,,documentation_assets/ui/docshot/devices/batch-host-name-detail.png,false,docshots/chapter04.py,existing/devices,keep-current,high,uv run python scripts/docshots.py chapter-04,,ui.devices.batch-host-name-detail,,byte-preserving migration only; regeneration/recreation is a later separate operation,B03,No existing CLI token is invented for planned families. Current generator/destination mismatch remains until infrastructure phase. Replacement needs approved equivalence and updated all references; original record remains.
00_book/figures/gui/chapter-05/01-router-interface-overview.png,ui.routing.interfaces.physical-overview,unknown,canonical,,documentation_assets/ui/docshot/routing/interfaces/physical-overview.png,true,,planned/routing/interfaces,regenerate-canonical,medium,,,ui.docshot-replacement.routing.interfaces.physical-overview,,byte-preserving migration only; regeneration/recreation is a later separate operation,B05,No existing CLI token is invented for planned families. Current generator/destination mismatch remains until infrastructure phase. Replacement needs approved equivalence and updated all references; original record remains.
00_book/figures/gui/chapter-05/02-edit-physical-interface.png,ui.routing.interfaces.physical-edit,unknown,canonical,,documentation_assets/ui/docshot/routing/interfaces/physical-edit.png,true,,planned/routing/interfaces,regenerate-canonical,low,,,ui.docshot-replacement.routing.interfaces.physical-edit,,byte-preserving migration only; regeneration/recreation is a later separate operation,B05,No existing CLI token is invented for planned families. Current generator/destination mismatch remains until infrastructure phase. Replacement needs approved equivalence and updated all references; original record remains.
00_book/figures/gui/chapter-05/03-physical-interface-configured.png,ui.routing.interfaces.physical-configured,unknown,canonical,,documentation_assets/ui/docshot/routing/interfaces/physical-configured.png,true,,planned/routing/interfaces,regenerate-canonical,medium,,,ui.docshot-replacement.routing.interfaces.physical-configured,,byte-preserving migration only; regeneration/recreation is a later separate operation,B05,No existing CLI token is invented for planned families. Current generator/destination mismatch remains until infrastructure phase. Replacement needs approved equivalence and updated all references; original record remains.
00_book/figures/gui/chapter-05/04-loopback-interface.png,ui.routing.interfaces.loopback,unknown,canonical,,documentation_assets/ui/docshot/routing/interfaces/loopback.png,true,,planned/routing/interfaces,regenerate-canonical,medium,,,ui.docshot-replacement.routing.interfaces.loopback,,byte-preserving migration only; regeneration/recreation is a later separate operation,B05,No existing CLI token is invented for planned families. Current generator/destination mismatch remains until infrastructure phase. Replacement needs approved equivalence and updated all references; original record remains.
00_book/figures/gui/chapter-05/05-tunnel-interface.png,ui.routing.interfaces.tunnel,unknown,canonical,,documentation_assets/ui/docshot/routing/interfaces/tunnel.png,true,,planned/routing/interfaces,regenerate-canonical,medium,,,ui.docshot-replacement.routing.interfaces.tunnel,,byte-preserving migration only; regeneration/recreation is a later separate operation,B05,No existing CLI token is invented for planned families. Current generator/destination mismatch remains until infrastructure phase. Replacement needs approved equivalence and updated all references; original record remains.
00_book/figures/gui/chapter-05/06-subinterface.png,ui.routing.interfaces.subinterface,unknown,canonical,,documentation_assets/ui/docshot/routing/interfaces/subinterface.png,true,,planned/routing/interfaces,regenerate-canonical,medium,,,ui.docshot-replacement.routing.interfaces.subinterface,,byte-preserving migration only; regeneration/recreation is a later separate operation,B05,No existing CLI token is invented for planned families. Current generator/destination mismatch remains until infrastructure phase. Replacement needs approved equivalence and updated all references; original record remains.
00_book/figures/gui/chapter-05/07-view-push-preview.png,ui.routing.interfaces.view-push,unknown,canonical,,documentation_assets/ui/docshot/routing/interfaces/view-push.png,true,,planned/routing/interfaces,regenerate-canonical,medium,,,ui.docshot-replacement.routing.interfaces.view-push,,byte-preserving migration only; regeneration/recreation is a later separate operation,B05,No existing CLI token is invented for planned families. Current generator/destination mismatch remains until infrastructure phase. Replacement needs approved equivalence and updated all references; original record remains.
00_book/figures/gui/chapter-06/01-static-routes.png,ui.routing.static.routes,unknown,canonical,,documentation_assets/ui/docshot/routing/static/routes.png,true,,planned/routing/static,regenerate-canonical,medium,,,ui.docshot-replacement.routing.static.routes,,byte-preserving migration only; regeneration/recreation is a later separate operation,B05,No existing CLI token is invented for planned families. Current generator/destination mismatch remains until infrastructure phase. Replacement needs approved equivalence and updated all references; original record remains.
00_book/figures/gui/chapter-06/02-default-routes.png,ui.routing.static.default-routes,unknown,canonical,,documentation_assets/ui/docshot/routing/static/default-routes.png,true,,planned/routing/static,regenerate-canonical,low,,,ui.docshot-replacement.routing.static.default-routes,,byte-preserving migration only; regeneration/recreation is a later separate operation,B05,No existing CLI token is invented for planned families. Current generator/destination mismatch remains until infrastructure phase. Replacement needs approved equivalence and updated all references; original record remains.
00_book/figures/gui/chapter-06/03-ospf-process.png,ui.routing.ospf.process,unknown,canonical,,documentation_assets/ui/docshot/routing/ospf/process.png,true,,planned/routing/ospf,regenerate-canonical,medium,,,ui.docshot-replacement.routing.ospf.process,,byte-preserving migration only; regeneration/recreation is a later separate operation,B05,No existing CLI token is invented for planned families. Current generator/destination mismatch remains until infrastructure phase. Replacement needs approved equivalence and updated all references; original record remains.
00_book/figures/gui/chapter-06/04-ospf-networks.png,ui.routing.ospf.networks,unknown,canonical,,documentation_assets/ui/docshot/routing/ospf/networks.png,true,,planned/routing/ospf,regenerate-canonical,medium,,,ui.docshot-replacement.routing.ospf.networks,,byte-preserving migration only; regeneration/recreation is a later separate operation,B05,No existing CLI token is invented for planned families. Current generator/destination mismatch remains until infrastructure phase. Replacement needs approved equivalence and updated all references; original record remains.
00_book/figures/gui/chapter-06/05-ospf-areas.png,ui.routing.ospf.areas,unknown,canonical,,documentation_assets/ui/docshot/routing/ospf/areas.png,true,,planned/routing/ospf,regenerate-canonical,medium,,,ui.docshot-replacement.routing.ospf.areas,,byte-preserving migration only; regeneration/recreation is a later separate operation,B05,No existing CLI token is invented for planned families. Current generator/destination mismatch remains until infrastructure phase. Replacement needs approved equivalence and updated all references; original record remains.
00_book/figures/gui/chapter-06/06-ospf-distance.png,ui.routing.ospf.distance,unknown,canonical,,documentation_assets/ui/docshot/routing/ospf/distance.png,true,,planned/routing/ospf,regenerate-canonical,low,,,ui.docshot-replacement.routing.ospf.distance,,byte-preserving migration only; regeneration/recreation is a later separate operation,B05,No existing CLI token is invented for planned families. Current generator/destination mismatch remains until infrastructure phase. Replacement needs approved equivalence and updated all references; original record remains.
00_book/figures/gui/chapter-06/07-ospf-redistribute.png,ui.routing.ospf.redistribute,unknown,canonical,,documentation_assets/ui/docshot/routing/ospf/redistribute.png,true,,planned/routing/ospf,regenerate-canonical,medium,,,ui.docshot-replacement.routing.ospf.redistribute,,byte-preserving migration only; regeneration/recreation is a later separate operation,B05,No existing CLI token is invented for planned families. Current generator/destination mismatch remains until infrastructure phase. Replacement needs approved equivalence and updated all references; original record remains.
00_book/figures/gui/chapter-06/08-ospf-interfaces.png,ui.routing.ospf.interfaces,unknown,canonical,,documentation_assets/ui/docshot/routing/ospf/interfaces.png,true,,planned/routing/ospf,regenerate-canonical,medium,,,ui.docshot-replacement.routing.ospf.interfaces,,byte-preserving migration only; regeneration/recreation is a later separate operation,B05,No existing CLI token is invented for planned families. Current generator/destination mismatch remains until infrastructure phase. Replacement needs approved equivalence and updated all references; original record remains.
00_book/figures/gui/chapter-06/09-ospf-passive-interface.png,ui.routing.ospf.passive-interfaces,unknown,canonical,,documentation_assets/ui/docshot/routing/ospf/passive-interfaces.png,true,,planned/routing/ospf,regenerate-canonical,low,,,ui.docshot-replacement.routing.ospf.passive-interfaces,,byte-preserving migration only; regeneration/recreation is a later separate operation,B05,No existing CLI token is invented for planned families. Current generator/destination mismatch remains until infrastructure phase. Replacement needs approved equivalence and updated all references; original record remains.
00_book/figures/gui/chapter-06/10-ospf-tuning.png,ui.routing.ospf.tuning,unknown,canonical,,documentation_assets/ui/docshot/routing/ospf/tuning.png,true,,planned/routing/ospf,regenerate-canonical,low,,,ui.docshot-replacement.routing.ospf.tuning,,byte-preserving migration only; regeneration/recreation is a later separate operation,B05,No existing CLI token is invented for planned families. Current generator/destination mismatch remains until infrastructure phase. Replacement needs approved equivalence and updated all references; original record remains.
00_book/figures/gui/chapter-06/11-eigrp-process.png,ui.routing.eigrp.process,unknown,canonical,,documentation_assets/ui/docshot/routing/eigrp/process.png,true,,planned/routing/eigrp,regenerate-canonical,medium,,,ui.docshot-replacement.routing.eigrp.process,,byte-preserving migration only; regeneration/recreation is a later separate operation,B05,No existing CLI token is invented for planned families. Current generator/destination mismatch remains until infrastructure phase. Replacement needs approved equivalence and updated all references; original record remains.
00_book/figures/gui/chapter-06/12-eigrp-networks.png,ui.routing.eigrp.networks,unknown,canonical,,documentation_assets/ui/docshot/routing/eigrp/networks.png,true,,planned/routing/eigrp,regenerate-canonical,low,,,ui.docshot-replacement.routing.eigrp.networks,,byte-preserving migration only; regeneration/recreation is a later separate operation,B05,No existing CLI token is invented for planned families. Current generator/destination mismatch remains until infrastructure phase. Replacement needs approved equivalence and updated all references; original record remains.
00_book/figures/gui/chapter-06/13-eigrp-interfaces.png,ui.routing.eigrp.interfaces,unknown,canonical,,documentation_assets/ui/docshot/routing/eigrp/interfaces.png,true,,planned/routing/eigrp,regenerate-canonical,medium,,,ui.docshot-replacement.routing.eigrp.interfaces,,byte-preserving migration only; regeneration/recreation is a later separate operation,B05,No existing CLI token is invented for planned families. Current generator/destination mismatch remains until infrastructure phase. Replacement needs approved equivalence and updated all references; original record remains.
00_book/figures/gui/chapter-06/14-eigrp-passive-interface.png,ui.routing.eigrp.passive-interfaces,unknown,canonical,,documentation_assets/ui/docshot/routing/eigrp/passive-interfaces.png,true,,planned/routing/eigrp,regenerate-canonical,low,,,ui.docshot-replacement.routing.eigrp.passive-interfaces,,byte-preserving migration only; regeneration/recreation is a later separate operation,B05,No existing CLI token is invented for planned families. Current generator/destination mismatch remains until infrastructure phase. Replacement needs approved equivalence and updated all references; original record remains.
00_book/figures/gui/chapter-06/15-eigrp-redistribute.png,ui.routing.eigrp.redistribute,unknown,canonical,,documentation_assets/ui/docshot/routing/eigrp/redistribute.png,true,,planned/routing/eigrp,regenerate-canonical,medium,,,ui.docshot-replacement.routing.eigrp.redistribute,,byte-preserving migration only; regeneration/recreation is a later separate operation,B05,No existing CLI token is invented for planned families. Current generator/destination mismatch remains until infrastructure phase. Replacement needs approved equivalence and updated all references; original record remains.
00_book/figures/gui/chapter-06/16-eigrp-distribute-list.png,ui.routing.eigrp.distribute-list,unknown,canonical,,documentation_assets/ui/docshot/routing/eigrp/distribute-list.png,true,,planned/routing/eigrp,regenerate-canonical,low,,,ui.docshot-replacement.routing.eigrp.distribute-list,,byte-preserving migration only; regeneration/recreation is a later separate operation,B05,No existing CLI token is invented for planned families. Current generator/destination mismatch remains until infrastructure phase. Replacement needs approved equivalence and updated all references; original record remains.
00_book/figures/gui/chapter-06/17-eigrp-offset-list.png,ui.routing.eigrp.offset-list,unknown,canonical,,documentation_assets/ui/docshot/routing/eigrp/offset-list.png,true,,planned/routing/eigrp,regenerate-canonical,low,,,ui.docshot-replacement.routing.eigrp.offset-list,,byte-preserving migration only; regeneration/recreation is a later separate operation,B05,No existing CLI token is invented for planned families. Current generator/destination mismatch remains until infrastructure phase. Replacement needs approved equivalence and updated all references; original record remains.
00_book/figures/gui/chapter-06/18-eigrp-key-chains.png,ui.routing.eigrp.key-chains,unknown,canonical,,documentation_assets/ui/docshot/routing/eigrp/key-chains.png,true,,planned/routing/eigrp,regenerate-canonical,medium,,,ui.docshot-replacement.routing.eigrp.key-chains,,byte-preserving migration only; regeneration/recreation is a later separate operation,B05,No existing CLI token is invented for planned families. Current generator/destination mismatch remains until infrastructure phase. Replacement needs approved equivalence and updated all references; original record remains.
00_book/figures/gui/chapter-06/19-routing-group-hosts.png,ui.routing.ospf.routing-group-hosts,unknown,canonical,,documentation_assets/ui/docshot/routing/ospf/routing-group-hosts.png,true,,planned/routing/ospf,regenerate-canonical,medium,,,ui.docshot-replacement.routing.ospf.routing-group-hosts,,byte-preserving migration only; regeneration/recreation is a later separate operation,B05,No existing CLI token is invented for planned families. Current generator/destination mismatch remains until infrastructure phase. Replacement needs approved equivalence and updated all references; original record remains.
00_book/figures/gui/chapter-06/20-routing-group-identity.png,ui.routing.ospf.routing-group-identity,unknown,canonical,,documentation_assets/ui/docshot/routing/ospf/routing-group-identity.png,true,,planned/routing/ospf,regenerate-canonical,medium,,,ui.docshot-replacement.routing.ospf.routing-group-identity,,byte-preserving migration only; regeneration/recreation is a later separate operation,B05,No existing CLI token is invented for planned families. Current generator/destination mismatch remains until infrastructure phase. Replacement needs approved equivalence and updated all references; original record remains.
00_book/figures/gui/chapter-06/21-routing-group-common.png,ui.routing.ospf.routing-group-common,unknown,canonical,,documentation_assets/ui/docshot/routing/ospf/routing-group-common.png,true,,planned/routing/ospf,regenerate-canonical,low,,,ui.docshot-replacement.routing.ospf.routing-group-common,,byte-preserving migration only; regeneration/recreation is a later separate operation,B05,No existing CLI token is invented for planned families. Current generator/destination mismatch remains until infrastructure phase. Replacement needs approved equivalence and updated all references; original record remains.
00_book/figures/gui/chapter-06/22-routing-group-networks.png,ui.routing.ospf.routing-group-networks,unknown,canonical,,documentation_assets/ui/docshot/routing/ospf/routing-group-networks.png,true,,planned/routing/ospf,regenerate-canonical,medium,,,ui.docshot-replacement.routing.ospf.routing-group-networks,,byte-preserving migration only; regeneration/recreation is a later separate operation,B05,No existing CLI token is invented for planned families. Current generator/destination mismatch remains until infrastructure phase. Replacement needs approved equivalence and updated all references; original record remains.
00_book/figures/gui/chapter-06/23-static-view-push.png,ui.routing.static.view-push,unknown,canonical,,documentation_assets/ui/docshot/routing/static/view-push.png,true,,planned/routing/static,regenerate-canonical,low,,,ui.docshot-replacement.routing.static.view-push,,byte-preserving migration only; regeneration/recreation is a later separate operation,B05,No existing CLI token is invented for planned families. Current generator/destination mismatch remains until infrastructure phase. Replacement needs approved equivalence and updated all references; original record remains.
00_book/figures/gui/chapter-06/24-ospf-view-push.png,ui.routing.ospf.view-push,unknown,canonical,,documentation_assets/ui/docshot/routing/ospf/view-push.png,true,,planned/routing/ospf,regenerate-canonical,medium,,,ui.docshot-replacement.routing.ospf.view-push,,byte-preserving migration only; regeneration/recreation is a later separate operation,B05,No existing CLI token is invented for planned families. Current generator/destination mismatch remains until infrastructure phase. Replacement needs approved equivalence and updated all references; original record remains.
00_book/figures/gui/chapter-06/25-eigrp-view-push.png,ui.routing.eigrp.view-push,unknown,canonical,,documentation_assets/ui/docshot/routing/eigrp/view-push.png,true,,planned/routing/eigrp,regenerate-canonical,low,,,ui.docshot-replacement.routing.eigrp.view-push,,byte-preserving migration only; regeneration/recreation is a later separate operation,B05,No existing CLI token is invented for planned families. Current generator/destination mismatch remains until infrastructure phase. Replacement needs approved equivalence and updated all references; original record remains.
00_book/figures/gui/chapter-06/26-routing-group-view-push.png,ui.routing.ospf.routing-group-view-push,unknown,canonical,,documentation_assets/ui/docshot/routing/ospf/routing-group-view-push.png,true,,planned/routing/ospf,regenerate-canonical,medium,,,ui.docshot-replacement.routing.ospf.routing-group-view-push,,byte-preserving migration only; regeneration/recreation is a later separate operation,B05,No existing CLI token is invented for planned families. Current generator/destination mismatch remains until infrastructure phase. Replacement needs approved equivalence and updated all references; original record remains.
00_book/figures/gui/chapter-07/01-dhcp-pools.png,ui.routing.dhcp.pools,unknown,canonical,,documentation_assets/ui/docshot/routing/dhcp/pools.png,true,,planned/routing/dhcp,regenerate-canonical,medium,,,ui.docshot-replacement.routing.dhcp.pools,,byte-preserving migration only; regeneration/recreation is a later separate operation,B06,No existing CLI token is invented for planned families. Current generator/destination mismatch remains until infrastructure phase. Replacement needs approved equivalence and updated all references; original record remains.
00_book/figures/gui/chapter-07/02-dhcp-excluded-addresses.png,ui.routing.dhcp.excluded-addresses,unknown,canonical,,documentation_assets/ui/docshot/routing/dhcp/excluded-addresses.png,true,,planned/routing/dhcp,regenerate-canonical,medium,,,ui.docshot-replacement.routing.dhcp.excluded-addresses,,byte-preserving migration only; regeneration/recreation is a later separate operation,B06,No existing CLI token is invented for planned families. Current generator/destination mismatch remains until infrastructure phase. Replacement needs approved equivalence and updated all references; original record remains.
00_book/figures/gui/chapter-07/03-dhcp-helper-addresses.png,ui.routing.dhcp.helper-addresses,unknown,canonical,,documentation_assets/ui/docshot/routing/dhcp/helper-addresses.png,true,,planned/routing/dhcp,regenerate-canonical,medium,,,ui.docshot-replacement.routing.dhcp.helper-addresses,,byte-preserving migration only; regeneration/recreation is a later separate operation,B06,No existing CLI token is invented for planned families. Current generator/destination mismatch remains until infrastructure phase. Replacement needs approved equivalence and updated all references; original record remains.
00_book/figures/gui/chapter-07/04-dhcp-view-push.png,ui.routing.dhcp.view-push,unknown,canonical,,documentation_assets/ui/docshot/routing/dhcp/view-push.png,true,,planned/routing/dhcp,regenerate-canonical,medium,,,ui.docshot-replacement.routing.dhcp.view-push,,byte-preserving migration only; regeneration/recreation is a later separate operation,B06,No existing CLI token is invented for planned families. Current generator/destination mismatch remains until infrastructure phase. Replacement needs approved equivalence and updated all references; original record remains.
00_book/figures/gui/chapter-08/01-acl-standard.png,ui.routing.acl.standard,unknown,canonical,,documentation_assets/ui/docshot/routing/acl/standard.png,true,,planned/routing/acl,regenerate-canonical,medium,,,ui.docshot-replacement.routing.acl.standard,,byte-preserving migration only; regeneration/recreation is a later separate operation,B06,No existing CLI token is invented for planned families. Current generator/destination mismatch remains until infrastructure phase. Replacement needs approved equivalence and updated all references; original record remains.
00_book/figures/gui/chapter-08/02-acl-extended.png,ui.routing.acl.extended,unknown,canonical,,documentation_assets/ui/docshot/routing/acl/extended.png,true,,planned/routing/acl,regenerate-canonical,medium,,,ui.docshot-replacement.routing.acl.extended,,byte-preserving migration only; regeneration/recreation is a later separate operation,B06,No existing CLI token is invented for planned families. Current generator/destination mismatch remains until infrastructure phase. Replacement needs approved equivalence and updated all references; original record remains.
00_book/figures/gui/chapter-08/03-acl-dynamic.png,ui.routing.acl.dynamic,unknown,canonical,,documentation_assets/ui/docshot/routing/acl/dynamic.png,true,,planned/routing/acl,regenerate-canonical,medium,,,ui.docshot-replacement.routing.acl.dynamic,,byte-preserving migration only; regeneration/recreation is a later separate operation,B06,No existing CLI token is invented for planned families. Current generator/destination mismatch remains until infrastructure phase. Replacement needs approved equivalence and updated all references; original record remains.
00_book/figures/gui/chapter-08/04-acl-reflexive.png,ui.routing.acl.reflexive,unknown,canonical,,documentation_assets/ui/docshot/routing/acl/reflexive.png,true,,planned/routing/acl,regenerate-canonical,medium,,,ui.docshot-replacement.routing.acl.reflexive,,byte-preserving migration only; regeneration/recreation is a later separate operation,B06,No existing CLI token is invented for planned families. Current generator/destination mismatch remains until infrastructure phase. Replacement needs approved equivalence and updated all references; original record remains.
00_book/figures/gui/chapter-08/05-acl-mac.png,ui.routing.acl.mac,unknown,canonical,,documentation_assets/ui/docshot/routing/acl/mac.png,true,,planned/routing/acl,regenerate-canonical,medium,,,ui.docshot-replacement.routing.acl.mac,,byte-preserving migration only; regeneration/recreation is a later separate operation,B06,No existing CLI token is invented for planned families. Current generator/destination mismatch remains until infrastructure phase. Replacement needs approved equivalence and updated all references; original record remains.
00_book/figures/gui/chapter-08/06-acl-bindings.png,ui.routing.acl.bindings,unknown,canonical,,documentation_assets/ui/docshot/routing/acl/bindings.png,true,,planned/routing/acl,regenerate-canonical,medium,,,ui.docshot-replacement.routing.acl.bindings,,byte-preserving migration only; regeneration/recreation is a later separate operation,B06,No existing CLI token is invented for planned families. Current generator/destination mismatch remains until infrastructure phase. Replacement needs approved equivalence and updated all references; original record remains.
00_book/figures/gui/chapter-08/07-acl-view-push.png,ui.routing.acl.view-push,unknown,canonical,,documentation_assets/ui/docshot/routing/acl/view-push.png,true,,planned/routing/acl,regenerate-canonical,medium,,,ui.docshot-replacement.routing.acl.view-push,,byte-preserving migration only; regeneration/recreation is a later separate operation,B06,No existing CLI token is invented for planned families. Current generator/destination mismatch remains until infrastructure phase. Replacement needs approved equivalence and updated all references; original record remains.
00_book/figures/gui/chapter-09/01-hsrp-gateway-members.png,ui.routing.fhrp.hsrp-gateway-members,unknown,canonical,,documentation_assets/ui/docshot/routing/fhrp/hsrp-gateway-members.png,true,,planned/routing/fhrp,regenerate-canonical,low,,,ui.docshot-replacement.routing.fhrp.hsrp-gateway-members,,byte-preserving migration only; regeneration/recreation is a later separate operation,B06,No existing CLI token is invented for planned families. Current generator/destination mismatch remains until infrastructure phase. Replacement needs approved equivalence and updated all references; original record remains.
00_book/figures/gui/chapter-09/02-hsrp-authentication-timers.png,ui.routing.fhrp.hsrp-authentication-timers,unknown,canonical,,documentation_assets/ui/docshot/routing/fhrp/hsrp-authentication-timers.png,true,,planned/routing/fhrp,regenerate-canonical,low,,,ui.docshot-replacement.routing.fhrp.hsrp-authentication-timers,,byte-preserving migration only; regeneration/recreation is a later separate operation,B06,No existing CLI token is invented for planned families. Current generator/destination mismatch remains until infrastructure phase. Replacement needs approved equivalence and updated all references; original record remains.
00_book/figures/gui/chapter-09/03-hsrp-member-policy.png,ui.routing.fhrp.hsrp-member-policy,unknown,canonical,,documentation_assets/ui/docshot/routing/fhrp/hsrp-member-policy.png,true,,planned/routing/fhrp,regenerate-canonical,low,,,ui.docshot-replacement.routing.fhrp.hsrp-member-policy,,byte-preserving migration only; regeneration/recreation is a later separate operation,B06,No existing CLI token is invented for planned families. Current generator/destination mismatch remains until infrastructure phase. Replacement needs approved equivalence and updated all references; original record remains.
00_book/figures/gui/chapter-09/04-vrrp-configuration.png,ui.routing.fhrp.vrrp-configuration,unknown,canonical,,documentation_assets/ui/docshot/routing/fhrp/vrrp-configuration.png,true,,planned/routing/fhrp,regenerate-canonical,low,,,ui.docshot-replacement.routing.fhrp.vrrp-configuration,,byte-preserving migration only; regeneration/recreation is a later separate operation,B06,No existing CLI token is invented for planned families. Current generator/destination mismatch remains until infrastructure phase. Replacement needs approved equivalence and updated all references; original record remains.
00_book/figures/gui/chapter-09/05-glbp-configuration.png,ui.routing.fhrp.glbp-configuration,unknown,canonical,,documentation_assets/ui/docshot/routing/fhrp/glbp-configuration.png,true,,planned/routing/fhrp,regenerate-canonical,low,,,ui.docshot-replacement.routing.fhrp.glbp-configuration,,byte-preserving migration only; regeneration/recreation is a later separate operation,B06,No existing CLI token is invented for planned families. Current generator/destination mismatch remains until infrastructure phase. Replacement needs approved equivalence and updated all references; original record remains.
00_book/figures/gui/chapter-09/06-hsrp-view-push.png,ui.routing.fhrp.hsrp-view-push,unknown,canonical,,documentation_assets/ui/docshot/routing/fhrp/hsrp-view-push.png,true,,planned/routing/fhrp,regenerate-canonical,medium,,,ui.docshot-replacement.routing.fhrp.hsrp-view-push,,byte-preserving migration only; regeneration/recreation is a later separate operation,B06,No existing CLI token is invented for planned families. Current generator/destination mismatch remains until infrastructure phase. Replacement needs approved equivalence and updated all references; original record remains.
00_book/figures/gui/chapter-09/07-vrrp-view-push.png,ui.routing.fhrp.vrrp-view-push,unknown,canonical,,documentation_assets/ui/docshot/routing/fhrp/vrrp-view-push.png,true,,planned/routing/fhrp,regenerate-canonical,low,,,ui.docshot-replacement.routing.fhrp.vrrp-view-push,,byte-preserving migration only; regeneration/recreation is a later separate operation,B06,No existing CLI token is invented for planned families. Current generator/destination mismatch remains until infrastructure phase. Replacement needs approved equivalence and updated all references; original record remains.
00_book/figures/gui/chapter-09/08-glbp-view-push.png,ui.routing.fhrp.glbp-view-push,unknown,canonical,,documentation_assets/ui/docshot/routing/fhrp/glbp-view-push.png,true,,planned/routing/fhrp,regenerate-canonical,low,,,ui.docshot-replacement.routing.fhrp.glbp-view-push,,byte-preserving migration only; regeneration/recreation is a later separate operation,B06,No existing CLI token is invented for planned families. Current generator/destination mismatch remains until infrastructure phase. Replacement needs approved equivalence and updated all references; original record remains.
00_book/figures/gui/chapter-09/09-hsrp-gateway-form-zoom.png,ui.routing.fhrp.hsrp-gateway-form-detail,unknown,canonical,,documentation_assets/ui/docshot/routing/fhrp/hsrp-gateway-form-detail.png,true,,planned/routing/fhrp,regenerate-canonical,medium,,,ui.docshot-replacement.routing.fhrp.hsrp-gateway-form-detail,,byte-preserving migration only; regeneration/recreation is a later separate operation,B06,No existing CLI token is invented for planned families. Current generator/destination mismatch remains until infrastructure phase. Replacement needs approved equivalence and updated all references; original record remains.
00_book/figures/gui/chapter-09/11-hsrp-primary-member-zoom.png,ui.routing.fhrp.hsrp-primary-member-detail,unknown,canonical,,documentation_assets/ui/docshot/routing/fhrp/hsrp-primary-member-detail.png,true,,planned/routing/fhrp,regenerate-canonical,medium,,,ui.docshot-replacement.routing.fhrp.hsrp-primary-member-detail,,byte-preserving migration only; regeneration/recreation is a later separate operation,B06,No existing CLI token is invented for planned families. Current generator/destination mismatch remains until infrastructure phase. Replacement needs approved equivalence and updated all references; original record remains.
00_book/figures/gui/chapter-09/12-hsrp-secondary-member-zoom.png,ui.routing.fhrp.hsrp-secondary-member-detail,unknown,canonical,,documentation_assets/ui/docshot/routing/fhrp/hsrp-secondary-member-detail.png,true,,planned/routing/fhrp,regenerate-canonical,medium,,,ui.docshot-replacement.routing.fhrp.hsrp-secondary-member-detail,,byte-preserving migration only; regeneration/recreation is a later separate operation,B06,No existing CLI token is invented for planned families. Current generator/destination mismatch remains until infrastructure phase. Replacement needs approved equivalence and updated all references; original record remains.
00_book/figures/gui/chapter-09/13-vrrp-options-member-zoom.png,ui.routing.fhrp.vrrp-options-member-detail,unknown,canonical,,documentation_assets/ui/docshot/routing/fhrp/vrrp-options-member-detail.png,true,,planned/routing/fhrp,regenerate-canonical,medium,,,ui.docshot-replacement.routing.fhrp.vrrp-options-member-detail,,byte-preserving migration only; regeneration/recreation is a later separate operation,B06,No existing CLI token is invented for planned families. Current generator/destination mismatch remains until infrastructure phase. Replacement needs approved equivalence and updated all references; original record remains.
00_book/figures/gui/chapter-09/14-glbp-weighting-zoom.png,ui.routing.fhrp.glbp-weighting-detail,unknown,canonical,,documentation_assets/ui/docshot/routing/fhrp/glbp-weighting-detail.png,true,,planned/routing/fhrp,regenerate-canonical,medium,,,ui.docshot-replacement.routing.fhrp.glbp-weighting-detail,,byte-preserving migration only; regeneration/recreation is a later separate operation,B06,No existing CLI token is invented for planned families. Current generator/destination mismatch remains until infrastructure phase. Replacement needs approved equivalence and updated all references; original record remains.
00_book/figures/gui/chapter-09/15-hsrp-auth-protocol-detail.png,ui.routing.fhrp.hsrp-auth-protocol-detail,unknown,canonical,,documentation_assets/ui/docshot/routing/fhrp/hsrp-auth-protocol-detail.png,true,,planned/routing/fhrp,regenerate-canonical,medium,,,ui.docshot-replacement.routing.fhrp.hsrp-auth-protocol-detail,,byte-preserving migration only; regeneration/recreation is a later separate operation,B06,No existing CLI token is invented for planned families. Current generator/destination mismatch remains until infrastructure phase. Replacement needs approved equivalence and updated all references; original record remains.
00_book/figures/gui/chapter-10/01-syslog-destinations.png,ui.routing.syslog.destinations,unknown,canonical,,documentation_assets/ui/docshot/routing/syslog/destinations.png,true,,planned/routing/syslog,regenerate-canonical,medium,,,ui.docshot-replacement.routing.syslog.destinations,,byte-preserving migration only; regeneration/recreation is a later separate operation,B10,No existing CLI token is invented for planned families. Current generator/destination mismatch remains until infrastructure phase. Replacement needs approved equivalence and updated all references; original record remains.
00_book/figures/gui/chapter-10/02-syslog-server-editor.png,ui.routing.syslog.server-editor,unknown,canonical,,documentation_assets/ui/docshot/routing/syslog/server-editor.png,true,,planned/routing/syslog,regenerate-canonical,medium,,,ui.docshot-replacement.routing.syslog.server-editor,,byte-preserving migration only; regeneration/recreation is a later separate operation,B10,No existing CLI token is invented for planned families. Current generator/destination mismatch remains until infrastructure phase. Replacement needs approved equivalence and updated all references; original record remains.
00_book/figures/gui/chapter-10/03-syslog-group-hosts.png,ui.routing.syslog.group-hosts,unknown,canonical,,documentation_assets/ui/docshot/routing/syslog/group-hosts.png,true,,planned/routing/syslog,regenerate-canonical,medium,,,ui.docshot-replacement.routing.syslog.group-hosts,,byte-preserving migration only; regeneration/recreation is a later separate operation,B10,No existing CLI token is invented for planned families. Current generator/destination mismatch remains until infrastructure phase. Replacement needs approved equivalence and updated all references; original record remains.
00_book/figures/gui/chapter-10/04-syslog-group-interfaces.png,ui.routing.syslog.group-interfaces,unknown,canonical,,documentation_assets/ui/docshot/routing/syslog/group-interfaces.png,true,,planned/routing/syslog,regenerate-canonical,medium,,,ui.docshot-replacement.routing.syslog.group-interfaces,,byte-preserving migration only; regeneration/recreation is a later separate operation,B10,No existing CLI token is invented for planned families. Current generator/destination mismatch remains until infrastructure phase. Replacement needs approved equivalence and updated all references; original record remains.
00_book/figures/gui/chapter-10/05-syslog-group-policy.png,ui.routing.syslog.group-policy,unknown,canonical,,documentation_assets/ui/docshot/routing/syslog/group-policy.png,true,,planned/routing/syslog,regenerate-canonical,medium,,,ui.docshot-replacement.routing.syslog.group-policy,,byte-preserving migration only; regeneration/recreation is a later separate operation,B10,No existing CLI token is invented for planned families. Current generator/destination mismatch remains until infrastructure phase. Replacement needs approved equivalence and updated all references; original record remains.
00_book/figures/gui/chapter-10/06-syslog-view-push.png,ui.routing.syslog.view-push,unknown,canonical,,documentation_assets/ui/docshot/routing/syslog/view-push.png,true,,planned/routing/syslog,regenerate-canonical,medium,,,ui.docshot-replacement.routing.syslog.view-push,,byte-preserving migration only; regeneration/recreation is a later separate operation,B10,No existing CLI token is invented for planned families. Current generator/destination mismatch remains until infrastructure phase. Replacement needs approved equivalence and updated all references; original record remains.
00_book/figures/gui/chapter-11/01-quick-pat-setup.png,ui.routing.nat.quick-pat-setup,unknown,canonical,,documentation_assets/ui/docshot/routing/nat/quick-pat-setup.png,true,,planned/routing/nat,regenerate-canonical,medium,,,ui.docshot-replacement.routing.nat.quick-pat-setup,,byte-preserving migration only; regeneration/recreation is a later separate operation,B06,No existing CLI token is invented for planned families. Current generator/destination mismatch remains until infrastructure phase. Replacement needs approved equivalence and updated all references; original record remains.
00_book/figures/gui/chapter-11/02-interfaces-form-zoom.png,ui.routing.nat.interfaces-form-detail,unknown,canonical,,documentation_assets/ui/docshot/routing/nat/interfaces-form-detail.png,true,,planned/routing/nat,regenerate-canonical,medium,,,ui.docshot-replacement.routing.nat.interfaces-form-detail,,byte-preserving migration only; regeneration/recreation is a later separate operation,B06,No existing CLI token is invented for planned families. Current generator/destination mismatch remains until infrastructure phase. Replacement needs approved equivalence and updated all references; original record remains.
00_book/figures/gui/chapter-11/03-interfaces-overview.png,ui.routing.nat.interfaces-overview,unknown,canonical,,documentation_assets/ui/docshot/routing/nat/interfaces-overview.png,true,,planned/routing/nat,regenerate-canonical,low,,,ui.docshot-replacement.routing.nat.interfaces-overview,,byte-preserving migration only; regeneration/recreation is a later separate operation,B06,No existing CLI token is invented for planned families. Current generator/destination mismatch remains until infrastructure phase. Replacement needs approved equivalence and updated all references; original record remains.
00_book/figures/gui/chapter-11/04-acl-form-zoom.png,ui.routing.nat.acl-form-detail,unknown,canonical,,documentation_assets/ui/docshot/routing/nat/acl-form-detail.png,true,,planned/routing/nat,regenerate-canonical,medium,,,ui.docshot-replacement.routing.nat.acl-form-detail,,byte-preserving migration only; regeneration/recreation is a later separate operation,B06,No existing CLI token is invented for planned families. Current generator/destination mismatch remains until infrastructure phase. Replacement needs approved equivalence and updated all references; original record remains.
00_book/figures/gui/chapter-11/05-acl-overview.png,ui.routing.nat.acl-overview,unknown,canonical,,documentation_assets/ui/docshot/routing/nat/acl-overview.png,true,,planned/routing/nat,regenerate-canonical,low,,,ui.docshot-replacement.routing.nat.acl-overview,,byte-preserving migration only; regeneration/recreation is a later separate operation,B06,No existing CLI token is invented for planned families. Current generator/destination mismatch remains until infrastructure phase. Replacement needs approved equivalence and updated all references; original record remains.
00_book/figures/gui/chapter-11/06-static-form-zoom.png,ui.routing.nat.static-form-detail,unknown,canonical,,documentation_assets/ui/docshot/routing/nat/static-form-detail.png,true,,planned/routing/nat,regenerate-canonical,medium,,,ui.docshot-replacement.routing.nat.static-form-detail,,byte-preserving migration only; regeneration/recreation is a later separate operation,B06,No existing CLI token is invented for planned families. Current generator/destination mismatch remains until infrastructure phase. Replacement needs approved equivalence and updated all references; original record remains.
00_book/figures/gui/chapter-11/07-static-overview.png,ui.routing.nat.static-overview,unknown,canonical,,documentation_assets/ui/docshot/routing/nat/static-overview.png,true,,planned/routing/nat,regenerate-canonical,low,,,ui.docshot-replacement.routing.nat.static-overview,,byte-preserving migration only; regeneration/recreation is a later separate operation,B06,No existing CLI token is invented for planned families. Current generator/destination mismatch remains until infrastructure phase. Replacement needs approved equivalence and updated all references; original record remains.
00_book/figures/gui/chapter-11/08-dynamic-form-zoom.png,ui.routing.nat.dynamic-form-detail,unknown,canonical,,documentation_assets/ui/docshot/routing/nat/dynamic-form-detail.png,true,,planned/routing/nat,regenerate-canonical,medium,,,ui.docshot-replacement.routing.nat.dynamic-form-detail,,byte-preserving migration only; regeneration/recreation is a later separate operation,B06,No existing CLI token is invented for planned families. Current generator/destination mismatch remains until infrastructure phase. Replacement needs approved equivalence and updated all references; original record remains.
00_book/figures/gui/chapter-11/09-dynamic-overview.png,ui.routing.nat.dynamic-overview,unknown,canonical,,documentation_assets/ui/docshot/routing/nat/dynamic-overview.png,true,,planned/routing/nat,regenerate-canonical,low,,,ui.docshot-replacement.routing.nat.dynamic-overview,,byte-preserving migration only; regeneration/recreation is a later separate operation,B06,No existing CLI token is invented for planned families. Current generator/destination mismatch remains until infrastructure phase. Replacement needs approved equivalence and updated all references; original record remains.
00_book/figures/gui/chapter-11/10-pat-form-zoom.png,ui.routing.nat.pat-form-detail,unknown,canonical,,documentation_assets/ui/docshot/routing/nat/pat-form-detail.png,true,,planned/routing/nat,regenerate-canonical,medium,,,ui.docshot-replacement.routing.nat.pat-form-detail,,byte-preserving migration only; regeneration/recreation is a later separate operation,B06,No existing CLI token is invented for planned families. Current generator/destination mismatch remains until infrastructure phase. Replacement needs approved equivalence and updated all references; original record remains.
00_book/figures/gui/chapter-11/11-pat-overview.png,ui.routing.nat.pat-overview,unknown,canonical,,documentation_assets/ui/docshot/routing/nat/pat-overview.png,true,,planned/routing/nat,regenerate-canonical,low,,,ui.docshot-replacement.routing.nat.pat-overview,,byte-preserving migration only; regeneration/recreation is a later separate operation,B06,No existing CLI token is invented for planned families. Current generator/destination mismatch remains until infrastructure phase. Replacement needs approved equivalence and updated all references; original record remains.
00_book/figures/gui/chapter-11/12-route-map-form-zoom.png,ui.routing.nat.route-map-form-detail,unknown,canonical,,documentation_assets/ui/docshot/routing/nat/route-map-form-detail.png,true,,planned/routing/nat,regenerate-canonical,medium,,,ui.docshot-replacement.routing.nat.route-map-form-detail,,byte-preserving migration only; regeneration/recreation is a later separate operation,B06,No existing CLI token is invented for planned families. Current generator/destination mismatch remains until infrastructure phase. Replacement needs approved equivalence and updated all references; original record remains.
00_book/figures/gui/chapter-11/13-route-map-overview.png,ui.routing.nat.route-map-overview,unknown,canonical,,documentation_assets/ui/docshot/routing/nat/route-map-overview.png,true,,planned/routing/nat,regenerate-canonical,low,,,ui.docshot-replacement.routing.nat.route-map-overview,,byte-preserving migration only; regeneration/recreation is a later separate operation,B06,No existing CLI token is invented for planned families. Current generator/destination mismatch remains until infrastructure phase. Replacement needs approved equivalence and updated all references; original record remains.
00_book/figures/gui/chapter-11/14-nat-view-push.png,ui.routing.nat.view-push,unknown,canonical,,documentation_assets/ui/docshot/routing/nat/view-push.png,true,,planned/routing/nat,regenerate-canonical,medium,,,ui.docshot-replacement.routing.nat.view-push,,byte-preserving migration only; regeneration/recreation is a later separate operation,B06,No existing CLI token is invented for planned families. Current generator/destination mismatch remains until infrastructure phase. Replacement needs approved equivalence and updated all references; original record remains.
00_book/figures/gui/chapter-12/01-sftp-connection-form.png,ui.transfer.sftp.connection-form,unknown,canonical,,documentation_assets/ui/docshot/transfer/sftp/connection-form.png,true,,planned/transfer/sftp,investigate-first,medium,,,ui.docshot-replacement.transfer.sftp.connection-form,,byte-preserving migration only; regeneration/recreation is a later separate operation,B09,No existing CLI token is invented for planned families. Current generator/destination mismatch remains until infrastructure phase. Replacement needs approved equivalence and updated all references; original record remains.
00_book/figures/gui/chapter-12/02-sftp-workspace-overview.png,ui.transfer.sftp.workspace-overview,unknown,canonical,,documentation_assets/ui/docshot/transfer/sftp/workspace-overview.png,true,,planned/transfer/sftp,investigate-first,medium,,,ui.docshot-replacement.transfer.sftp.workspace-overview,,byte-preserving migration only; regeneration/recreation is a later separate operation,B09,No existing CLI token is invented for planned families. Current generator/destination mismatch remains until infrastructure phase. Replacement needs approved equivalence and updated all references; original record remains.
00_book/figures/gui/chapter-12/03-sftp-connection-bar.png,ui.transfer.sftp.connection-bar,unknown,canonical,,documentation_assets/ui/docshot/transfer/sftp/connection-bar.png,true,,planned/transfer/sftp,investigate-first,medium,,,ui.docshot-replacement.transfer.sftp.connection-bar,,byte-preserving migration only; regeneration/recreation is a later separate operation,B09,No existing CLI token is invented for planned families. Current generator/destination mismatch remains until infrastructure phase. Replacement needs approved equivalence and updated all references; original record remains.
00_book/figures/gui/chapter-12/04-sftp-local-files.png,ui.transfer.sftp.local-files,unknown,canonical,,documentation_assets/ui/docshot/transfer/sftp/local-files.png,true,,planned/transfer/sftp,investigate-first,low,,,ui.docshot-replacement.transfer.sftp.local-files,,byte-preserving migration only; regeneration/recreation is a later separate operation,B09,No existing CLI token is invented for planned families. Current generator/destination mismatch remains until infrastructure phase. Replacement needs approved equivalence and updated all references; original record remains.
00_book/figures/gui/chapter-12/05-sftp-remote-files.png,ui.transfer.sftp.remote-files,unknown,canonical,,documentation_assets/ui/docshot/transfer/sftp/remote-files.png,true,,planned/transfer/sftp,investigate-first,low,,,ui.docshot-replacement.transfer.sftp.remote-files,,byte-preserving migration only; regeneration/recreation is a later separate operation,B09,No existing CLI token is invented for planned families. Current generator/destination mismatch remains until infrastructure phase. Replacement needs approved equivalence and updated all references; original record remains.
00_book/figures/gui/chapter-12/06-sftp-transfer-queue.png,ui.transfer.sftp.transfer-queue,unknown,canonical,,documentation_assets/ui/docshot/transfer/sftp/transfer-queue.png,true,,planned/transfer/sftp,investigate-first,medium,,,ui.docshot-replacement.transfer.sftp.transfer-queue,,byte-preserving migration only; regeneration/recreation is a later separate operation,B09,No existing CLI token is invented for planned families. Current generator/destination mismatch remains until infrastructure phase. Replacement needs approved equivalence and updated all references; original record remains.
00_book/figures/gui/chapter-12/07-sftp-host-key-confirmation.png,ui.transfer.sftp.host-key-confirmation,unknown,canonical,,documentation_assets/ui/docshot/transfer/sftp/host-key-confirmation.png,true,,planned/transfer/sftp,investigate-first,medium,,,ui.docshot-replacement.transfer.sftp.host-key-confirmation,,byte-preserving migration only; regeneration/recreation is a later separate operation,B09,No existing CLI token is invented for planned families. Current generator/destination mismatch remains until infrastructure phase. Replacement needs approved equivalence and updated all references; original record remains.
00_book/figures/gui/chapter-12/08-sftp-connection-paths.png,ui.transfer.sftp.connection-paths,unknown,canonical,,documentation_assets/ui/docshot/transfer/sftp/connection-paths.png,true,,planned/transfer/sftp,investigate-first,medium,,,ui.docshot-replacement.transfer.sftp.connection-paths,,byte-preserving migration only; regeneration/recreation is a later separate operation,B09,No existing CLI token is invented for planned families. Current generator/destination mismatch remains until infrastructure phase. Replacement needs approved equivalence and updated all references; original record remains.
00_book/figures/gui/chapter-12/09-scp-workspace.png,ui.transfer.scp.workspace,unknown,canonical,,documentation_assets/ui/docshot/transfer/scp/workspace.png,true,,planned/transfer/scp,investigate-first,medium,,,ui.docshot-replacement.transfer.scp.workspace,,byte-preserving migration only; regeneration/recreation is a later separate operation,B09,No existing CLI token is invented for planned families. Current generator/destination mismatch remains until infrastructure phase. Replacement needs approved equivalence and updated all references; original record remains.
00_book/figures/gui/chapter-12/10-sync-notifications.png,ui.transfer.snapshots.sync-notifications,unknown,canonical,,documentation_assets/ui/docshot/transfer/snapshots/sync-notifications.png,true,,planned/transfer/snapshots,investigate-first,medium,,,ui.docshot-replacement.transfer.snapshots.sync-notifications,,byte-preserving migration only; regeneration/recreation is a later separate operation,B09,No existing CLI token is invented for planned families. Current generator/destination mismatch remains until infrastructure phase. Replacement needs approved equivalence and updated all references; original record remains.
00_book/figures/gui/chapter-12/11-running-config-history.png,ui.transfer.snapshots.running-config-history,unknown,canonical,,documentation_assets/ui/docshot/transfer/snapshots/running-config-history.png,true,,planned/transfer/snapshots,investigate-first,medium,,,ui.docshot-replacement.transfer.snapshots.running-config-history,,byte-preserving migration only; regeneration/recreation is a later separate operation,B09,No existing CLI token is invented for planned families. Current generator/destination mismatch remains until infrastructure phase. Replacement needs approved equivalence and updated all references; original record remains.
00_book/figures/gui/chapter-12/12-running-config-diff.png,ui.transfer.snapshots.running-config-diff,unknown,canonical,,documentation_assets/ui/docshot/transfer/snapshots/running-config-diff.png,true,,planned/transfer/snapshots,investigate-first,medium,,,ui.docshot-replacement.transfer.snapshots.running-config-diff,,byte-preserving migration only; regeneration/recreation is a later separate operation,B09,No existing CLI token is invented for planned families. Current generator/destination mismatch remains until infrastructure phase. Replacement needs approved equivalence and updated all references; original record remains.
00_book/figures/gui/chapter-13/01-system-logs-overview.png,ui.system-logs.overview,unknown,canonical,,documentation_assets/ui/docshot/system-logs/overview.png,true,,planned/system-logs,investigate-first,medium,,,ui.docshot-replacement.system-logs.overview,,byte-preserving migration only; regeneration/recreation is a later separate operation,B10,No existing CLI token is invented for planned families. Current generator/destination mismatch remains until infrastructure phase. Replacement needs approved equivalence and updated all references; original record remains.
00_book/figures/gui/chapter-13/02-listener-status.png,ui.system-logs.listener-status,unknown,canonical,,documentation_assets/ui/docshot/system-logs/listener-status.png,true,,planned/system-logs,investigate-first,medium,,,ui.docshot-replacement.system-logs.listener-status,,byte-preserving migration only; regeneration/recreation is a later separate operation,B10,No existing CLI token is invented for planned families. Current generator/destination mismatch remains until infrastructure phase. Replacement needs approved equivalence and updated all references; original record remains.
00_book/figures/gui/chapter-13/03-log-filter-bar.png,ui.system-logs.filter-bar,unknown,canonical,,documentation_assets/ui/docshot/system-logs/filter-bar.png,true,,planned/system-logs,investigate-first,medium,,,ui.docshot-replacement.system-logs.filter-bar,,byte-preserving migration only; regeneration/recreation is a later separate operation,B10,No existing CLI token is invented for planned families. Current generator/destination mismatch remains until infrastructure phase. Replacement needs approved equivalence and updated all references; original record remains.
00_book/figures/gui/chapter-13/04-severity-levels.png,ui.system-logs.severity-levels,unknown,canonical,,documentation_assets/ui/docshot/system-logs/severity-levels.png,true,,planned/system-logs,investigate-first,medium,,,ui.docshot-replacement.system-logs.severity-levels,,byte-preserving migration only; regeneration/recreation is a later separate operation,B10,No existing CLI token is invented for planned families. Current generator/destination mismatch remains until infrastructure phase. Replacement needs approved equivalence and updated all references; original record remains.
00_book/figures/gui/chapter-13/05-critical-filter-result.png,ui.system-logs.critical-filter-result,unknown,canonical,,documentation_assets/ui/docshot/system-logs/critical-filter-result.png,true,,planned/system-logs,investigate-first,medium,,,ui.docshot-replacement.system-logs.critical-filter-result,,byte-preserving migration only; regeneration/recreation is a later separate operation,B10,No existing CLI token is invented for planned families. Current generator/destination mismatch remains until infrastructure phase. Replacement needs approved equivalence and updated all references; original record remains.
00_book/figures/gui/chapter-13/06-smart-filter-builder.png,ui.system-logs.smart-filter-builder,unknown,canonical,,documentation_assets/ui/docshot/system-logs/smart-filter-builder.png,true,,planned/system-logs,investigate-first,medium,,,ui.docshot-replacement.system-logs.smart-filter-builder,,byte-preserving migration only; regeneration/recreation is a later separate operation,B10,No existing CLI token is invented for planned families. Current generator/destination mismatch remains until infrastructure phase. Replacement needs approved equivalence and updated all references; original record remains.
00_book/figures/gui/chapter-13/07-log-message-details.png,ui.system-logs.message-details,unknown,canonical,,documentation_assets/ui/docshot/system-logs/message-details.png,true,,planned/system-logs,investigate-first,medium,,,ui.docshot-replacement.system-logs.message-details,,byte-preserving migration only; regeneration/recreation is a later separate operation,B10,No existing CLI token is invented for planned families. Current generator/destination mismatch remains until infrastructure phase. Replacement needs approved equivalence and updated all references; original record remains.
00_book/figures/gui/chapter-14/01-switch-ports-overview.png,ui.switching.interfaces-l2.overview,unknown,canonical,,documentation_assets/ui/docshot/switching/interfaces-l2/overview.png,true,,planned/switching/interfaces-l2,regenerate-canonical,medium,,,ui.docshot-replacement.switching.interfaces-l2.overview,,byte-preserving migration only; regeneration/recreation is a later separate operation,B07,No existing CLI token is invented for planned families. Current generator/destination mismatch remains until infrastructure phase. Replacement needs approved equivalence and updated all references; original record remains.
00_book/figures/gui/chapter-14/02-access-port-form.png,ui.switching.interfaces-l2.access-port-form,unknown,canonical,,documentation_assets/ui/docshot/switching/interfaces-l2/access-port-form.png,true,,planned/switching/interfaces-l2,regenerate-canonical,medium,,,ui.docshot-replacement.switching.interfaces-l2.access-port-form,,byte-preserving migration only; regeneration/recreation is a later separate operation,B07,No existing CLI token is invented for planned families. Current generator/destination mismatch remains until infrastructure phase. Replacement needs approved equivalence and updated all references; original record remains.
00_book/figures/gui/chapter-14/03-access-loop-protection.png,ui.switching.interfaces-l2.access-loop-protection,unknown,canonical,,documentation_assets/ui/docshot/switching/interfaces-l2/access-loop-protection.png,true,,planned/switching/interfaces-l2,regenerate-canonical,medium,,,ui.docshot-replacement.switching.interfaces-l2.access-loop-protection,,byte-preserving migration only; regeneration/recreation is a later separate operation,B07,No existing CLI token is invented for planned families. Current generator/destination mismatch remains until infrastructure phase. Replacement needs approved equivalence and updated all references; original record remains.
00_book/figures/gui/chapter-14/04-trunk-port-form.png,ui.switching.interfaces-l2.trunk-port-form,unknown,canonical,,documentation_assets/ui/docshot/switching/interfaces-l2/trunk-port-form.png,true,,planned/switching/interfaces-l2,regenerate-canonical,medium,,,ui.docshot-replacement.switching.interfaces-l2.trunk-port-form,,byte-preserving migration only; regeneration/recreation is a later separate operation,B07,No existing CLI token is invented for planned families. Current generator/destination mismatch remains until infrastructure phase. Replacement needs approved equivalence and updated all references; original record remains.
00_book/figures/gui/chapter-14/05-trunk-loop-protection.png,ui.switching.interfaces-l2.trunk-loop-protection,unknown,canonical,,documentation_assets/ui/docshot/switching/interfaces-l2/trunk-loop-protection.png,true,,planned/switching/interfaces-l2,regenerate-canonical,medium,,,ui.docshot-replacement.switching.interfaces-l2.trunk-loop-protection,,byte-preserving migration only; regeneration/recreation is a later separate operation,B07,No existing CLI token is invented for planned families. Current generator/destination mismatch remains until infrastructure phase. Replacement needs approved equivalence and updated all references; original record remains.
00_book/figures/gui/chapter-14/06-interfaces-view-push.png,ui.switching.interfaces-l2.view-push,unknown,canonical,,documentation_assets/ui/docshot/switching/interfaces-l2/view-push.png,true,,planned/switching/interfaces-l2,regenerate-canonical,medium,,,ui.docshot-replacement.switching.interfaces-l2.view-push,,byte-preserving migration only; regeneration/recreation is a later separate operation,B07,No existing CLI token is invented for planned families. Current generator/destination mismatch remains until infrastructure phase. Replacement needs approved equivalence and updated all references; original record remains.
00_book/figures/gui/chapter-15/01-vlan-form.png,ui.switching.vlan.form,unknown,canonical,,documentation_assets/ui/docshot/switching/vlan/form.png,true,,planned/switching/vlan,regenerate-canonical,medium,,,ui.docshot-replacement.switching.vlan.form,,byte-preserving migration only; regeneration/recreation is a later separate operation,B07,No existing CLI token is invented for planned families. Current generator/destination mismatch remains until infrastructure phase. Replacement needs approved equivalence and updated all references; original record remains.
00_book/figures/gui/chapter-15/02-vlan-overview.png,ui.switching.vlan.overview,unknown,canonical,,documentation_assets/ui/docshot/switching/vlan/overview.png,true,,planned/switching/vlan,regenerate-canonical,low,,,ui.docshot-replacement.switching.vlan.overview,,byte-preserving migration only; regeneration/recreation is a later separate operation,B07,No existing CLI token is invented for planned families. Current generator/destination mismatch remains until infrastructure phase. Replacement needs approved equivalence and updated all references; original record remains.
00_book/figures/gui/chapter-15/03-vlan-view-push.png,ui.switching.vlan.view-push-users,unknown,canonical,,documentation_assets/ui/docshot/switching/vlan/view-push-users.png,true,,planned/switching/vlan,regenerate-canonical,medium,,,ui.docshot-replacement.switching.vlan.view-push-users,,byte-preserving migration only; regeneration/recreation is a later separate operation,B07,No existing CLI token is invented for planned families. Current generator/destination mismatch remains until infrastructure phase. Replacement needs approved equivalence and updated all references; original record remains.
00_book/figures/gui/chapter-15/04-etherchannel-form.png,ui.switching.etherchannel.form,unknown,canonical,,documentation_assets/ui/docshot/switching/etherchannel/form.png,true,,planned/switching/etherchannel,regenerate-canonical,medium,,,ui.docshot-replacement.switching.etherchannel.form,,byte-preserving migration only; regeneration/recreation is a later separate operation,B07,No existing CLI token is invented for planned families. Current generator/destination mismatch remains until infrastructure phase. Replacement needs approved equivalence and updated all references; original record remains.
00_book/figures/gui/chapter-15/05-quick-etherchannel.png,ui.switching.etherchannel.quick-link,unknown,canonical,,documentation_assets/ui/docshot/switching/etherchannel/quick-link.png,true,,planned/switching/etherchannel,regenerate-canonical,medium,,,ui.docshot-replacement.switching.etherchannel.quick-link,,byte-preserving migration only; regeneration/recreation is a later separate operation,B07,No existing CLI token is invented for planned families. Current generator/destination mismatch remains until infrastructure phase. Replacement needs approved equivalence and updated all references; original record remains.
00_book/figures/gui/chapter-15/06-etherchannel-view-push.png,ui.switching.etherchannel.view-push,unknown,canonical,,documentation_assets/ui/docshot/switching/etherchannel/view-push.png,true,,planned/switching/etherchannel,regenerate-canonical,medium,,,ui.docshot-replacement.switching.etherchannel.view-push,,byte-preserving migration only; regeneration/recreation is a later separate operation,B07,No existing CLI token is invented for planned families. Current generator/destination mismatch remains until infrastructure phase. Replacement needs approved equivalence and updated all references; original record remains.
00_book/figures/gui/chapter-15/07-stp-form.png,ui.switching.stp.form,unknown,canonical,,documentation_assets/ui/docshot/switching/stp/form.png,true,,planned/switching/stp,regenerate-canonical,medium,,,ui.docshot-replacement.switching.stp.form,,byte-preserving migration only; regeneration/recreation is a later separate operation,B07,No existing CLI token is invented for planned families. Current generator/destination mismatch remains until infrastructure phase. Replacement needs approved equivalence and updated all references; original record remains.
00_book/figures/gui/chapter-15/08-stp-view-push.png,ui.switching.stp.view-push,unknown,canonical,,documentation_assets/ui/docshot/switching/stp/view-push.png,true,,planned/switching/stp,regenerate-canonical,medium,,,ui.docshot-replacement.switching.stp.view-push,,byte-preserving migration only; regeneration/recreation is a later separate operation,B07,No existing CLI token is invented for planned families. Current generator/destination mismatch remains until infrastructure phase. Replacement needs approved equivalence and updated all references; original record remains.
00_book/figures/gui/chapter-15/09-vtp-group-top.png,ui.switching.vtp.group-top,unknown,canonical,,documentation_assets/ui/docshot/switching/vtp/group-top.png,true,,planned/switching/vtp,regenerate-canonical,medium,,,ui.docshot-replacement.switching.vtp.group-top,,byte-preserving migration only; regeneration/recreation is a later separate operation,B07,No existing CLI token is invented for planned families. Current generator/destination mismatch remains until infrastructure phase. Replacement needs approved equivalence and updated all references; original record remains.
00_book/figures/gui/chapter-15/10-vtp-member-policy.png,ui.switching.vtp.member-policy,unknown,canonical,,documentation_assets/ui/docshot/switching/vtp/member-policy.png,true,,planned/switching/vtp,regenerate-canonical,medium,,,ui.docshot-replacement.switching.vtp.member-policy,,byte-preserving migration only; regeneration/recreation is a later separate operation,B07,No existing CLI token is invented for planned families. Current generator/destination mismatch remains until infrastructure phase. Replacement needs approved equivalence and updated all references; original record remains.
00_book/figures/gui/chapter-15/11-vtp-view-push.png,ui.switching.vtp.view-push,unknown,canonical,,documentation_assets/ui/docshot/switching/vtp/view-push.png,true,,planned/switching/vtp,regenerate-canonical,medium,,,ui.docshot-replacement.switching.vtp.view-push,,byte-preserving migration only; regeneration/recreation is a later separate operation,B07,No existing CLI token is invented for planned families. Current generator/destination mismatch remains until infrastructure phase. Replacement needs approved equivalence and updated all references; original record remains.
00_book/figures/gui/chapter-15/12-quick-etherchannel-peer.png,ui.switching.etherchannel.quick-link-peer,unknown,canonical,,documentation_assets/ui/docshot/switching/etherchannel/quick-link-peer.png,true,,planned/switching/etherchannel,regenerate-canonical,medium,,,ui.docshot-replacement.switching.etherchannel.quick-link-peer,,byte-preserving migration only; regeneration/recreation is a later separate operation,B07,No existing CLI token is invented for planned families. Current generator/destination mismatch remains until infrastructure phase. Replacement needs approved equivalence and updated all references; original record remains.
00_book/figures/gui/chapter-15/13-quick-etherchannel-link-mode.png,ui.switching.etherchannel.quick-link-link-mode,unknown,canonical,,documentation_assets/ui/docshot/switching/etherchannel/quick-link-link-mode.png,true,,planned/switching/etherchannel,regenerate-canonical,medium,,,ui.docshot-replacement.switching.etherchannel.quick-link-link-mode,,byte-preserving migration only; regeneration/recreation is a later separate operation,B07,No existing CLI token is invented for planned families. Current generator/destination mismatch remains until infrastructure phase. Replacement needs approved equivalence and updated all references; original record remains.
00_book/figures/gui/chapter-16/01-vlan-protection.png,ui.switching.security.vlan-protection,unknown,canonical,,documentation_assets/ui/docshot/switching/security/vlan-protection.png,true,,planned/switching/security,regenerate-canonical,medium,,,ui.docshot-replacement.switching.security.vlan-protection,,byte-preserving migration only; regeneration/recreation is a later separate operation,B08,No existing CLI token is invented for planned families. Current generator/destination mismatch remains until infrastructure phase. Replacement needs approved equivalence and updated all references; original record remains.
00_book/figures/gui/chapter-16/02-trusted-uplinks.png,ui.switching.security.trusted-uplinks,unknown,canonical,,documentation_assets/ui/docshot/switching/security/trusted-uplinks.png,true,,planned/switching/security,regenerate-canonical,medium,,,ui.docshot-replacement.switching.security.trusted-uplinks,,byte-preserving migration only; regeneration/recreation is a later separate operation,B08,No existing CLI token is invented for planned families. Current generator/destination mismatch remains until infrastructure phase. Replacement needs approved equivalence and updated all references; original record remains.
00_book/figures/gui/chapter-16/03-static-mac-form.png,ui.switching.security.static-mac-form,unknown,canonical,,documentation_assets/ui/docshot/switching/security/static-mac-form.png,true,,planned/switching/security,regenerate-canonical,medium,,,ui.docshot-replacement.switching.security.static-mac-form,,byte-preserving migration only; regeneration/recreation is a later separate operation,B08,No existing CLI token is invented for planned families. Current generator/destination mismatch remains until infrastructure phase. Replacement needs approved equivalence and updated all references; original record remains.
00_book/figures/gui/chapter-16/04-l2-security-view-push.png,ui.switching.security.view-push,unknown,canonical,,documentation_assets/ui/docshot/switching/security/view-push.png,true,,planned/switching/security,regenerate-canonical,medium,,,ui.docshot-replacement.switching.security.view-push,,byte-preserving migration only; regeneration/recreation is a later separate operation,B08,No existing CLI token is invented for planned families. Current generator/destination mismatch remains until infrastructure phase. Replacement needs approved equivalence and updated all references; original record remains.
00_book/figures/gui/chapter-16/05-port-security-form.png,ui.switching.security.port-security-form,unknown,canonical,,documentation_assets/ui/docshot/switching/security/port-security-form.png,true,,planned/switching/security,regenerate-canonical,medium,,,ui.docshot-replacement.switching.security.port-security-form,,byte-preserving migration only; regeneration/recreation is a later separate operation,B08,No existing CLI token is invented for planned families. Current generator/destination mismatch remains until infrastructure phase. Replacement needs approved equivalence and updated all references; original record remains.
00_book/figures/gui/chapter-16/07-port-security-view-push.png,ui.switching.security.port-security-view-push,unknown,canonical,,documentation_assets/ui/docshot/switching/security/port-security-view-push.png,true,,planned/switching/security,regenerate-canonical,medium,,,ui.docshot-replacement.switching.security.port-security-view-push,,byte-preserving migration only; regeneration/recreation is a later separate operation,B08,No existing CLI token is invented for planned families. Current generator/destination mismatch remains until infrastructure phase. Replacement needs approved equivalence and updated all references; original record remains.
00_book/figures/gui/chapter-17/01-port-counters.png,ui.switching.monitoring.port-counters,unknown,canonical,,documentation_assets/ui/docshot/switching/monitoring/port-counters.png,true,,planned/switching/monitoring,investigate-first,medium,,,ui.docshot-replacement.switching.monitoring.port-counters,,byte-preserving migration only; regeneration/recreation is a later separate operation,B07,No existing CLI token is invented for planned families. Current generator/destination mismatch remains until infrastructure phase. Replacement needs approved equivalence and updated all references; original record remains.
00_book/figures/gui/chapter-17/02-mac-address-table.png,ui.switching.monitoring.mac-address-table,unknown,canonical,,documentation_assets/ui/docshot/switching/monitoring/mac-address-table.png,true,,planned/switching/monitoring,investigate-first,medium,,,ui.docshot-replacement.switching.monitoring.mac-address-table,,byte-preserving migration only; regeneration/recreation is a later separate operation,B07,No existing CLI token is invented for planned families. Current generator/destination mismatch remains until infrastructure phase. Replacement needs approved equivalence and updated all references; original record remains.
00_book/figures/gui/chapter-18/01-routed-port-form.png,ui.switching.interfaces-l3.routed-port-form,unknown,canonical,,documentation_assets/ui/docshot/switching/interfaces-l3/routed-port-form.png,true,,planned/switching/interfaces-l3,regenerate-canonical,medium,,,ui.docshot-replacement.switching.interfaces-l3.routed-port-form,,byte-preserving migration only; regeneration/recreation is a later separate operation,B07,No existing CLI token is invented for planned families. Current generator/destination mismatch remains until infrastructure phase. Replacement needs approved equivalence and updated all references; original record remains.
00_book/figures/gui/chapter-18/02-routed-ports-overview.png,ui.switching.interfaces-l3.routed-ports-overview,unknown,canonical,,documentation_assets/ui/docshot/switching/interfaces-l3/routed-ports-overview.png,true,,planned/switching/interfaces-l3,regenerate-canonical,low,,,ui.docshot-replacement.switching.interfaces-l3.routed-ports-overview,,byte-preserving migration only; regeneration/recreation is a later separate operation,B07,No existing CLI token is invented for planned families. Current generator/destination mismatch remains until infrastructure phase. Replacement needs approved equivalence and updated all references; original record remains.
00_book/figures/gui/chapter-18/03-interfaces-view-push-routed.png,ui.switching.interfaces-l3.interfaces-view-push-routed,unknown,canonical,,documentation_assets/ui/docshot/switching/interfaces-l3/interfaces-view-push-routed.png,true,,planned/switching/interfaces-l3,regenerate-canonical,medium,,,ui.docshot-replacement.switching.interfaces-l3.interfaces-view-push-routed,,byte-preserving migration only; regeneration/recreation is a later separate operation,B07,No existing CLI token is invented for planned families. Current generator/destination mismatch remains until infrastructure phase. Replacement needs approved equivalence and updated all references; original record remains.
00_book/figures/gui/chapter-18/04-svi-form.png,ui.switching.interfaces-l3.svi-form,unknown,canonical,,documentation_assets/ui/docshot/switching/interfaces-l3/svi-form.png,true,,planned/switching/interfaces-l3,regenerate-canonical,medium,,,ui.docshot-replacement.switching.interfaces-l3.svi-form,,byte-preserving migration only; regeneration/recreation is a later separate operation,B07,No existing CLI token is invented for planned families. Current generator/destination mismatch remains until infrastructure phase. Replacement needs approved equivalence and updated all references; original record remains.
00_book/figures/gui/chapter-18/05-svi-overview-ip-routing.png,ui.switching.interfaces-l3.svi-overview-ip-routing,unknown,canonical,,documentation_assets/ui/docshot/switching/interfaces-l3/svi-overview-ip-routing.png,true,,planned/switching/interfaces-l3,regenerate-canonical,medium,,,ui.docshot-replacement.switching.interfaces-l3.svi-overview-ip-routing,,byte-preserving migration only; regeneration/recreation is a later separate operation,B07,No existing CLI token is invented for planned families. Current generator/destination mismatch remains until infrastructure phase. Replacement needs approved equivalence and updated all references; original record remains.
00_book/figures/gui/chapter-18/06-svi-view-push.png,ui.switching.interfaces-l3.svi-view-push,unknown,canonical,,documentation_assets/ui/docshot/switching/interfaces-l3/svi-view-push.png,true,,planned/switching/interfaces-l3,regenerate-canonical,medium,,,ui.docshot-replacement.switching.interfaces-l3.svi-view-push,,byte-preserving migration only; regeneration/recreation is a later separate operation,B07,No existing CLI token is invented for planned families. Current generator/destination mismatch remains until infrastructure phase. Replacement needs approved equivalence and updated all references; original record remains.
00_book/figures/gui/chapter-19/01-dhcp-pool-form.png,ui.switching.dhcp.pool-form,unknown,canonical,,documentation_assets/ui/docshot/switching/dhcp/pool-form.png,true,,planned/switching/dhcp,regenerate-canonical,medium,,,ui.docshot-replacement.switching.dhcp.pool-form,,byte-preserving migration only; regeneration/recreation is a later separate operation,B07,No existing CLI token is invented for planned families. Current generator/destination mismatch remains until infrastructure phase. Replacement needs approved equivalence and updated all references; original record remains.
00_book/figures/gui/chapter-19/02-dhcp-server-overview.png,ui.switching.dhcp.server-overview,unknown,canonical,,documentation_assets/ui/docshot/switching/dhcp/server-overview.png,true,,planned/switching/dhcp,regenerate-canonical,low,,,ui.docshot-replacement.switching.dhcp.server-overview,,byte-preserving migration only; regeneration/recreation is a later separate operation,B07,No existing CLI token is invented for planned families. Current generator/destination mismatch remains until infrastructure phase. Replacement needs approved equivalence and updated all references; original record remains.
00_book/figures/gui/chapter-19/03-dhcp-server-view-push.png,ui.switching.dhcp.server-view-push,unknown,canonical,,documentation_assets/ui/docshot/switching/dhcp/server-view-push.png,true,,planned/switching/dhcp,regenerate-canonical,medium,,,ui.docshot-replacement.switching.dhcp.server-view-push,,byte-preserving migration only; regeneration/recreation is a later separate operation,B07,No existing CLI token is invented for planned families. Current generator/destination mismatch remains until infrastructure phase. Replacement needs approved equivalence and updated all references; original record remains.
00_book/figures/gui/chapter-19/04-dhcp-relay-form.png,ui.switching.dhcp.relay-form,unknown,canonical,,documentation_assets/ui/docshot/switching/dhcp/relay-form.png,true,,planned/switching/dhcp,regenerate-canonical,medium,,,ui.docshot-replacement.switching.dhcp.relay-form,,byte-preserving migration only; regeneration/recreation is a later separate operation,B07,No existing CLI token is invented for planned families. Current generator/destination mismatch remains until infrastructure phase. Replacement needs approved equivalence and updated all references; original record remains.
00_book/figures/gui/chapter-19/05-dhcp-relay-view-push.png,ui.switching.dhcp.relay-view-push,unknown,canonical,,documentation_assets/ui/docshot/switching/dhcp/relay-view-push.png,true,,planned/switching/dhcp,regenerate-canonical,medium,,,ui.docshot-replacement.switching.dhcp.relay-view-push,,byte-preserving migration only; regeneration/recreation is a later separate operation,B07,No existing CLI token is invented for planned families. Current generator/destination mismatch remains until infrastructure phase. Replacement needs approved equivalence and updated all references; original record remains.
00_book/figures/gui/chapter-19/06-acl-extended-form.png,ui.switching.acl.extended-form,unknown,canonical,,documentation_assets/ui/docshot/switching/acl/extended-form.png,true,,planned/switching/acl,regenerate-canonical,medium,,,ui.docshot-replacement.switching.acl.extended-form,,byte-preserving migration only; regeneration/recreation is a later separate operation,B07,No existing CLI token is invented for planned families. Current generator/destination mismatch remains until infrastructure phase. Replacement needs approved equivalence and updated all references; original record remains.
00_book/figures/gui/chapter-19/07-acl-bindings.png,ui.switching.acl.bindings,unknown,canonical,,documentation_assets/ui/docshot/switching/acl/bindings.png,true,,planned/switching/acl,regenerate-canonical,medium,,,ui.docshot-replacement.switching.acl.bindings,,byte-preserving migration only; regeneration/recreation is a later separate operation,B07,No existing CLI token is invented for planned families. Current generator/destination mismatch remains until infrastructure phase. Replacement needs approved equivalence and updated all references; original record remains.
00_book/figures/gui/chapter-19/08-acl-view-push.png,ui.switching.acl.view-push,unknown,canonical,,documentation_assets/ui/docshot/switching/acl/view-push.png,true,,planned/switching/acl,regenerate-canonical,medium,,,ui.docshot-replacement.switching.acl.view-push,,byte-preserving migration only; regeneration/recreation is a later separate operation,B07,No existing CLI token is invented for planned families. Current generator/destination mismatch remains until infrastructure phase. Replacement needs approved equivalence and updated all references; original record remains.
00_book/figures/gui/devices.png,ui.devices.inventory-router-selected,docshot-confirmed,canonical,,documentation_assets/ui/docshot/devices/inventory-router-selected.png,false,docshots/runtime.py,existing/devices,keep-current,high,uv run python scripts/docshots.py devices --output-dir output/documentation-assets-audit/future-regeneration,,ui.devices.inventory-router-selected,,byte-preserving migration only; regeneration/recreation is a later separate operation,B03,No existing CLI token is invented for planned families. Current generator/destination mismatch remains until infrastructure phase. Replacement needs approved equivalence and updated all references; original record remains.
00_book/figures/gui/vlan/01-select-switch.png,ui.switching.vlan.switch-selected,docshot-confirmed,canonical,,documentation_assets/ui/docshot/switching/vlan/switch-selected.png,false,docshots/runtime.py,existing/vlan,keep-current,high,uv run python scripts/docshots.py vlan --output-dir output/documentation-assets-audit/future-regeneration,,ui.switching.vlan.switch-selected,,byte-preserving migration only; regeneration/recreation is a later separate operation,B03,No existing CLI token is invented for planned families. Current generator/destination mismatch remains until infrastructure phase. Replacement needs approved equivalence and updated all references; original record remains.
00_book/figures/gui/vlan/02-open-vlan.png,ui.switching.vlan.database,docshot-confirmed,canonical,,documentation_assets/ui/docshot/switching/vlan/database.png,false,docshots/runtime.py,existing/vlan,keep-current,high,uv run python scripts/docshots.py vlan --output-dir output/documentation-assets-audit/future-regeneration,,ui.switching.vlan.database,,byte-preserving migration only; regeneration/recreation is a later separate operation,B03,No existing CLI token is invented for planned families. Current generator/destination mismatch remains until infrastructure phase. Replacement needs approved equivalence and updated all references; original record remains.
00_book/figures/gui/vlan/03-add-vlan.png,ui.switching.vlan.create-empty,docshot-confirmed,canonical,,documentation_assets/ui/docshot/switching/vlan/create-empty.png,false,docshots/runtime.py,existing/vlan,keep-current,high,uv run python scripts/docshots.py vlan --output-dir output/documentation-assets-audit/future-regeneration,,ui.switching.vlan.create-empty,,byte-preserving migration only; regeneration/recreation is a later separate operation,B03,No existing CLI token is invented for planned families. Current generator/destination mismatch remains until infrastructure phase. Replacement needs approved equivalence and updated all references; original record remains.
00_book/figures/gui/vlan/04-vlan-id.png,ui.switching.vlan.create-id-filled,docshot-confirmed,canonical,,documentation_assets/ui/docshot/switching/vlan/create-id-filled.png,false,docshots/runtime.py,existing/vlan,keep-current,high,uv run python scripts/docshots.py vlan --output-dir output/documentation-assets-audit/future-regeneration,,ui.switching.vlan.create-id-filled,,byte-preserving migration only; regeneration/recreation is a later separate operation,B03,No existing CLI token is invented for planned families. Current generator/destination mismatch remains until infrastructure phase. Replacement needs approved equivalence and updated all references; original record remains.
00_book/figures/gui/vlan/05-vlan-name.png,ui.switching.vlan.create-name-filled,docshot-confirmed,canonical,,documentation_assets/ui/docshot/switching/vlan/create-name-filled.png,false,docshots/runtime.py,existing/vlan,keep-current,high,uv run python scripts/docshots.py vlan --output-dir output/documentation-assets-audit/future-regeneration,,ui.switching.vlan.create-name-filled,,byte-preserving migration only; regeneration/recreation is a later separate operation,B03,No existing CLI token is invented for planned families. Current generator/destination mismatch remains until infrastructure phase. Replacement needs approved equivalence and updated all references; original record remains.
00_book/figures/gui/vlan/06-vlan-state.png,ui.switching.vlan.create-state-selector,docshot-confirmed,canonical,,documentation_assets/ui/docshot/switching/vlan/create-state-selector.png,false,docshots/runtime.py,existing/vlan,keep-current,high,uv run python scripts/docshots.py vlan --output-dir output/documentation-assets-audit/future-regeneration,,ui.switching.vlan.create-state-selector,,byte-preserving migration only; regeneration/recreation is a later separate operation,B03,No existing CLI token is invented for planned families. Current generator/destination mismatch remains until infrastructure phase. Replacement needs approved equivalence and updated all references; original record remains.
00_book/figures/gui/vlan/07-ready-to-save.png,ui.switching.vlan.create-ready,docshot-confirmed,canonical,,documentation_assets/ui/docshot/switching/vlan/create-ready.png,false,docshots/runtime.py,existing/vlan,keep-current,high,uv run python scripts/docshots.py vlan --output-dir output/documentation-assets-audit/future-regeneration,,ui.switching.vlan.create-ready,,byte-preserving migration only; regeneration/recreation is a later separate operation,B03,No existing CLI token is invented for planned families. Current generator/destination mismatch remains until infrastructure phase. Replacement needs approved equivalence and updated all references; original record remains.
00_book/figures/gui/vlan/08-vlan-created.png,ui.switching.vlan.created-pending-apply,docshot-confirmed,canonical,,documentation_assets/ui/docshot/switching/vlan/created-pending-apply.png,false,docshots/runtime.py,existing/vlan,keep-current,high,uv run python scripts/docshots.py vlan --output-dir output/documentation-assets-audit/future-regeneration,,ui.switching.vlan.created-pending-apply,,byte-preserving migration only; regeneration/recreation is a later separate operation,B03,No existing CLI token is invented for planned families. Current generator/destination mismatch remains until infrastructure phase. Replacement needs approved equivalence and updated all references; original record remains.
00_book/figures/gui/vlan/09-view-preview.png,ui.switching.vlan.view-push-guest,docshot-confirmed,canonical,,documentation_assets/ui/docshot/switching/vlan/view-push-guest.png,false,docshots/runtime.py,existing/vlan,keep-current,high,uv run python scripts/docshots.py vlan --output-dir output/documentation-assets-audit/future-regeneration,,ui.switching.vlan.view-push-guest,,byte-preserving migration only; regeneration/recreation is a later separate operation,B03,No existing CLI token is invented for planned families. Current generator/destination mismatch remains until infrastructure phase. Replacement needs approved equivalence and updated all references; original record remains.
00_book/figures/gui/welcome.png,ui.core.welcome-recent-projects,docshot-confirmed,canonical,,documentation_assets/ui/docshot/core/welcome-recent-projects.png,false,docshots/runtime.py,existing/navigation,keep-current,high,uv run python scripts/docshots.py welcome --output-dir output/documentation-assets-audit/future-regeneration,,ui.core.welcome-recent-projects,,byte-preserving migration only; regeneration/recreation is a later separate operation,B03,No existing CLI token is invented for planned families. Current generator/destination mismatch remains until infrastructure phase. Replacement needs approved equivalence and updated all references; original record remains.
00_book/figures/gui/workspace.png,ui.core.workspace-empty,docshot-confirmed,canonical,,documentation_assets/ui/docshot/core/workspace-empty.png,false,docshots/runtime.py,existing/navigation,keep-current,high,uv run python scripts/docshots.py workspace --output-dir output/documentation-assets-audit/future-regeneration,,ui.core.workspace-empty,,byte-preserving migration only; regeneration/recreation is a later separate operation,B03,No existing CLI token is invented for planned families. Current generator/destination mismatch remains until infrastructure phase. Replacement needs approved equivalence and updated all references; original record remains.
00_book/figures/report/diagrams/fhrp-nat-dhcp-lab/01-nat-interfaces.png,evidence.fhrp-nat-dhcp.nat-interfaces,manual-screenshot-probable,original-evidence,documentation_assets/evidence/ui-capture/original/fhrp-nat-dhcp-lab/nat-interfaces.png,documentation_assets/ui/docshot/lab-recreation/fhrp-nat-dhcp/nat-interfaces.png,true,,planned/lab-recreation/fhrp-nat-dhcp,preserve-original-and-recreate,medium,,,ui.lab-recreation.fhrp-nat-dhcp.nat-interfaces,evidence.fhrp-nat-dhcp.nat-interfaces,byte-preserving migration only; regeneration/recreation is a later separate operation,B13,No existing CLI token is invented for planned families. Current generator/destination mismatch remains until infrastructure phase. Replacement needs approved equivalence and updated all references; original record remains.
00_book/figures/report/diagrams/fhrp-nat-dhcp-lab/02-nat-acl.png,evidence.fhrp-nat-dhcp.nat-acl,manual-screenshot-probable,original-evidence,documentation_assets/evidence/ui-capture/original/fhrp-nat-dhcp-lab/nat-acl.png,documentation_assets/ui/docshot/lab-recreation/fhrp-nat-dhcp/nat-acl.png,true,,planned/lab-recreation/fhrp-nat-dhcp,preserve-original-and-recreate,medium,,,ui.lab-recreation.fhrp-nat-dhcp.nat-acl,evidence.fhrp-nat-dhcp.nat-acl,byte-preserving migration only; regeneration/recreation is a later separate operation,B13,No existing CLI token is invented for planned families. Current generator/destination mismatch remains until infrastructure phase. Replacement needs approved equivalence and updated all references; original record remains.
00_book/figures/report/diagrams/fhrp-nat-dhcp-lab/03-nat-config-preview.png,evidence.fhrp-nat-dhcp.nat-config-preview,manual-screenshot-probable,original-evidence,documentation_assets/evidence/ui-capture/original/fhrp-nat-dhcp-lab/nat-config-preview.png,documentation_assets/ui/docshot/lab-recreation/fhrp-nat-dhcp/nat-config-preview.png,true,,planned/lab-recreation/fhrp-nat-dhcp,preserve-original-and-recreate,medium,,,ui.lab-recreation.fhrp-nat-dhcp.nat-config-preview,evidence.fhrp-nat-dhcp.nat-config-preview,byte-preserving migration only; regeneration/recreation is a later separate operation,B13,No existing CLI token is invented for planned families. Current generator/destination mismatch remains until infrastructure phase. Replacement needs approved equivalence and updated all references; original record remains.
00_book/figures/report/diagrams/fhrp-nat-dhcp-lab/04-nat-pat.png,evidence.fhrp-nat-dhcp.nat-pat,manual-screenshot-probable,original-evidence,documentation_assets/evidence/ui-capture/original/fhrp-nat-dhcp-lab/nat-pat.png,documentation_assets/ui/docshot/lab-recreation/fhrp-nat-dhcp/nat-pat.png,true,,planned/lab-recreation/fhrp-nat-dhcp,preserve-original-and-recreate,medium,,,ui.lab-recreation.fhrp-nat-dhcp.nat-pat,evidence.fhrp-nat-dhcp.nat-pat,byte-preserving migration only; regeneration/recreation is a later separate operation,B13,No existing CLI token is invented for planned families. Current generator/destination mismatch remains until infrastructure phase. Replacement needs approved equivalence and updated all references; original record remains.
00_book/figures/report/diagrams/fhrp-nat-dhcp-lab/05-nat-pat-preview.png,evidence.fhrp-nat-dhcp.nat-pat-preview,manual-screenshot-probable,original-evidence,documentation_assets/evidence/ui-capture/original/fhrp-nat-dhcp-lab/nat-pat-preview.png,documentation_assets/ui/docshot/lab-recreation/fhrp-nat-dhcp/nat-pat-preview.png,true,,planned/lab-recreation/fhrp-nat-dhcp,preserve-original-and-recreate,medium,,,ui.lab-recreation.fhrp-nat-dhcp.nat-pat-preview,evidence.fhrp-nat-dhcp.nat-pat-preview,byte-preserving migration only; regeneration/recreation is a later separate operation,B13,No existing CLI token is invented for planned families. Current generator/destination mismatch remains until infrastructure phase. Replacement needs approved equivalence and updated all references; original record remains.
00_book/figures/report/diagrams/fhrp-nat-dhcp-lab/08-glbp-setup.png,evidence.fhrp-nat-dhcp.glbp-setup,manual-screenshot-probable,original-evidence,documentation_assets/evidence/ui-capture/original/fhrp-nat-dhcp-lab/glbp-setup.png,documentation_assets/ui/docshot/lab-recreation/fhrp-nat-dhcp/glbp-setup.png,true,,planned/lab-recreation/fhrp-nat-dhcp,preserve-original-and-recreate,medium,,,ui.lab-recreation.fhrp-nat-dhcp.glbp-setup,evidence.fhrp-nat-dhcp.glbp-setup,byte-preserving migration only; regeneration/recreation is a later separate operation,B13,No existing CLI token is invented for planned families. Current generator/destination mismatch remains until infrastructure phase. Replacement needs approved equivalence and updated all references; original record remains.
00_book/figures/report/diagrams/fhrp-nat-dhcp-lab/09-glbp-member-policy.png,evidence.fhrp-nat-dhcp.glbp-member-policy,manual-screenshot-probable,original-evidence,documentation_assets/evidence/ui-capture/original/fhrp-nat-dhcp-lab/glbp-member-policy.png,documentation_assets/ui/docshot/lab-recreation/fhrp-nat-dhcp/glbp-member-policy.png,true,,planned/lab-recreation/fhrp-nat-dhcp,preserve-original-and-recreate,medium,,,ui.lab-recreation.fhrp-nat-dhcp.glbp-member-policy,evidence.fhrp-nat-dhcp.glbp-member-policy,byte-preserving migration only; regeneration/recreation is a later separate operation,B13,No existing CLI token is invented for planned families. Current generator/destination mismatch remains until infrastructure phase. Replacement needs approved equivalence and updated all references; original record remains.
00_book/figures/report/diagrams/fhrp-nat-dhcp-lab/10-glbp-config-preview.png,evidence.fhrp-nat-dhcp.glbp-config-preview,manual-screenshot-probable,original-evidence,documentation_assets/evidence/ui-capture/original/fhrp-nat-dhcp-lab/glbp-config-preview.png,documentation_assets/ui/docshot/lab-recreation/fhrp-nat-dhcp/glbp-config-preview.png,true,,planned/lab-recreation/fhrp-nat-dhcp,preserve-original-and-recreate,medium,,,ui.lab-recreation.fhrp-nat-dhcp.glbp-config-preview,evidence.fhrp-nat-dhcp.glbp-config-preview,byte-preserving migration only; regeneration/recreation is a later separate operation,B13,No existing CLI token is invented for planned families. Current generator/destination mismatch remains until infrastructure phase. Replacement needs approved equivalence and updated all references; original record remains.
00_book/figures/report/diagrams/fhrp-nat-dhcp-lab/11-dhcp-pool.png,evidence.fhrp-nat-dhcp.dhcp-pool,manual-screenshot-probable,original-evidence,documentation_assets/evidence/ui-capture/original/fhrp-nat-dhcp-lab/dhcp-pool.png,documentation_assets/ui/docshot/lab-recreation/fhrp-nat-dhcp/dhcp-pool.png,true,,planned/lab-recreation/fhrp-nat-dhcp,preserve-original-and-recreate,medium,,,ui.lab-recreation.fhrp-nat-dhcp.dhcp-pool,evidence.fhrp-nat-dhcp.dhcp-pool,byte-preserving migration only; regeneration/recreation is a later separate operation,B13,No existing CLI token is invented for planned families. Current generator/destination mismatch remains until infrastructure phase. Replacement needs approved equivalence and updated all references; original record remains.
00_book/figures/report/diagrams/fhrp-nat-dhcp-lab/13-dhcp-config-preview.png,evidence.fhrp-nat-dhcp.dhcp-config-preview,manual-screenshot-probable,original-evidence,documentation_assets/evidence/ui-capture/original/fhrp-nat-dhcp-lab/dhcp-config-preview.png,documentation_assets/ui/docshot/lab-recreation/fhrp-nat-dhcp/dhcp-config-preview.png,true,,planned/lab-recreation/fhrp-nat-dhcp,preserve-original-and-recreate,medium,,,ui.lab-recreation.fhrp-nat-dhcp.dhcp-config-preview,evidence.fhrp-nat-dhcp.dhcp-config-preview,byte-preserving migration only; regeneration/recreation is a later separate operation,B13,No existing CLI token is invented for planned families. Current generator/destination mismatch remains until infrastructure phase. Replacement needs approved equivalence and updated all references; original record remains.
00_book/figures/report/diagrams/routing-ospf-lab/1.png,evidence.routing-ospf.router-interfaces-overview,manual-screenshot-probable,original-evidence,documentation_assets/evidence/ui-capture/original/routing-ospf-lab/router-interfaces-overview.png,documentation_assets/ui/docshot/lab-recreation/routing-ospf/router-interfaces-overview.png,true,,planned/lab-recreation/routing-ospf,preserve-original-and-recreate,medium,,,ui.lab-recreation.routing-ospf.router-interfaces-overview,evidence.routing-ospf.router-interfaces-overview,byte-preserving migration only; regeneration/recreation is a later separate operation,B12,No existing CLI token is invented for planned families. Current generator/destination mismatch remains until infrastructure phase. Replacement needs approved equivalence and updated all references; original record remains.
00_book/figures/report/diagrams/routing-ospf-lab/10.png,evidence.routing-ospf.routing-group-hosts,manual-screenshot-probable,original-evidence,documentation_assets/evidence/ui-capture/original/routing-ospf-lab/routing-group-hosts.png,documentation_assets/ui/docshot/lab-recreation/routing-ospf/routing-group-hosts.png,true,,planned/lab-recreation/routing-ospf,preserve-original-and-recreate,medium,,,ui.lab-recreation.routing-ospf.routing-group-hosts,evidence.routing-ospf.routing-group-hosts,byte-preserving migration only; regeneration/recreation is a later separate operation,B12,No existing CLI token is invented for planned families. Current generator/destination mismatch remains until infrastructure phase. Replacement needs approved equivalence and updated all references; original record remains.
00_book/figures/report/diagrams/routing-ospf-lab/11.png,evidence.routing-ospf.routing-group-networks,manual-screenshot-probable,original-evidence,documentation_assets/evidence/ui-capture/original/routing-ospf-lab/routing-group-networks.png,documentation_assets/ui/docshot/lab-recreation/routing-ospf/routing-group-networks.png,true,,planned/lab-recreation/routing-ospf,preserve-original-and-recreate,medium,,,ui.lab-recreation.routing-ospf.routing-group-networks,evidence.routing-ospf.routing-group-networks,byte-preserving migration only; regeneration/recreation is a later separate operation,B12,No existing CLI token is invented for planned families. Current generator/destination mismatch remains until infrastructure phase. Replacement needs approved equivalence and updated all references; original record remains.
00_book/figures/report/diagrams/routing-ospf-lab/13.png,evidence.routing-ospf.r1-process-dark,manual-screenshot-probable,original-evidence,documentation_assets/evidence/ui-capture/original/routing-ospf-lab/r1-process-dark.png,documentation_assets/ui/docshot/lab-recreation/routing-ospf/r1-process-dark.png,true,,planned/lab-recreation/routing-ospf,preserve-original-and-recreate,low,,,ui.lab-recreation.routing-ospf.r1-process-dark,evidence.routing-ospf.r1-process-dark,byte-preserving migration only; regeneration/recreation is a later separate operation,B12,No existing CLI token is invented for planned families. Current generator/destination mismatch remains until infrastructure phase. Replacement needs approved equivalence and updated all references; original record remains.
00_book/figures/report/diagrams/routing-ospf-lab/14.png,evidence.routing-ospf.routing-group-push-progress,manual-screenshot-probable,original-evidence,documentation_assets/evidence/ui-capture/original/routing-ospf-lab/routing-group-push-progress.png,documentation_assets/ui/docshot/lab-recreation/routing-ospf/routing-group-push-progress.png,true,,planned/lab-recreation/routing-ospf,preserve-original-and-recreate,medium,,,ui.lab-recreation.routing-ospf.routing-group-push-progress,evidence.routing-ospf.routing-group-push-progress,byte-preserving migration only; regeneration/recreation is a later separate operation,B12,No existing CLI token is invented for planned families. Current generator/destination mismatch remains until infrastructure phase. Replacement needs approved equivalence and updated all references; original record remains.
00_book/figures/report/diagrams/routing-ospf-lab/15.png,evidence.routing-ospf.r1-view-push-dark,manual-screenshot-probable,original-evidence,documentation_assets/evidence/ui-capture/original/routing-ospf-lab/r1-view-push-dark.png,documentation_assets/ui/docshot/lab-recreation/routing-ospf/r1-view-push-dark.png,true,,planned/lab-recreation/routing-ospf,preserve-original-and-recreate,low,,,ui.lab-recreation.routing-ospf.r1-view-push-dark,evidence.routing-ospf.r1-view-push-dark,byte-preserving migration only; regeneration/recreation is a later separate operation,B12,No existing CLI token is invented for planned families. Current generator/destination mismatch remains until infrastructure phase. Replacement needs approved equivalence and updated all references; original record remains.
00_book/figures/report/diagrams/routing-ospf-lab/16.png,evidence.routing-ospf.r2-process,manual-screenshot-probable,original-evidence,documentation_assets/evidence/ui-capture/original/routing-ospf-lab/r2-process.png,documentation_assets/ui/docshot/lab-recreation/routing-ospf/r2-process.png,true,,planned/lab-recreation/routing-ospf,preserve-original-and-recreate,medium,,,ui.lab-recreation.routing-ospf.r2-process,evidence.routing-ospf.r2-process,byte-preserving migration only; regeneration/recreation is a later separate operation,B12,No existing CLI token is invented for planned families. Current generator/destination mismatch remains until infrastructure phase. Replacement needs approved equivalence and updated all references; original record remains.
00_book/figures/report/diagrams/routing-ospf-lab/2.png,evidence.routing-ospf.router-interface-editor-dark,manual-screenshot-probable,original-evidence,documentation_assets/evidence/ui-capture/original/routing-ospf-lab/router-interface-editor-dark.png,documentation_assets/ui/docshot/lab-recreation/routing-ospf/router-interface-editor-dark.png,true,,planned/lab-recreation/routing-ospf,preserve-original-and-recreate,low,,,ui.lab-recreation.routing-ospf.router-interface-editor-dark,evidence.routing-ospf.router-interface-editor-dark,byte-preserving migration only; regeneration/recreation is a later separate operation,B12,No existing CLI token is invented for planned families. Current generator/destination mismatch remains until infrastructure phase. Replacement needs approved equivalence and updated all references; original record remains.
00_book/figures/report/diagrams/routing-ospf-lab/3.png,evidence.routing-ospf.router-interface-addresses-dark,manual-screenshot-probable,original-evidence,documentation_assets/evidence/ui-capture/original/routing-ospf-lab/router-interface-addresses-dark.png,documentation_assets/ui/docshot/lab-recreation/routing-ospf/router-interface-addresses-dark.png,true,,planned/lab-recreation/routing-ospf,preserve-original-and-recreate,low,,,ui.lab-recreation.routing-ospf.router-interface-addresses-dark,evidence.routing-ospf.router-interface-addresses-dark,byte-preserving migration only; regeneration/recreation is a later separate operation,B12,No existing CLI token is invented for planned families. Current generator/destination mismatch remains until infrastructure phase. Replacement needs approved equivalence and updated all references; original record remains.
00_book/figures/report/diagrams/routing-ospf-lab/4.png,evidence.routing-ospf.router-interface-policy-dark,manual-screenshot-probable,original-evidence,documentation_assets/evidence/ui-capture/original/routing-ospf-lab/router-interface-policy-dark.png,documentation_assets/ui/docshot/lab-recreation/routing-ospf/router-interface-policy-dark.png,true,,planned/lab-recreation/routing-ospf,preserve-original-and-recreate,low,,,ui.lab-recreation.routing-ospf.router-interface-policy-dark,evidence.routing-ospf.router-interface-policy-dark,byte-preserving migration only; regeneration/recreation is a later separate operation,B12,No existing CLI token is invented for planned families. Current generator/destination mismatch remains until infrastructure phase. Replacement needs approved equivalence and updated all references; original record remains.
00_book/figures/report/diagrams/routing-ospf-lab/5.png,evidence.routing-ospf.router-interfaces-inventory-dark,manual-screenshot-probable,original-evidence,documentation_assets/evidence/ui-capture/original/routing-ospf-lab/router-interfaces-inventory-dark.png,documentation_assets/ui/docshot/lab-recreation/routing-ospf/router-interfaces-inventory-dark.png,true,,planned/lab-recreation/routing-ospf,preserve-original-and-recreate,low,,,ui.lab-recreation.routing-ospf.router-interfaces-inventory-dark,evidence.routing-ospf.router-interfaces-inventory-dark,byte-preserving migration only; regeneration/recreation is a later separate operation,B12,No existing CLI token is invented for planned families. Current generator/destination mismatch remains until infrastructure phase. Replacement needs approved equivalence and updated all references; original record remains.
00_book/figures/report/diagrams/routing-ospf-lab/6.png,evidence.routing-ospf.router-interfaces-selected-dark,manual-screenshot-probable,original-evidence,documentation_assets/evidence/ui-capture/original/routing-ospf-lab/router-interfaces-selected-dark.png,documentation_assets/ui/docshot/lab-recreation/routing-ospf/router-interfaces-selected-dark.png,true,,planned/lab-recreation/routing-ospf,preserve-original-and-recreate,low,,,ui.lab-recreation.routing-ospf.router-interfaces-selected-dark,evidence.routing-ospf.router-interfaces-selected-dark,byte-preserving migration only; regeneration/recreation is a later separate operation,B12,No existing CLI token is invented for planned families. Current generator/destination mismatch remains until infrastructure phase. Replacement needs approved equivalence and updated all references; original record remains.
00_book/figures/report/diagrams/routing-ospf-lab/7.png,evidence.routing-ospf.router-interface-edit-dark,manual-screenshot-probable,original-evidence,documentation_assets/evidence/ui-capture/original/routing-ospf-lab/router-interface-edit-dark.png,documentation_assets/ui/docshot/lab-recreation/routing-ospf/router-interface-edit-dark.png,true,,planned/lab-recreation/routing-ospf,preserve-original-and-recreate,low,,,ui.lab-recreation.routing-ospf.router-interface-edit-dark,evidence.routing-ospf.router-interface-edit-dark,byte-preserving migration only; regeneration/recreation is a later separate operation,B12,No existing CLI token is invented for planned families. Current generator/destination mismatch remains until infrastructure phase. Replacement needs approved equivalence and updated all references; original record remains.
00_book/figures/report/diagrams/routing-ospf-lab/8.png,evidence.routing-ospf.router-interface-counters-dark,manual-screenshot-probable,original-evidence,documentation_assets/evidence/ui-capture/original/routing-ospf-lab/router-interface-counters-dark.png,documentation_assets/ui/docshot/lab-recreation/routing-ospf/router-interface-counters-dark.png,true,,planned/lab-recreation/routing-ospf,preserve-original-and-recreate,low,,,ui.lab-recreation.routing-ospf.router-interface-counters-dark,evidence.routing-ospf.router-interface-counters-dark,byte-preserving migration only; regeneration/recreation is a later separate operation,B12,No existing CLI token is invented for planned families. Current generator/destination mismatch remains until infrastructure phase. Replacement needs approved equivalence and updated all references; original record remains.
00_book/figures/report/diagrams/routing-ospf-lab/9.png,evidence.routing-ospf.router-process-overview-dark,manual-screenshot-probable,original-evidence,documentation_assets/evidence/ui-capture/original/routing-ospf-lab/router-process-overview-dark.png,documentation_assets/ui/docshot/lab-recreation/routing-ospf/router-process-overview-dark.png,true,,planned/lab-recreation/routing-ospf,preserve-original-and-recreate,low,,,ui.lab-recreation.routing-ospf.router-process-overview-dark,evidence.routing-ospf.router-process-overview-dark,byte-preserving migration only; regeneration/recreation is a later separate operation,B12,No existing CLI token is invented for planned families. Current generator/destination mismatch remains until infrastructure phase. Replacement needs approved equivalence and updated all references; original record remains.
00_book/figures/report/diagrams/switching-lab/1_1.png,evidence.switching.sw1-vlan-ten-access-assignments,manual-screenshot-probable,original-evidence,documentation_assets/evidence/ui-capture/original/switching-lab/sw1-vlan-ten-access-assignments.png,documentation_assets/ui/docshot/lab-recreation/switching/sw1-vlan-ten-access-assignments.png,true,,planned/lab-recreation/switching,preserve-original-and-recreate,low,,,ui.lab-recreation.switching.sw1-vlan-ten-access-assignments,evidence.switching.sw1-vlan-ten-access-assignments,byte-preserving migration only; regeneration/recreation is a later separate operation,B11,No existing CLI token is invented for planned families. Current generator/destination mismatch remains until infrastructure phase. Replacement needs approved equivalence and updated all references; original record remains.
00_book/figures/report/diagrams/switching-lab/1_10.png,evidence.switching.sw1-trunks-pending-apply,manual-screenshot-probable,original-evidence,documentation_assets/evidence/ui-capture/original/switching-lab/sw1-trunks-pending-apply.png,documentation_assets/ui/docshot/lab-recreation/switching/sw1-trunks-pending-apply.png,true,,planned/lab-recreation/switching,preserve-original-and-recreate,low,,,ui.lab-recreation.switching.sw1-trunks-pending-apply,evidence.switching.sw1-trunks-pending-apply,byte-preserving migration only; regeneration/recreation is a later separate operation,B11,No existing CLI token is invented for planned families. Current generator/destination mismatch remains until infrastructure phase. Replacement needs approved equivalence and updated all references; original record remains.
00_book/figures/report/diagrams/switching-lab/1_11.png,evidence.switching.sw2-trunks-synchronized,manual-screenshot-probable,original-evidence,documentation_assets/evidence/ui-capture/original/switching-lab/sw2-trunks-synchronized.png,documentation_assets/ui/docshot/lab-recreation/switching/sw2-trunks-synchronized.png,true,,planned/lab-recreation/switching,preserve-original-and-recreate,low,,,ui.lab-recreation.switching.sw2-trunks-synchronized,evidence.switching.sw2-trunks-synchronized,byte-preserving migration only; regeneration/recreation is a later separate operation,B11,No existing CLI token is invented for planned families. Current generator/destination mismatch remains until infrastructure phase. Replacement needs approved equivalence and updated all references; original record remains.
00_book/figures/report/diagrams/switching-lab/1_12.png,evidence.switching.sw3-trunks-synchronized,manual-screenshot-probable,original-evidence,documentation_assets/evidence/ui-capture/original/switching-lab/sw3-trunks-synchronized.png,documentation_assets/ui/docshot/lab-recreation/switching/sw3-trunks-synchronized.png,true,,planned/lab-recreation/switching,preserve-original-and-recreate,low,,,ui.lab-recreation.switching.sw3-trunks-synchronized,evidence.switching.sw3-trunks-synchronized,byte-preserving migration only; regeneration/recreation is a later separate operation,B11,No existing CLI token is invented for planned families. Current generator/destination mismatch remains until infrastructure phase. Replacement needs approved equivalence and updated all references; original record remains.
00_book/figures/report/diagrams/switching-lab/1_13.png,evidence.switching.sw4-trunks-synchronized,manual-screenshot-probable,original-evidence,documentation_assets/evidence/ui-capture/original/switching-lab/sw4-trunks-synchronized.png,documentation_assets/ui/docshot/lab-recreation/switching/sw4-trunks-synchronized.png,true,,planned/lab-recreation/switching,preserve-original-and-recreate,low,,,ui.lab-recreation.switching.sw4-trunks-synchronized,evidence.switching.sw4-trunks-synchronized,byte-preserving migration only; regeneration/recreation is a later separate operation,B11,No existing CLI token is invented for planned families. Current generator/destination mismatch remains until infrastructure phase. Replacement needs approved equivalence and updated all references; original record remains.
00_book/figures/report/diagrams/switching-lab/1_14.png,evidence.switching.sw5-trunks-synchronized,manual-screenshot-probable,original-evidence,documentation_assets/evidence/ui-capture/original/switching-lab/sw5-trunks-synchronized.png,documentation_assets/ui/docshot/lab-recreation/switching/sw5-trunks-synchronized.png,true,,planned/lab-recreation/switching,preserve-original-and-recreate,low,,,ui.lab-recreation.switching.sw5-trunks-synchronized,evidence.switching.sw5-trunks-synchronized,byte-preserving migration only; regeneration/recreation is a later separate operation,B11,No existing CLI token is invented for planned families. Current generator/destination mismatch remains until infrastructure phase. Replacement needs approved equivalence and updated all references; original record remains.
00_book/figures/report/diagrams/switching-lab/1_15.png,evidence.switching.sw6-trunks-synchronized,manual-screenshot-probable,original-evidence,documentation_assets/evidence/ui-capture/original/switching-lab/sw6-trunks-synchronized.png,documentation_assets/ui/docshot/lab-recreation/switching/sw6-trunks-synchronized.png,true,,planned/lab-recreation/switching,preserve-original-and-recreate,low,,,ui.lab-recreation.switching.sw6-trunks-synchronized,evidence.switching.sw6-trunks-synchronized,byte-preserving migration only; regeneration/recreation is a later separate operation,B11,No existing CLI token is invented for planned families. Current generator/destination mismatch remains until infrastructure phase. Replacement needs approved equivalence and updated all references; original record remains.
00_book/figures/report/diagrams/switching-lab/1_16.png,evidence.switching.vtp-group-identity,manual-screenshot-probable,original-evidence,documentation_assets/evidence/ui-capture/original/switching-lab/vtp-group-identity.png,documentation_assets/ui/docshot/lab-recreation/switching/vtp-group-identity.png,true,,planned/lab-recreation/switching,preserve-original-and-recreate,medium,,,ui.lab-recreation.switching.vtp-group-identity,evidence.switching.vtp-group-identity,byte-preserving migration only; regeneration/recreation is a later separate operation,B11,No existing CLI token is invented for planned families. Current generator/destination mismatch remains until infrastructure phase. Replacement needs approved equivalence and updated all references; original record remains.
00_book/figures/report/diagrams/switching-lab/1_17.png,evidence.switching.vtp-group-member-policy,manual-screenshot-probable,original-evidence,documentation_assets/evidence/ui-capture/original/switching-lab/vtp-group-member-policy.png,documentation_assets/ui/docshot/lab-recreation/switching/vtp-group-member-policy.png,true,,planned/lab-recreation/switching,preserve-original-and-recreate,low,,,ui.lab-recreation.switching.vtp-group-member-policy,evidence.switching.vtp-group-member-policy,byte-preserving migration only; regeneration/recreation is a later separate operation,B11,No existing CLI token is invented for planned families. Current generator/destination mismatch remains until infrastructure phase. Replacement needs approved equivalence and updated all references; original record remains.
00_book/figures/report/diagrams/switching-lab/1_18.png,evidence.switching.sw1-vlan-five-access-assignments,manual-screenshot-probable,original-evidence,documentation_assets/evidence/ui-capture/original/switching-lab/sw1-vlan-five-access-assignments.png,documentation_assets/ui/docshot/lab-recreation/switching/sw1-vlan-five-access-assignments.png,true,,planned/lab-recreation/switching,preserve-original-and-recreate,low,,,ui.lab-recreation.switching.sw1-vlan-five-access-assignments,evidence.switching.sw1-vlan-five-access-assignments,byte-preserving migration only; regeneration/recreation is a later separate operation,B11,No existing CLI token is invented for planned families. Current generator/destination mismatch remains until infrastructure phase. Replacement needs approved equivalence and updated all references; original record remains.
00_book/figures/report/diagrams/switching-lab/1_19.png,evidence.switching.sw1-vlan-data-network-selected,manual-screenshot-probable,original-evidence,documentation_assets/evidence/ui-capture/original/switching-lab/sw1-vlan-data-network-selected.png,documentation_assets/ui/docshot/lab-recreation/switching/sw1-vlan-data-network-selected.png,true,,planned/lab-recreation/switching,preserve-original-and-recreate,low,,,ui.lab-recreation.switching.sw1-vlan-data-network-selected,evidence.switching.sw1-vlan-data-network-selected,byte-preserving migration only; regeneration/recreation is a later separate operation,B11,No existing CLI token is invented for planned families. Current generator/destination mismatch remains until infrastructure phase. Replacement needs approved equivalence and updated all references; original record remains.
00_book/figures/report/diagrams/switching-lab/1_2.png,evidence.switching.sw1-lacp-port-channel-editing,manual-screenshot-probable,original-evidence,documentation_assets/evidence/ui-capture/original/switching-lab/sw1-lacp-port-channel-editing.png,documentation_assets/ui/docshot/lab-recreation/switching/sw1-lacp-port-channel-editing.png,true,,planned/lab-recreation/switching,preserve-original-and-recreate,low,,,ui.lab-recreation.switching.sw1-lacp-port-channel-editing,evidence.switching.sw1-lacp-port-channel-editing,byte-preserving migration only; regeneration/recreation is a later separate operation,B11,No existing CLI token is invented for planned families. Current generator/destination mismatch remains until infrastructure phase. Replacement needs approved equivalence and updated all references; original record remains.
00_book/figures/report/diagrams/switching-lab/1_20.png,evidence.switching.vlan-view-push,manual-screenshot-probable,original-evidence,documentation_assets/evidence/ui-capture/original/switching-lab/vlan-view-push.png,documentation_assets/ui/docshot/lab-recreation/switching/vlan-view-push.png,true,,planned/lab-recreation/switching,preserve-original-and-recreate,medium,,,ui.lab-recreation.switching.vlan-view-push,evidence.switching.vlan-view-push,byte-preserving migration only; regeneration/recreation is a later separate operation,B11,No existing CLI token is invented for planned families. Current generator/destination mismatch remains until infrastructure phase. Replacement needs approved equivalence and updated all references; original record remains.
00_book/figures/report/diagrams/switching-lab/1_21.png,evidence.switching.vlan-security-policy,manual-screenshot-probable,original-evidence,documentation_assets/evidence/ui-capture/original/switching-lab/vlan-security-policy.png,documentation_assets/ui/docshot/lab-recreation/switching/vlan-security-policy.png,true,,planned/lab-recreation/switching,preserve-original-and-recreate,medium,,,ui.lab-recreation.switching.vlan-security-policy,evidence.switching.vlan-security-policy,byte-preserving migration only; regeneration/recreation is a later separate operation,B11,No existing CLI token is invented for planned families. Current generator/destination mismatch remains until infrastructure phase. Replacement needs approved equivalence and updated all references; original record remains.
00_book/figures/report/diagrams/switching-lab/1_22.png,evidence.switching.trusted-uplinks,manual-screenshot-probable,original-evidence,documentation_assets/evidence/ui-capture/original/switching-lab/trusted-uplinks.png,documentation_assets/ui/docshot/lab-recreation/switching/trusted-uplinks.png,true,,planned/lab-recreation/switching,preserve-original-and-recreate,low,,,ui.lab-recreation.switching.trusted-uplinks,evidence.switching.trusted-uplinks,byte-preserving migration only; regeneration/recreation is a later separate operation,B11,No existing CLI token is invented for planned families. Current generator/destination mismatch remains until infrastructure phase. Replacement needs approved equivalence and updated all references; original record remains.
00_book/figures/report/diagrams/switching-lab/1_23.png,evidence.switching.l2-security-view-push,manual-screenshot-probable,original-evidence,documentation_assets/evidence/ui-capture/original/switching-lab/l2-security-view-push.png,documentation_assets/ui/docshot/lab-recreation/switching/l2-security-view-push.png,true,,planned/lab-recreation/switching,preserve-original-and-recreate,low,,,ui.lab-recreation.switching.l2-security-view-push,evidence.switching.l2-security-view-push,byte-preserving migration only; regeneration/recreation is a later separate operation,B11,No existing CLI token is invented for planned families. Current generator/destination mismatch remains until infrastructure phase. Replacement needs approved equivalence and updated all references; original record remains.
00_book/figures/report/diagrams/switching-lab/1_24.png,evidence.switching.port-security-editor,manual-screenshot-probable,original-evidence,documentation_assets/evidence/ui-capture/original/switching-lab/port-security-editor.png,documentation_assets/ui/docshot/lab-recreation/switching/port-security-editor.png,true,,planned/lab-recreation/switching,preserve-original-and-recreate,low,,,ui.lab-recreation.switching.port-security-editor,evidence.switching.port-security-editor,byte-preserving migration only; regeneration/recreation is a later separate operation,B11,No existing CLI token is invented for planned families. Current generator/destination mismatch remains until infrastructure phase. Replacement needs approved equivalence and updated all references; original record remains.
00_book/figures/report/diagrams/switching-lab/1_25.png,evidence.switching.port-security-view-push,manual-screenshot-probable,original-evidence,documentation_assets/evidence/ui-capture/original/switching-lab/port-security-view-push.png,documentation_assets/ui/docshot/lab-recreation/switching/port-security-view-push.png,true,,planned/lab-recreation/switching,preserve-original-and-recreate,medium,,,ui.lab-recreation.switching.port-security-view-push,evidence.switching.port-security-view-push,byte-preserving migration only; regeneration/recreation is a later separate operation,B11,No existing CLI token is invented for planned families. Current generator/destination mismatch remains until infrastructure phase. Replacement needs approved equivalence and updated all references; original record remains.
00_book/figures/report/diagrams/switching-lab/1_26.png,evidence.switching.port-security-configured,manual-screenshot-probable,original-evidence,documentation_assets/evidence/ui-capture/original/switching-lab/port-security-configured.png,documentation_assets/ui/docshot/lab-recreation/switching/port-security-configured.png,true,,planned/lab-recreation/switching,preserve-original-and-recreate,low,,,ui.lab-recreation.switching.port-security-configured,evidence.switching.port-security-configured,byte-preserving migration only; regeneration/recreation is a later separate operation,B11,No existing CLI token is invented for planned families. Current generator/destination mismatch remains until infrastructure phase. Replacement needs approved equivalence and updated all references; original record remains.
00_book/figures/report/diagrams/switching-lab/1_3.png,evidence.switching.etherchannel-view-push,manual-screenshot-probable,original-evidence,documentation_assets/evidence/ui-capture/original/switching-lab/etherchannel-view-push.png,documentation_assets/ui/docshot/lab-recreation/switching/etherchannel-view-push.png,true,,planned/lab-recreation/switching,preserve-original-and-recreate,medium,,,ui.lab-recreation.switching.etherchannel-view-push,evidence.switching.etherchannel-view-push,byte-preserving migration only; regeneration/recreation is a later separate operation,B11,No existing CLI token is invented for planned families. Current generator/destination mismatch remains until infrastructure phase. Replacement needs approved equivalence and updated all references; original record remains.
00_book/figures/report/diagrams/switching-lab/1_32.png,evidence.switching.mac-address-table,manual-screenshot-probable,original-evidence,documentation_assets/evidence/ui-capture/original/switching-lab/mac-address-table.png,documentation_assets/ui/docshot/lab-recreation/switching/mac-address-table.png,true,,planned/lab-recreation/switching,preserve-original-and-recreate,low,,,ui.lab-recreation.switching.mac-address-table,evidence.switching.mac-address-table,byte-preserving migration only; regeneration/recreation is a later separate operation,B11,No existing CLI token is invented for planned families. Current generator/destination mismatch remains until infrastructure phase. Replacement needs approved equivalence and updated all references; original record remains.
00_book/figures/report/diagrams/switching-lab/1_4.png,evidence.switching.sw3-lacp-inventory-reloaded,manual-screenshot-probable,original-evidence,documentation_assets/evidence/ui-capture/original/switching-lab/sw3-lacp-inventory-reloaded.png,documentation_assets/ui/docshot/lab-recreation/switching/sw3-lacp-inventory-reloaded.png,true,,planned/lab-recreation/switching,preserve-original-and-recreate,low,,,ui.lab-recreation.switching.sw3-lacp-inventory-reloaded,evidence.switching.sw3-lacp-inventory-reloaded,byte-preserving migration only; regeneration/recreation is a later separate operation,B11,No existing CLI token is invented for planned families. Current generator/destination mismatch remains until infrastructure phase. Replacement needs approved equivalence and updated all references; original record remains.
00_book/figures/report/diagrams/switching-lab/1_5.png,evidence.switching.sw1-lacp-inventory-reloaded,manual-screenshot-probable,original-evidence,documentation_assets/evidence/ui-capture/original/switching-lab/sw1-lacp-inventory-reloaded.png,documentation_assets/ui/docshot/lab-recreation/switching/sw1-lacp-inventory-reloaded.png,true,,planned/lab-recreation/switching,preserve-original-and-recreate,low,,,ui.lab-recreation.switching.sw1-lacp-inventory-reloaded,evidence.switching.sw1-lacp-inventory-reloaded,byte-preserving migration only; regeneration/recreation is a later separate operation,B11,No existing CLI token is invented for planned families. Current generator/destination mismatch remains until infrastructure phase. Replacement needs approved equivalence and updated all references; original record remains.
00_book/figures/report/diagrams/switching-lab/1_6.png,evidence.switching.sw3-lacp-later-capture,manual-screenshot-probable,unresolved,,,true,,planned/lab-recreation/switching,investigate-first,low,,,ui.docshot-replacement.switching-lab.sw3-lacp-later-capture,,byte-preserving migration only; regeneration/recreation is a later separate operation,B11,No existing CLI token is invented for planned families. Current generator/destination mismatch remains until infrastructure phase. Replacement needs approved equivalence and updated all references; original record remains.
00_book/figures/report/diagrams/switching-lab/1_7.png,evidence.switching.sw2-pagp-synchronized,manual-screenshot-probable,original-evidence,documentation_assets/evidence/ui-capture/original/switching-lab/sw2-pagp-synchronized.png,documentation_assets/ui/docshot/lab-recreation/switching/sw2-pagp-synchronized.png,true,,planned/lab-recreation/switching,preserve-original-and-recreate,low,,,ui.lab-recreation.switching.sw2-pagp-synchronized,evidence.switching.sw2-pagp-synchronized,byte-preserving migration only; regeneration/recreation is a later separate operation,B11,No existing CLI token is invented for planned families. Current generator/destination mismatch remains until infrastructure phase. Replacement needs approved equivalence and updated all references; original record remains.
00_book/figures/report/diagrams/switching-lab/1_8.png,evidence.switching.sw4-pagp-synchronized,manual-screenshot-probable,original-evidence,documentation_assets/evidence/ui-capture/original/switching-lab/sw4-pagp-synchronized.png,documentation_assets/ui/docshot/lab-recreation/switching/sw4-pagp-synchronized.png,true,,planned/lab-recreation/switching,preserve-original-and-recreate,low,,,ui.lab-recreation.switching.sw4-pagp-synchronized,evidence.switching.sw4-pagp-synchronized,byte-preserving migration only; regeneration/recreation is a later separate operation,B11,No existing CLI token is invented for planned families. Current generator/destination mismatch remains until infrastructure phase. Replacement needs approved equivalence and updated all references; original record remains.
00_book/figures/report/diagrams/switching-lab/1_9.png,evidence.switching.sw1-port-mode-editing,manual-screenshot-probable,original-evidence,documentation_assets/evidence/ui-capture/original/switching-lab/sw1-port-mode-editing.png,documentation_assets/ui/docshot/lab-recreation/switching/sw1-port-mode-editing.png,true,,planned/lab-recreation/switching,preserve-original-and-recreate,low,,,ui.lab-recreation.switching.sw1-port-mode-editing,evidence.switching.sw1-port-mode-editing,byte-preserving migration only; regeneration/recreation is a later separate operation,B11,No existing CLI token is invented for planned families. Current generator/destination mismatch remains until infrastructure phase. Replacement needs approved equivalence and updated all references; original record remains.
00_book/figures/report/diagrams/syslog-lab/01-syslog-configuration.png,evidence.syslog.configuration,manual-screenshot-probable,original-evidence,documentation_assets/evidence/ui-capture/original/syslog-lab/configuration.png,documentation_assets/ui/docshot/lab-recreation/syslog/configuration.png,true,,planned/lab-recreation/syslog,preserve-original-and-recreate,medium,,,ui.lab-recreation.syslog.configuration,evidence.syslog.configuration,byte-preserving migration only; regeneration/recreation is a later separate operation,B14,No existing CLI token is invented for planned families. Current generator/destination mismatch remains until infrastructure phase. Replacement needs approved equivalence and updated all references; original record remains.
00_book/figures/report/diagrams/syslog-lab/02-syslog-select-hosts.png,evidence.syslog.select-hosts,manual-screenshot-probable,original-evidence,documentation_assets/evidence/ui-capture/original/syslog-lab/select-hosts.png,documentation_assets/ui/docshot/lab-recreation/syslog/select-hosts.png,true,,planned/lab-recreation/syslog,preserve-original-and-recreate,medium,,,ui.lab-recreation.syslog.select-hosts,evidence.syslog.select-hosts,byte-preserving migration only; regeneration/recreation is a later separate operation,B14,No existing CLI token is invented for planned families. Current generator/destination mismatch remains until infrastructure phase. Replacement needs approved equivalence and updated all references; original record remains.
00_book/figures/report/diagrams/syslog-lab/03-syslog-source-interfaces.png,evidence.syslog.source-interfaces,manual-screenshot-probable,original-evidence,documentation_assets/evidence/ui-capture/original/syslog-lab/source-interfaces.png,documentation_assets/ui/docshot/lab-recreation/syslog/source-interfaces.png,true,,planned/lab-recreation/syslog,preserve-original-and-recreate,medium,,,ui.lab-recreation.syslog.source-interfaces,evidence.syslog.source-interfaces,byte-preserving migration only; regeneration/recreation is a later separate operation,B14,No existing CLI token is invented for planned families. Current generator/destination mismatch remains until infrastructure phase. Replacement needs approved equivalence and updated all references; original record remains.
00_book/figures/report/diagrams/syslog-lab/04-syslog-policy.png,evidence.syslog.policy,manual-screenshot-probable,original-evidence,documentation_assets/evidence/ui-capture/original/syslog-lab/policy.png,documentation_assets/ui/docshot/lab-recreation/syslog/policy.png,true,,planned/lab-recreation/syslog,preserve-original-and-recreate,medium,,,ui.lab-recreation.syslog.policy,evidence.syslog.policy,byte-preserving migration only; regeneration/recreation is a later separate operation,B14,No existing CLI token is invented for planned families. Current generator/destination mismatch remains until infrastructure phase. Replacement needs approved equivalence and updated all references; original record remains.
00_book/figures/report/diagrams/syslog-lab/05-syslog-config-preview.png,evidence.syslog.config-preview,manual-screenshot-probable,original-evidence,documentation_assets/evidence/ui-capture/original/syslog-lab/config-preview.png,documentation_assets/ui/docshot/lab-recreation/syslog/config-preview.png,true,,planned/lab-recreation/syslog,preserve-original-and-recreate,medium,,,ui.lab-recreation.syslog.config-preview,evidence.syslog.config-preview,byte-preserving migration only; regeneration/recreation is a later separate operation,B14,No existing CLI token is invented for planned families. Current generator/destination mismatch remains until infrastructure phase. Replacement needs approved equivalence and updated all references; original record remains.
00_book/figures/report/diagrams/syslog-lab/10-syslog-listener-before-start.png,evidence.syslog.listener-before-start,manual-screenshot-probable,original-evidence,documentation_assets/evidence/ui-capture/original/syslog-lab/listener-before-start.png,documentation_assets/ui/docshot/lab-recreation/syslog/listener-before-start.png,true,,planned/lab-recreation/syslog,preserve-original-and-recreate,medium,,,ui.lab-recreation.syslog.listener-before-start,evidence.syslog.listener-before-start,byte-preserving migration only; regeneration/recreation is a later separate operation,B14,No existing CLI token is invented for planned families. Current generator/destination mismatch remains until infrastructure phase. Replacement needs approved equivalence and updated all references; original record remains.
00_book/figures/report/diagrams/syslog-lab/11-syslog-listener-receiving.png,evidence.syslog.listener-receiving,manual-screenshot-probable,original-evidence,documentation_assets/evidence/ui-capture/original/syslog-lab/listener-receiving.png,documentation_assets/ui/docshot/lab-recreation/syslog/listener-receiving.png,true,,planned/lab-recreation/syslog,preserve-original-and-recreate,medium,,,ui.lab-recreation.syslog.listener-receiving,evidence.syslog.listener-receiving,byte-preserving migration only; regeneration/recreation is a later separate operation,B14,No existing CLI token is invented for planned families. Current generator/destination mismatch remains until infrastructure phase. Replacement needs approved equivalence and updated all references; original record remains.
00_book/figures/report/diagrams/syslog-lab/12-syslog-message-detail.png,evidence.syslog.message-detail,manual-screenshot-probable,original-evidence,documentation_assets/evidence/ui-capture/original/syslog-lab/message-detail.png,documentation_assets/ui/docshot/lab-recreation/syslog/message-detail.png,true,,planned/lab-recreation/syslog,preserve-original-and-recreate,medium,,,ui.lab-recreation.syslog.message-detail,evidence.syslog.message-detail,byte-preserving migration only; regeneration/recreation is a later separate operation,B14,No existing CLI token is invented for planned families. Current generator/destination mismatch remains until infrastructure phase. Replacement needs approved equivalence and updated all references; original record remains.
00_book/figures/report/diagrams/syslog-lab/17-email-alert-settings.png,evidence.syslog.email-alert-settings,manual-screenshot-probable,original-evidence,documentation_assets/evidence/ui-capture/original/syslog-lab/email-alert-settings.png,documentation_assets/ui/docshot/lab-recreation/syslog/email-alert-settings.png,true,,planned/lab-recreation/syslog,preserve-original-and-recreate,medium,,,ui.lab-recreation.syslog.email-alert-settings,evidence.syslog.email-alert-settings,byte-preserving migration only; regeneration/recreation is a later separate operation,B14,No existing CLI token is invented for planned families. Current generator/destination mismatch remains until infrastructure phase. Replacement needs approved equivalence and updated all references; original record remains.
00_report/Tai_lieu_lab/LAB1/ANH_CUA_LAB/image copy 11.png,evidence.lab1.static-mac-editor,manual-screenshot-probable,original-evidence,documentation_assets/evidence/ui-capture/original/lab1/static-mac-editor.png,documentation_assets/ui/docshot/lab-recreation/lab1/static-mac-editor.png,true,,planned/lab-recreation/lab1,preserve-original-and-recreate,low,,,ui.lab-recreation.lab1.static-mac-editor,evidence.lab1.static-mac-editor,byte-preserving migration only; regeneration/recreation is a later separate operation,B15,No existing CLI token is invented for planned families. Current generator/destination mismatch remains until infrastructure phase. Replacement needs approved equivalence and updated all references; original record remains.
00_report/Tai_lieu_lab/LAB1/ANH_CUA_LAB/image copy 13.png,evidence.lab1.system-logs-filtered,manual-screenshot-probable,original-evidence,documentation_assets/evidence/ui-capture/original/lab1/system-logs-filtered.png,documentation_assets/ui/docshot/lab-recreation/lab1/system-logs-filtered.png,true,,planned/lab-recreation/lab1,preserve-original-and-recreate,low,,,ui.lab-recreation.lab1.system-logs-filtered,evidence.lab1.system-logs-filtered,byte-preserving migration only; regeneration/recreation is a later separate operation,B15,No existing CLI token is invented for planned families. Current generator/destination mismatch remains until infrastructure phase. Replacement needs approved equivalence and updated all references; original record remains.
00_report/Tai_lieu_lab/LAB1/ANH_CUA_LAB/image copy 14.png,evidence.lab1.l2-security-view-push-dialog,manual-screenshot-probable,original-evidence,documentation_assets/evidence/ui-capture/original/lab1/l2-security-view-push-dialog.png,documentation_assets/ui/docshot/lab-recreation/lab1/l2-security-view-push-dialog.png,true,,planned/lab-recreation/lab1,preserve-original-and-recreate,low,,,ui.lab-recreation.lab1.l2-security-view-push-dialog,evidence.lab1.l2-security-view-push-dialog,byte-preserving migration only; regeneration/recreation is a later separate operation,B15,No existing CLI token is invented for planned families. Current generator/destination mismatch remains until infrastructure phase. Replacement needs approved equivalence and updated all references; original record remains.
00_report/Tai_lieu_lab/LAB1/ANH_CUA_LAB/image copy 2.png,evidence.lab1.router-interface-editor,manual-screenshot-probable,original-evidence,documentation_assets/evidence/ui-capture/original/lab1/router-interface-editor.png,documentation_assets/ui/docshot/lab-recreation/lab1/router-interface-editor.png,true,,planned/lab-recreation/lab1,preserve-original-and-recreate,low,,,ui.lab-recreation.lab1.router-interface-editor,evidence.lab1.router-interface-editor,byte-preserving migration only; regeneration/recreation is a later separate operation,B15,No existing CLI token is invented for planned families. Current generator/destination mismatch remains until infrastructure phase. Replacement needs approved equivalence and updated all references; original record remains.
00_report/Tai_lieu_lab/LAB1/ANH_CUA_LAB/image copy 3.png,evidence.lab1.dhcp-pool-editor,manual-screenshot-probable,original-evidence,documentation_assets/evidence/ui-capture/original/lab1/dhcp-pool-editor.png,documentation_assets/ui/docshot/lab-recreation/lab1/dhcp-pool-editor.png,true,,planned/lab-recreation/lab1,preserve-original-and-recreate,low,,,ui.lab-recreation.lab1.dhcp-pool-editor,evidence.lab1.dhcp-pool-editor,byte-preserving migration only; regeneration/recreation is a later separate operation,B15,No existing CLI token is invented for planned families. Current generator/destination mismatch remains until infrastructure phase. Replacement needs approved equivalence and updated all references; original record remains.
00_report/Tai_lieu_lab/LAB1/ANH_CUA_LAB/image copy 4.png,evidence.lab1.acl-standard-rule-editor,manual-screenshot-probable,original-evidence,documentation_assets/evidence/ui-capture/original/lab1/acl-standard-rule-editor.png,documentation_assets/ui/docshot/lab-recreation/lab1/acl-standard-rule-editor.png,true,,planned/lab-recreation/lab1,preserve-original-and-recreate,low,,,ui.lab-recreation.lab1.acl-standard-rule-editor,evidence.lab1.acl-standard-rule-editor,byte-preserving migration only; regeneration/recreation is a later separate operation,B15,No existing CLI token is invented for planned families. Current generator/destination mismatch remains until infrastructure phase. Replacement needs approved equivalence and updated all references; original record remains.
00_report/Tai_lieu_lab/LAB1/ANH_CUA_LAB/image copy 5.png,evidence.lab1.port-security-editor,manual-screenshot-probable,original-evidence,documentation_assets/evidence/ui-capture/original/lab1/port-security-editor.png,documentation_assets/ui/docshot/lab-recreation/lab1/port-security-editor.png,true,,planned/lab-recreation/lab1,preserve-original-and-recreate,low,,,ui.lab-recreation.lab1.port-security-editor,evidence.lab1.port-security-editor,byte-preserving migration only; regeneration/recreation is a later separate operation,B15,No existing CLI token is invented for planned families. Current generator/destination mismatch remains until infrastructure phase. Replacement needs approved equivalence and updated all references; original record remains.
00_report/Tai_lieu_lab/LAB1/ANH_CUA_LAB/image copy 6.png,evidence.lab1.l2-security-save-result,manual-screenshot-probable,original-evidence,documentation_assets/evidence/ui-capture/original/lab1/l2-security-save-result.png,documentation_assets/ui/docshot/lab-recreation/lab1/l2-security-save-result.png,true,,planned/lab-recreation/lab1,preserve-original-and-recreate,low,,,ui.lab-recreation.lab1.l2-security-save-result,evidence.lab1.l2-security-save-result,byte-preserving migration only; regeneration/recreation is a later separate operation,B15,No existing CLI token is invented for planned families. Current generator/destination mismatch remains until infrastructure phase. Replacement needs approved equivalence and updated all references; original record remains.
00_report/Tai_lieu_lab/LAB1/ANH_CUA_LAB/image copy 7.png,evidence.lab1.system-logs-receiving,manual-screenshot-probable,original-evidence,documentation_assets/evidence/ui-capture/original/lab1/system-logs-receiving.png,documentation_assets/ui/docshot/lab-recreation/lab1/system-logs-receiving.png,true,,planned/lab-recreation/lab1,preserve-original-and-recreate,low,,,ui.lab-recreation.lab1.system-logs-receiving,evidence.lab1.system-logs-receiving,byte-preserving migration only; regeneration/recreation is a later separate operation,B15,No existing CLI token is invented for planned families. Current generator/destination mismatch remains until infrastructure phase. Replacement needs approved equivalence and updated all references; original record remains.
00_report/Tai_lieu_lab/LAB1/ANH_CUA_LAB/image copy 8.png,evidence.lab1.l2-security-view-push-overlay,manual-screenshot-probable,original-evidence,documentation_assets/evidence/ui-capture/original/lab1/l2-security-view-push-overlay.png,documentation_assets/ui/docshot/lab-recreation/lab1/l2-security-view-push-overlay.png,true,,planned/lab-recreation/lab1,preserve-original-and-recreate,low,,,ui.lab-recreation.lab1.l2-security-view-push-overlay,evidence.lab1.l2-security-view-push-overlay,byte-preserving migration only; regeneration/recreation is a later separate operation,B15,No existing CLI token is invented for planned families. Current generator/destination mismatch remains until infrastructure phase. Replacement needs approved equivalence and updated all references; original record remains.
00_report/Tai_lieu_lab/LAB1/ANH_CUA_LAB/image copy.png,evidence.lab1.router-physical-interface-settings,manual-screenshot-probable,original-evidence,documentation_assets/evidence/ui-capture/original/lab1/router-physical-interface-settings.png,documentation_assets/ui/docshot/lab-recreation/lab1/router-physical-interface-settings.png,true,,planned/lab-recreation/lab1,preserve-original-and-recreate,low,,,ui.lab-recreation.lab1.router-physical-interface-settings,evidence.lab1.router-physical-interface-settings,byte-preserving migration only; regeneration/recreation is a later separate operation,B15,No existing CLI token is invented for planned families. Current generator/destination mismatch remains until infrastructure phase. Replacement needs approved equivalence and updated all references; original record remains.
00_report/Tai_lieu_lab/LAB1/ANH_CUA_LAB/image.png,evidence.lab1.switch-port-inventory,manual-screenshot-probable,original-evidence,documentation_assets/evidence/ui-capture/original/lab1/switch-port-inventory.png,documentation_assets/ui/docshot/lab-recreation/lab1/switch-port-inventory.png,true,,planned/lab-recreation/lab1,preserve-original-and-recreate,low,,,ui.lab-recreation.lab1.switch-port-inventory,evidence.lab1.switch-port-inventory,byte-preserving migration only; regeneration/recreation is a later separate operation,B15,No existing CLI token is invented for planned families. Current generator/destination mismatch remains until infrastructure phase. Replacement needs approved equivalence and updated all references; original record remains.
