source_document,line,old_reference,asset_id,canonical_path,future_reference,reference_target,rewrite_phase,rewrite_action,current_resolution,reference_kind,reference_row,notes
00_book/DOC/02_cai_dat_su_dung.md,188,../../figures/gui/chapter-02/01-welcome-window.png,ui.core.welcome-no-recent-projects,documentation_assets/ui/legacy/core/welcome-no-recent-projects.png,../assets/ui/legacy/core/welcome-no-recent-projects.png,book-mkdocs,B04,planned-rewrite,broken-local,html-img,1,"Update exact syntax node, preserving caption, width/alt and other attributes; re-resolve after migration. Computed from actual source_document parent to staged path."
00_book/DOC/02_cai_dat_su_dung.md,245,../../figures/gui/chapter-02/02-create-project.png,ui.project.create-empty,documentation_assets/ui/legacy/project/create-empty.png,../assets/ui/legacy/project/create-empty.png,book-mkdocs,B04,planned-rewrite,broken-local,html-img,2,"Update exact syntax node, preserving caption, width/alt and other attributes; re-resolve after migration. Computed from actual source_document parent to staged path."
00_book/DOC/02_cai_dat_su_dung.md,260,../../figures/gui/chapter-02/03-project-details.png,ui.project.create-ready,documentation_assets/ui/legacy/project/create-ready.png,../assets/ui/legacy/project/create-ready.png,book-mkdocs,B04,planned-rewrite,broken-local,html-img,3,"Update exact syntax node, preserving caption, width/alt and other attributes; re-resolve after migration. Computed from actual source_document parent to staged path."
00_book/DOC/02_cai_dat_su_dung.md,274,../../figures/gui/chapter-02/04-workspace-opened.png,ui.project.workspace-new-project,documentation_assets/ui/legacy/project/workspace-new-project.png,../assets/ui/legacy/project/workspace-new-project.png,book-mkdocs,B04,planned-rewrite,broken-local,html-img,4,"Update exact syntax node, preserving caption, width/alt and other attributes; re-resolve after migration. Computed from actual source_document parent to staged path."
00_book/DOC/02_cai_dat_su_dung.md,316,../../figures/gui/chapter-02/05-open-project-choice.png,ui.project.open-project-choice,documentation_assets/ui/legacy/project/open-project-choice.png,../assets/ui/legacy/project/open-project-choice.png,book-mkdocs,B04,planned-rewrite,broken-local,html-img,5,"Update exact syntax node, preserving caption, width/alt and other attributes; re-resolve after migration. Computed from actual source_document parent to staged path."
00_book/DOC/02_cai_dat_su_dung.md,330,../../figures/gui/chapter-02/06-open-existing-project.png,ui.project.workspace-open-existing,documentation_assets/ui/legacy/project/workspace-open-existing.png,../assets/ui/legacy/project/workspace-open-existing.png,book-mkdocs,B04,planned-rewrite,broken-local,html-img,6,"Update exact syntax node, preserving caption, width/alt and other attributes; re-resolve after migration. Computed from actual source_document parent to staged path."
00_book/DOC/02_cai_dat_su_dung.md,351,../../figures/gui/chapter-02/07-recent-projects.png,ui.project.recent-projects,documentation_assets/ui/legacy/project/recent-projects.png,../assets/ui/legacy/project/recent-projects.png,book-mkdocs,B04,planned-rewrite,broken-local,html-img,7,"Update exact syntax node, preserving caption, width/alt and other attributes; re-resolve after migration. Computed from actual source_document parent to staged path."
00_book/DOC/02_cai_dat_su_dung.md,367,../../figures/gui/chapter-02/08-save-project.png,ui.project.save-menu,documentation_assets/ui/legacy/project/save-menu.png,../assets/ui/legacy/project/save-menu.png,book-mkdocs,B04,planned-rewrite,broken-local,html-img,8,"Update exact syntax node, preserving caption, width/alt and other attributes; re-resolve after migration. Computed from actual source_document parent to staged path."
00_book/DOC/02_cai_dat_su_dung.md,404,../../figures/gui/chapter-02/09-snapshot-history.png,ui.project.snapshot-history,documentation_assets/ui/legacy/project/snapshot-history.png,../assets/ui/legacy/project/snapshot-history.png,book-mkdocs,B04,planned-rewrite,broken-local,html-img,9,"Update exact syntax node, preserving caption, width/alt and other attributes; re-resolve after migration. Computed from actual source_document parent to staged path."
00_book/DOC/02_cai_dat_su_dung.md,461,../../figures/gui/chapter-02/10-ready-workspace.png,ui.project.workspace-ready,documentation_assets/ui/legacy/project/workspace-ready.png,../assets/ui/legacy/project/workspace-ready.png,book-mkdocs,B04,planned-rewrite,broken-local,html-img,10,"Update exact syntax node, preserving caption, width/alt and other attributes; re-resolve after migration. Computed from actual source_document parent to staged path."
00_book/DOC/03_giao_dien_dieu_huong.md,22,../../figures/gui/chapter-03/01-workspace-overview.png,ui.core.workspace-overview,documentation_assets/ui/docshot/core/workspace-overview.png,../assets/ui/docshot/core/workspace-overview.png,book-mkdocs,B03,planned-rewrite,broken-local,html-img,11,"Update exact syntax node, preserving caption, width/alt and other attributes; re-resolve after migration. Computed from actual source_document parent to staged path."
00_book/DOC/03_giao_dien_dieu_huong.md,72,../../figures/gui/chapter-03/02-menu-bar.png,ui.core.view-menu,documentation_assets/ui/docshot/core/view-menu.png,../assets/ui/docshot/core/view-menu.png,book-mkdocs,B03,planned-rewrite,broken-local,html-img,12,"Update exact syntax node, preserving caption, width/alt and other attributes; re-resolve after migration. Computed from actual source_document parent to staged path."
00_book/DOC/03_giao_dien_dieu_huong.md,92,../../figures/gui/chapter-03/03-activity-bar.png,ui.core.activity-bar,documentation_assets/ui/docshot/core/activity-bar.png,../assets/ui/docshot/core/activity-bar.png,book-mkdocs,B03,planned-rewrite,broken-local,html-img,13,"Update exact syntax node, preserving caption, width/alt and other attributes; re-resolve after migration. Computed from actual source_document parent to staged path."
00_book/DOC/03_giao_dien_dieu_huong.md,127,../../figures/gui/chapter-03/04-devices-sidebar.png,ui.devices.sidebar-status-groups,documentation_assets/ui/docshot/devices/sidebar-status-groups.png,../assets/ui/docshot/devices/sidebar-status-groups.png,book-mkdocs,B03,planned-rewrite,broken-local,html-img,14,"Update exact syntax node, preserving caption, width/alt and other attributes; re-resolve after migration. Computed from actual source_document parent to staged path."
00_book/DOC/03_giao_dien_dieu_huong.md,165,../../figures/gui/chapter-03/05-device-tabs.png,ui.devices.tabs-router-active,documentation_assets/ui/docshot/devices/tabs-router-active.png,../assets/ui/docshot/devices/tabs-router-active.png,book-mkdocs,B03,planned-rewrite,broken-local,html-img,15,"Update exact syntax node, preserving caption, width/alt and other attributes; re-resolve after migration. Computed from actual source_document parent to staged path."
00_book/DOC/03_giao_dien_dieu_huong.md,215,../../figures/gui/chapter-03/06-feature-bar-router.png,ui.core.feature-bar-router,documentation_assets/ui/docshot/core/feature-bar-router.png,../assets/ui/docshot/core/feature-bar-router.png,book-mkdocs,B03,planned-rewrite,broken-local,html-img,16,"Update exact syntax node, preserving caption, width/alt and other attributes; re-resolve after migration. Computed from actual source_document parent to staged path."
00_book/DOC/03_giao_dien_dieu_huong.md,223,../../figures/gui/chapter-03/07-feature-bar-switch.png,ui.core.feature-bar-switch,documentation_assets/ui/docshot/core/feature-bar-switch.png,../assets/ui/docshot/core/feature-bar-switch.png,book-mkdocs,B03,review-required,broken-local,html-img,17,"Update exact syntax node, preserving caption, width/alt and other attributes; re-resolve after migration. Computed from actual source_document parent to staged path."
00_book/DOC/03_giao_dien_dieu_huong.md,258,../../figures/gui/chapter-03/08-content-area.png,ui.core.information-empty,documentation_assets/ui/docshot/core/information-empty.png,../assets/ui/docshot/core/information-empty.png,book-mkdocs,B03,planned-rewrite,broken-local,html-img,18,"Update exact syntax node, preserving caption, width/alt and other attributes; re-resolve after migration. Computed from actual source_document parent to staged path."
00_book/DOC/03_giao_dien_dieu_huong.md,285,../../figures/gui/chapter-03/09-status-bar.png,ui.core.status-bar,documentation_assets/ui/docshot/core/status-bar.png,../assets/ui/docshot/core/status-bar.png,book-mkdocs,B03,planned-rewrite,broken-local,html-img,19,"Update exact syntax node, preserving caption, width/alt and other attributes; re-resolve after migration. Computed from actual source_document parent to staged path."
00_book/DOC/03_giao_dien_dieu_huong.md,300,../../figures/gui/chapter-03/09-status-details.png,ui.core.status-details,documentation_assets/ui/docshot/core/status-details.png,../assets/ui/docshot/core/status-details.png,book-mkdocs,B03,planned-rewrite,broken-local,html-img,20,"Update exact syntax node, preserving caption, width/alt and other attributes; re-resolve after migration. Computed from actual source_document parent to staged path."
00_book/DOC/03_giao_dien_dieu_huong.md,326,../../figures/gui/chapter-03/10-sidebar-collapsed.png,ui.core.sidebar-collapsed,documentation_assets/ui/docshot/core/sidebar-collapsed.png,../assets/ui/docshot/core/sidebar-collapsed.png,book-mkdocs,B03,planned-rewrite,broken-local,html-img,21,"Update exact syntax node, preserving caption, width/alt and other attributes; re-resolve after migration. Computed from actual source_document parent to staged path."
00_book/DOC/04_quan_ly_thiet_bi.md,23,../../figures/gui/chapter-04/01-devices-inventory.png,ui.devices.inventory-waiting,documentation_assets/ui/docshot/devices/inventory-waiting.png,../assets/ui/docshot/devices/inventory-waiting.png,book-mkdocs,B03,planned-rewrite,broken-local,html-img,22,"Update exact syntax node, preserving caption, width/alt and other attributes; re-resolve after migration. Computed from actual source_document parent to staged path."
00_book/DOC/04_quan_ly_thiet_bi.md,70,../../figures/gui/chapter-04/02-add-device-empty.png,ui.devices.create-empty,documentation_assets/ui/docshot/devices/create-empty.png,../assets/ui/docshot/devices/create-empty.png,book-mkdocs,B03,planned-rewrite,broken-local,html-img,23,"Update exact syntax node, preserving caption, width/alt and other attributes; re-resolve after migration. Computed from actual source_document parent to staged path."
00_book/DOC/04_quan_ly_thiet_bi.md,145,../../figures/gui/chapter-04/03-add-device-filled.png,ui.devices.create-filled,documentation_assets/ui/docshot/devices/create-filled.png,../assets/ui/docshot/devices/create-filled.png,book-mkdocs,B03,planned-rewrite,broken-local,html-img,24,"Update exact syntax node, preserving caption, width/alt and other attributes; re-resolve after migration. Computed from actual source_document parent to staged path."
00_book/DOC/04_quan_ly_thiet_bi.md,160,../../figures/gui/chapter-04/05-ssh-compatibility.png,ui.devices.ssh-compatibility,documentation_assets/ui/docshot/devices/ssh-compatibility.png,../assets/ui/docshot/devices/ssh-compatibility.png,book-mkdocs,B03,planned-rewrite,broken-local,html-img,25,"Update exact syntax node, preserving caption, width/alt and other attributes; re-resolve after migration. Computed from actual source_document parent to staged path."
00_book/DOC/04_quan_ly_thiet_bi.md,196,../../figures/gui/chapter-04/04-device-added-waiting.png,ui.devices.created-waiting,documentation_assets/ui/docshot/devices/created-waiting.png,../assets/ui/docshot/devices/created-waiting.png,book-mkdocs,B03,planned-rewrite,broken-local,html-img,26,"Update exact syntax node, preserving caption, width/alt and other attributes; re-resolve after migration. Computed from actual source_document parent to staged path."
00_book/DOC/04_quan_ly_thiet_bi.md,213,../../figures/gui/chapter-04/06-add-multiple-devices.png,ui.devices.batch-create-empty,documentation_assets/ui/docshot/devices/batch-create-empty.png,../assets/ui/docshot/devices/batch-create-empty.png,book-mkdocs,B03,planned-rewrite,broken-local,html-img,27,"Update exact syntax node, preserving caption, width/alt and other attributes; re-resolve after migration. Computed from actual source_document parent to staged path."
00_book/DOC/04_quan_ly_thiet_bi.md,241,../../figures/gui/chapter-04/07-batch-devices-filled.png,ui.devices.batch-create-filled,documentation_assets/ui/docshot/devices/batch-create-filled.png,../assets/ui/docshot/devices/batch-create-filled.png,book-mkdocs,B03,planned-rewrite,broken-local,html-img,28,"Update exact syntax node, preserving caption, width/alt and other attributes; re-resolve after migration. Computed from actual source_document parent to staged path."
00_book/DOC/04_quan_ly_thiet_bi.md,254,../../figures/gui/chapter-04/19-batch-table-detail.png,ui.devices.batch-host-name-detail,documentation_assets/ui/docshot/devices/batch-host-name-detail.png,../assets/ui/docshot/devices/batch-host-name-detail.png,book-mkdocs,B03,planned-rewrite,broken-local,html-img,29,"Update exact syntax node, preserving caption, width/alt and other attributes; re-resolve after migration. Computed from actual source_document parent to staged path."
00_book/DOC/04_quan_ly_thiet_bi.md,307,../../figures/gui/chapter-04/18-import-result.png,ui.devices.import-result,documentation_assets/ui/docshot/devices/import-result.png,../assets/ui/docshot/devices/import-result.png,book-mkdocs,B03,planned-rewrite,broken-local,html-img,30,"Update exact syntax node, preserving caption, width/alt and other attributes; re-resolve after migration. Computed from actual source_document parent to staged path."
00_book/DOC/04_quan_ly_thiet_bi.md,332,../../figures/gui/chapter-04/08-search-filter.png,ui.devices.search-switches,documentation_assets/ui/docshot/devices/search-switches.png,../assets/ui/docshot/devices/search-switches.png,book-mkdocs,B03,planned-rewrite,broken-local,html-img,31,"Update exact syntax node, preserving caption, width/alt and other attributes; re-resolve after migration. Computed from actual source_document parent to staged path."
00_book/DOC/04_quan_ly_thiet_bi.md,358,../../figures/gui/chapter-04/13-multi-select.png,ui.devices.multi-select-mixed-status,documentation_assets/ui/docshot/devices/multi-select-mixed-status.png,../assets/ui/docshot/devices/multi-select-mixed-status.png,book-mkdocs,B03,planned-rewrite,broken-local,html-img,32,"Update exact syntax node, preserving caption, width/alt and other attributes; re-resolve after migration. Computed from actual source_document parent to staged path."
00_book/DOC/04_quan_ly_thiet_bi.md,400,../../figures/gui/chapter-04/09-device-context-waiting.png,ui.devices.context-waiting,documentation_assets/ui/docshot/devices/context-waiting.png,../assets/ui/docshot/devices/context-waiting.png,book-mkdocs,B03,planned-rewrite,broken-local,html-img,33,"Update exact syntax node, preserving caption, width/alt and other attributes; re-resolve after migration. Computed from actual source_document parent to staged path."
00_book/DOC/04_quan_ly_thiet_bi.md,409,../../figures/gui/chapter-04/11-device-context-connected.png,ui.devices.context-connected,documentation_assets/ui/docshot/devices/context-connected.png,../assets/ui/docshot/devices/context-connected.png,book-mkdocs,B03,review-required,broken-local,html-img,34,"Update exact syntax node, preserving caption, width/alt and other attributes; re-resolve after migration. Computed from actual source_document parent to staged path."
00_book/DOC/04_quan_ly_thiet_bi.md,427,../../figures/gui/chapter-04/10-device-connected.png,ui.devices.connected,documentation_assets/ui/docshot/devices/connected.png,../assets/ui/docshot/devices/connected.png,book-mkdocs,B03,planned-rewrite,broken-local,html-img,35,"Update exact syntax node, preserving caption, width/alt and other attributes; re-resolve after migration. Computed from actual source_document parent to staged path."
00_book/DOC/04_quan_ly_thiet_bi.md,454,../../figures/gui/chapter-04/12-device-context-disconnected.png,ui.devices.context-disconnected,documentation_assets/ui/docshot/devices/context-disconnected.png,../assets/ui/docshot/devices/context-disconnected.png,book-mkdocs,B03,planned-rewrite,broken-local,html-img,36,"Update exact syntax node, preserving caption, width/alt and other attributes; re-resolve after migration. Computed from actual source_document parent to staged path."
00_book/DOC/04_quan_ly_thiet_bi.md,499,../../figures/gui/chapter-04/17-running-config-result.png,ui.devices.running-config-snapshot,documentation_assets/ui/docshot/devices/running-config-snapshot.png,../assets/ui/docshot/devices/running-config-snapshot.png,book-mkdocs,B03,planned-rewrite,broken-local,html-img,37,"Update exact syntax node, preserving caption, width/alt and other attributes; re-resolve after migration. Computed from actual source_document parent to staged path."
00_book/DOC/04_quan_ly_thiet_bi.md,552,../../figures/gui/chapter-04/14-multi-select-actions.png,ui.devices.multi-select-actions,documentation_assets/ui/docshot/devices/multi-select-actions.png,../assets/ui/docshot/devices/multi-select-actions.png,book-mkdocs,B03,planned-rewrite,broken-local,html-img,38,"Update exact syntax node, preserving caption, width/alt and other attributes; re-resolve after migration. Computed from actual source_document parent to staged path."
00_book/DOC/04_quan_ly_thiet_bi.md,585,../../figures/gui/chapter-04/15-edit-device.png,ui.devices.edit,documentation_assets/ui/docshot/devices/edit.png,../assets/ui/docshot/devices/edit.png,book-mkdocs,B03,planned-rewrite,broken-local,html-img,39,"Update exact syntax node, preserving caption, width/alt and other attributes; re-resolve after migration. Computed from actual source_document parent to staged path."
00_book/DOC/04_quan_ly_thiet_bi.md,619,../../figures/gui/chapter-04/16-delete-device-confirmation.png,ui.devices.delete-confirmation,documentation_assets/ui/docshot/devices/delete-confirmation.png,../assets/ui/docshot/devices/delete-confirmation.png,book-mkdocs,B03,planned-rewrite,broken-local,html-img,40,"Update exact syntax node, preserving caption, width/alt and other attributes; re-resolve after migration. Computed from actual source_document parent to staged path."
00_book/DOC/05_cau_hinh_interface_router.md,19,../../figures/gui/chapter-05/01-router-interface-overview.png,ui.routing.interfaces.physical-overview,documentation_assets/ui/legacy/routing/interfaces/physical-overview.png,../assets/ui/legacy/routing/interfaces/physical-overview.png,book-mkdocs,B05,planned-rewrite,broken-local,html-img,41,"Update exact syntax node, preserving caption, width/alt and other attributes; re-resolve after migration. Computed from actual source_document parent to staged path."
00_book/DOC/05_cau_hinh_interface_router.md,43,../../figures/gui/chapter-05/02-edit-physical-interface.png,ui.routing.interfaces.physical-edit,documentation_assets/ui/legacy/routing/interfaces/physical-edit.png,../assets/ui/legacy/routing/interfaces/physical-edit.png,book-mkdocs,B05,planned-rewrite,broken-local,html-img,42,"Update exact syntax node, preserving caption, width/alt and other attributes; re-resolve after migration. Computed from actual source_document parent to staged path."
00_book/DOC/05_cau_hinh_interface_router.md,60,../../figures/gui/chapter-05/03-physical-interface-configured.png,ui.routing.interfaces.physical-configured,documentation_assets/ui/legacy/routing/interfaces/physical-configured.png,../assets/ui/legacy/routing/interfaces/physical-configured.png,book-mkdocs,B05,planned-rewrite,broken-local,html-img,43,"Update exact syntax node, preserving caption, width/alt and other attributes; re-resolve after migration. Computed from actual source_document parent to staged path."
00_book/DOC/05_cau_hinh_interface_router.md,86,../../figures/gui/chapter-05/04-loopback-interface.png,ui.routing.interfaces.loopback,documentation_assets/ui/legacy/routing/interfaces/loopback.png,../assets/ui/legacy/routing/interfaces/loopback.png,book-mkdocs,B05,planned-rewrite,broken-local,html-img,44,"Update exact syntax node, preserving caption, width/alt and other attributes; re-resolve after migration. Computed from actual source_document parent to staged path."
00_book/DOC/05_cau_hinh_interface_router.md,103,../../figures/gui/chapter-05/05-tunnel-interface.png,ui.routing.interfaces.tunnel,documentation_assets/ui/legacy/routing/interfaces/tunnel.png,../assets/ui/legacy/routing/interfaces/tunnel.png,book-mkdocs,B05,planned-rewrite,broken-local,html-img,45,"Update exact syntax node, preserving caption, width/alt and other attributes; re-resolve after migration. Computed from actual source_document parent to staged path."
00_book/DOC/05_cau_hinh_interface_router.md,120,../../figures/gui/chapter-05/06-subinterface.png,ui.routing.interfaces.subinterface,documentation_assets/ui/legacy/routing/interfaces/subinterface.png,../assets/ui/legacy/routing/interfaces/subinterface.png,book-mkdocs,B05,planned-rewrite,broken-local,html-img,46,"Update exact syntax node, preserving caption, width/alt and other attributes; re-resolve after migration. Computed from actual source_document parent to staged path."
00_book/DOC/05_cau_hinh_interface_router.md,135,../../figures/gui/chapter-05/07-view-push-preview.png,ui.routing.interfaces.view-push,documentation_assets/ui/legacy/routing/interfaces/view-push.png,../assets/ui/legacy/routing/interfaces/view-push.png,book-mkdocs,B05,planned-rewrite,broken-local,html-img,47,"Update exact syntax node, preserving caption, width/alt and other attributes; re-resolve after migration. Computed from actual source_document parent to staged path."
00_book/DOC/06_cau_hinh_routing.md,24,../../figures/gui/chapter-06/01-static-routes.png,ui.routing.static.routes,documentation_assets/ui/legacy/routing/static/routes.png,../assets/ui/legacy/routing/static/routes.png,book-mkdocs,B05,planned-rewrite,broken-local,html-img,48,"Update exact syntax node, preserving caption, width/alt and other attributes; re-resolve after migration. Computed from actual source_document parent to staged path."
00_book/DOC/06_cau_hinh_routing.md,46,../../figures/gui/chapter-06/02-default-routes.png,ui.routing.static.default-routes,documentation_assets/ui/legacy/routing/static/default-routes.png,../assets/ui/legacy/routing/static/default-routes.png,book-mkdocs,B05,planned-rewrite,broken-local,html-img,49,"Update exact syntax node, preserving caption, width/alt and other attributes; re-resolve after migration. Computed from actual source_document parent to staged path."
00_book/DOC/06_cau_hinh_routing.md,68,../../figures/gui/chapter-06/03-ospf-process.png,ui.routing.ospf.process,documentation_assets/ui/legacy/routing/ospf/process.png,../assets/ui/legacy/routing/ospf/process.png,book-mkdocs,B05,planned-rewrite,broken-local,html-img,50,"Update exact syntax node, preserving caption, width/alt and other attributes; re-resolve after migration. Computed from actual source_document parent to staged path."
00_book/DOC/06_cau_hinh_routing.md,87,../../figures/gui/chapter-06/04-ospf-networks.png,ui.routing.ospf.networks,documentation_assets/ui/legacy/routing/ospf/networks.png,../assets/ui/legacy/routing/ospf/networks.png,book-mkdocs,B05,planned-rewrite,broken-local,html-img,51,"Update exact syntax node, preserving caption, width/alt and other attributes; re-resolve after migration. Computed from actual source_document parent to staged path."
00_book/DOC/06_cau_hinh_routing.md,102,../../figures/gui/chapter-06/05-ospf-areas.png,ui.routing.ospf.areas,documentation_assets/ui/legacy/routing/ospf/areas.png,../assets/ui/legacy/routing/ospf/areas.png,book-mkdocs,B05,planned-rewrite,broken-local,html-img,52,"Update exact syntax node, preserving caption, width/alt and other attributes; re-resolve after migration. Computed from actual source_document parent to staged path."
00_book/DOC/06_cau_hinh_routing.md,117,../../figures/gui/chapter-06/06-ospf-distance.png,ui.routing.ospf.distance,documentation_assets/ui/legacy/routing/ospf/distance.png,../assets/ui/legacy/routing/ospf/distance.png,book-mkdocs,B05,planned-rewrite,broken-local,html-img,53,"Update exact syntax node, preserving caption, width/alt and other attributes; re-resolve after migration. Computed from actual source_document parent to staged path."
00_book/DOC/06_cau_hinh_routing.md,130,../../figures/gui/chapter-06/07-ospf-redistribute.png,ui.routing.ospf.redistribute,documentation_assets/ui/legacy/routing/ospf/redistribute.png,../assets/ui/legacy/routing/ospf/redistribute.png,book-mkdocs,B05,planned-rewrite,broken-local,html-img,54,"Update exact syntax node, preserving caption, width/alt and other attributes; re-resolve after migration. Computed from actual source_document parent to staged path."
00_book/DOC/06_cau_hinh_routing.md,145,../../figures/gui/chapter-06/08-ospf-interfaces.png,ui.routing.ospf.interfaces,documentation_assets/ui/legacy/routing/ospf/interfaces.png,../assets/ui/legacy/routing/ospf/interfaces.png,book-mkdocs,B05,planned-rewrite,broken-local,html-img,55,"Update exact syntax node, preserving caption, width/alt and other attributes; re-resolve after migration. Computed from actual source_document parent to staged path."
00_book/DOC/06_cau_hinh_routing.md,161,../../figures/gui/chapter-06/09-ospf-passive-interface.png,ui.routing.ospf.passive-interfaces,documentation_assets/ui/legacy/routing/ospf/passive-interfaces.png,../assets/ui/legacy/routing/ospf/passive-interfaces.png,book-mkdocs,B05,planned-rewrite,broken-local,html-img,56,"Update exact syntax node, preserving caption, width/alt and other attributes; re-resolve after migration. Computed from actual source_document parent to staged path."
00_book/DOC/06_cau_hinh_routing.md,171,../../figures/gui/chapter-06/10-ospf-tuning.png,ui.routing.ospf.tuning,documentation_assets/ui/legacy/routing/ospf/tuning.png,../assets/ui/legacy/routing/ospf/tuning.png,book-mkdocs,B05,planned-rewrite,broken-local,html-img,57,"Update exact syntax node, preserving caption, width/alt and other attributes; re-resolve after migration. Computed from actual source_document parent to staged path."
00_book/DOC/06_cau_hinh_routing.md,190,../../figures/gui/chapter-06/11-eigrp-process.png,ui.routing.eigrp.process,documentation_assets/ui/legacy/routing/eigrp/process.png,../assets/ui/legacy/routing/eigrp/process.png,book-mkdocs,B05,planned-rewrite,broken-local,html-img,58,"Update exact syntax node, preserving caption, width/alt and other attributes; re-resolve after migration. Computed from actual source_document parent to staged path."
00_book/DOC/06_cau_hinh_routing.md,206,../../figures/gui/chapter-06/12-eigrp-networks.png,ui.routing.eigrp.networks,documentation_assets/ui/legacy/routing/eigrp/networks.png,../assets/ui/legacy/routing/eigrp/networks.png,book-mkdocs,B05,planned-rewrite,broken-local,html-img,59,"Update exact syntax node, preserving caption, width/alt and other attributes; re-resolve after migration. Computed from actual source_document parent to staged path."
00_book/DOC/06_cau_hinh_routing.md,217,../../figures/gui/chapter-06/13-eigrp-interfaces.png,ui.routing.eigrp.interfaces,documentation_assets/ui/legacy/routing/eigrp/interfaces.png,../assets/ui/legacy/routing/eigrp/interfaces.png,book-mkdocs,B05,planned-rewrite,broken-local,html-img,60,"Update exact syntax node, preserving caption, width/alt and other attributes; re-resolve after migration. Computed from actual source_document parent to staged path."
00_book/DOC/06_cau_hinh_routing.md,232,../../figures/gui/chapter-06/14-eigrp-passive-interface.png,ui.routing.eigrp.passive-interfaces,documentation_assets/ui/legacy/routing/eigrp/passive-interfaces.png,../assets/ui/legacy/routing/eigrp/passive-interfaces.png,book-mkdocs,B05,planned-rewrite,broken-local,html-img,61,"Update exact syntax node, preserving caption, width/alt and other attributes; re-resolve after migration. Computed from actual source_document parent to staged path."
00_book/DOC/06_cau_hinh_routing.md,243,../../figures/gui/chapter-06/15-eigrp-redistribute.png,ui.routing.eigrp.redistribute,documentation_assets/ui/legacy/routing/eigrp/redistribute.png,../assets/ui/legacy/routing/eigrp/redistribute.png,book-mkdocs,B05,planned-rewrite,broken-local,html-img,62,"Update exact syntax node, preserving caption, width/alt and other attributes; re-resolve after migration. Computed from actual source_document parent to staged path."
00_book/DOC/06_cau_hinh_routing.md,254,../../figures/gui/chapter-06/16-eigrp-distribute-list.png,ui.routing.eigrp.distribute-list,documentation_assets/ui/legacy/routing/eigrp/distribute-list.png,../assets/ui/legacy/routing/eigrp/distribute-list.png,book-mkdocs,B05,planned-rewrite,broken-local,html-img,63,"Update exact syntax node, preserving caption, width/alt and other attributes; re-resolve after migration. Computed from actual source_document parent to staged path."
00_book/DOC/06_cau_hinh_routing.md,265,../../figures/gui/chapter-06/17-eigrp-offset-list.png,ui.routing.eigrp.offset-list,documentation_assets/ui/legacy/routing/eigrp/offset-list.png,../assets/ui/legacy/routing/eigrp/offset-list.png,book-mkdocs,B05,planned-rewrite,broken-local,html-img,64,"Update exact syntax node, preserving caption, width/alt and other attributes; re-resolve after migration. Computed from actual source_document parent to staged path."
00_book/DOC/06_cau_hinh_routing.md,279,../../figures/gui/chapter-06/18-eigrp-key-chains.png,ui.routing.eigrp.key-chains,documentation_assets/ui/legacy/routing/eigrp/key-chains.png,../assets/ui/legacy/routing/eigrp/key-chains.png,book-mkdocs,B05,planned-rewrite,broken-local,html-img,65,"Update exact syntax node, preserving caption, width/alt and other attributes; re-resolve after migration. Computed from actual source_document parent to staged path."
00_book/DOC/06_cau_hinh_routing.md,301,../../figures/gui/chapter-06/19-routing-group-hosts.png,ui.routing.ospf.routing-group-hosts,documentation_assets/ui/legacy/routing/ospf/routing-group-hosts.png,../assets/ui/legacy/routing/ospf/routing-group-hosts.png,book-mkdocs,B05,planned-rewrite,broken-local,html-img,66,"Update exact syntax node, preserving caption, width/alt and other attributes; re-resolve after migration. Computed from actual source_document parent to staged path."
00_book/DOC/06_cau_hinh_routing.md,312,../../figures/gui/chapter-06/20-routing-group-identity.png,ui.routing.ospf.routing-group-identity,documentation_assets/ui/legacy/routing/ospf/routing-group-identity.png,../assets/ui/legacy/routing/ospf/routing-group-identity.png,book-mkdocs,B05,planned-rewrite,broken-local,html-img,67,"Update exact syntax node, preserving caption, width/alt and other attributes; re-resolve after migration. Computed from actual source_document parent to staged path."
00_book/DOC/06_cau_hinh_routing.md,323,../../figures/gui/chapter-06/21-routing-group-common.png,ui.routing.ospf.routing-group-common,documentation_assets/ui/legacy/routing/ospf/routing-group-common.png,../assets/ui/legacy/routing/ospf/routing-group-common.png,book-mkdocs,B05,planned-rewrite,broken-local,html-img,68,"Update exact syntax node, preserving caption, width/alt and other attributes; re-resolve after migration. Computed from actual source_document parent to staged path."
00_book/DOC/06_cau_hinh_routing.md,334,../../figures/gui/chapter-06/22-routing-group-networks.png,ui.routing.ospf.routing-group-networks,documentation_assets/ui/legacy/routing/ospf/routing-group-networks.png,../assets/ui/legacy/routing/ospf/routing-group-networks.png,book-mkdocs,B05,planned-rewrite,broken-local,html-img,69,"Update exact syntax node, preserving caption, width/alt and other attributes; re-resolve after migration. Computed from actual source_document parent to staged path."
00_book/DOC/06_cau_hinh_routing.md,347,../../figures/gui/chapter-06/26-routing-group-view-push.png,ui.routing.ospf.routing-group-view-push,documentation_assets/ui/legacy/routing/ospf/routing-group-view-push.png,../assets/ui/legacy/routing/ospf/routing-group-view-push.png,book-mkdocs,B05,planned-rewrite,broken-local,html-img,70,"Update exact syntax node, preserving caption, width/alt and other attributes; re-resolve after migration. Computed from actual source_document parent to staged path."
00_book/DOC/06_cau_hinh_routing.md,369,../../figures/gui/chapter-06/23-static-view-push.png,ui.routing.static.view-push,documentation_assets/ui/legacy/routing/static/view-push.png,../assets/ui/legacy/routing/static/view-push.png,book-mkdocs,B05,planned-rewrite,broken-local,html-img,71,"Update exact syntax node, preserving caption, width/alt and other attributes; re-resolve after migration. Computed from actual source_document parent to staged path."
00_book/DOC/06_cau_hinh_routing.md,379,../../figures/gui/chapter-06/24-ospf-view-push.png,ui.routing.ospf.view-push,documentation_assets/ui/legacy/routing/ospf/view-push.png,../assets/ui/legacy/routing/ospf/view-push.png,book-mkdocs,B05,planned-rewrite,broken-local,html-img,72,"Update exact syntax node, preserving caption, width/alt and other attributes; re-resolve after migration. Computed from actual source_document parent to staged path."
00_book/DOC/06_cau_hinh_routing.md,385,../../figures/gui/chapter-06/25-eigrp-view-push.png,ui.routing.eigrp.view-push,documentation_assets/ui/legacy/routing/eigrp/view-push.png,../assets/ui/legacy/routing/eigrp/view-push.png,book-mkdocs,B05,planned-rewrite,broken-local,html-img,73,"Update exact syntax node, preserving caption, width/alt and other attributes; re-resolve after migration. Computed from actual source_document parent to staged path."
00_book/DOC/07_cau_hinh_dhcp.md,21,../../figures/gui/chapter-07/01-dhcp-pools.png,ui.routing.dhcp.pools,documentation_assets/ui/legacy/routing/dhcp/pools.png,../assets/ui/legacy/routing/dhcp/pools.png,book-mkdocs,B06,planned-rewrite,broken-local,html-img,74,"Update exact syntax node, preserving caption, width/alt and other attributes; re-resolve after migration. Computed from actual source_document parent to staged path."
00_book/DOC/07_cau_hinh_dhcp.md,49,../../figures/gui/chapter-07/02-dhcp-excluded-addresses.png,ui.routing.dhcp.excluded-addresses,documentation_assets/ui/legacy/routing/dhcp/excluded-addresses.png,../assets/ui/legacy/routing/dhcp/excluded-addresses.png,book-mkdocs,B06,planned-rewrite,broken-local,html-img,75,"Update exact syntax node, preserving caption, width/alt and other attributes; re-resolve after migration. Computed from actual source_document parent to staged path."
00_book/DOC/07_cau_hinh_dhcp.md,64,../../figures/gui/chapter-07/03-dhcp-helper-addresses.png,ui.routing.dhcp.helper-addresses,documentation_assets/ui/legacy/routing/dhcp/helper-addresses.png,../assets/ui/legacy/routing/dhcp/helper-addresses.png,book-mkdocs,B06,planned-rewrite,broken-local,html-img,76,"Update exact syntax node, preserving caption, width/alt and other attributes; re-resolve after migration. Computed from actual source_document parent to staged path."
00_book/DOC/07_cau_hinh_dhcp.md,79,../../figures/gui/chapter-07/04-dhcp-view-push.png,ui.routing.dhcp.view-push,documentation_assets/ui/legacy/routing/dhcp/view-push.png,../assets/ui/legacy/routing/dhcp/view-push.png,book-mkdocs,B06,planned-rewrite,broken-local,html-img,77,"Update exact syntax node, preserving caption, width/alt and other attributes; re-resolve after migration. Computed from actual source_document parent to staged path."
00_book/DOC/08_cau_hinh_acl.md,24,../../figures/gui/chapter-08/01-acl-standard.png,ui.routing.acl.standard,documentation_assets/ui/legacy/routing/acl/standard.png,../assets/ui/legacy/routing/acl/standard.png,book-mkdocs,B06,planned-rewrite,broken-local,html-img,78,"Update exact syntax node, preserving caption, width/alt and other attributes; re-resolve after migration. Computed from actual source_document parent to staged path."
00_book/DOC/08_cau_hinh_acl.md,38,../../figures/gui/chapter-08/02-acl-extended.png,ui.routing.acl.extended,documentation_assets/ui/legacy/routing/acl/extended.png,../assets/ui/legacy/routing/acl/extended.png,book-mkdocs,B06,planned-rewrite,broken-local,html-img,79,"Update exact syntax node, preserving caption, width/alt and other attributes; re-resolve after migration. Computed from actual source_document parent to staged path."
00_book/DOC/08_cau_hinh_acl.md,53,../../figures/gui/chapter-08/03-acl-dynamic.png,ui.routing.acl.dynamic,documentation_assets/ui/legacy/routing/acl/dynamic.png,../assets/ui/legacy/routing/acl/dynamic.png,book-mkdocs,B06,planned-rewrite,broken-local,html-img,80,"Update exact syntax node, preserving caption, width/alt and other attributes; re-resolve after migration. Computed from actual source_document parent to staged path."
00_book/DOC/08_cau_hinh_acl.md,68,../../figures/gui/chapter-08/04-acl-reflexive.png,ui.routing.acl.reflexive,documentation_assets/ui/legacy/routing/acl/reflexive.png,../assets/ui/legacy/routing/acl/reflexive.png,book-mkdocs,B06,planned-rewrite,broken-local,html-img,81,"Update exact syntax node, preserving caption, width/alt and other attributes; re-resolve after migration. Computed from actual source_document parent to staged path."
00_book/DOC/08_cau_hinh_acl.md,82,../../figures/gui/chapter-08/05-acl-mac.png,ui.routing.acl.mac,documentation_assets/ui/legacy/routing/acl/mac.png,../assets/ui/legacy/routing/acl/mac.png,book-mkdocs,B06,planned-rewrite,broken-local,html-img,82,"Update exact syntax node, preserving caption, width/alt and other attributes; re-resolve after migration. Computed from actual source_document parent to staged path."
00_book/DOC/08_cau_hinh_acl.md,96,../../figures/gui/chapter-08/06-acl-bindings.png,ui.routing.acl.bindings,documentation_assets/ui/legacy/routing/acl/bindings.png,../assets/ui/legacy/routing/acl/bindings.png,book-mkdocs,B06,planned-rewrite,broken-local,html-img,83,"Update exact syntax node, preserving caption, width/alt and other attributes; re-resolve after migration. Computed from actual source_document parent to staged path."
00_book/DOC/08_cau_hinh_acl.md,112,../../figures/gui/chapter-08/07-acl-view-push.png,ui.routing.acl.view-push,documentation_assets/ui/legacy/routing/acl/view-push.png,../assets/ui/legacy/routing/acl/view-push.png,book-mkdocs,B06,planned-rewrite,broken-local,html-img,84,"Update exact syntax node, preserving caption, width/alt and other attributes; re-resolve after migration. Computed from actual source_document parent to staged path."
00_book/DOC/09_cau_hinh_fhrp.md,39,../../figures/gui/chapter-09/09-hsrp-gateway-form-zoom.png,ui.routing.fhrp.hsrp-gateway-form-detail,documentation_assets/ui/legacy/routing/fhrp/hsrp-gateway-form-detail.png,../assets/ui/legacy/routing/fhrp/hsrp-gateway-form-detail.png,book-mkdocs,B06,planned-rewrite,broken-local,html-img,85,"Update exact syntax node, preserving caption, width/alt and other attributes; re-resolve after migration. Computed from actual source_document parent to staged path."
00_book/DOC/09_cau_hinh_fhrp.md,49,../../figures/gui/chapter-09/01-hsrp-gateway-members.png,ui.routing.fhrp.hsrp-gateway-members,documentation_assets/ui/legacy/routing/fhrp/hsrp-gateway-members.png,../assets/ui/legacy/routing/fhrp/hsrp-gateway-members.png,book-mkdocs,B06,planned-rewrite,broken-local,html-img,86,"Update exact syntax node, preserving caption, width/alt and other attributes; re-resolve after migration. Computed from actual source_document parent to staged path."
00_book/DOC/09_cau_hinh_fhrp.md,59,../../figures/gui/chapter-09/15-hsrp-auth-protocol-detail.png,ui.routing.fhrp.hsrp-auth-protocol-detail,documentation_assets/ui/legacy/routing/fhrp/hsrp-auth-protocol-detail.png,../assets/ui/legacy/routing/fhrp/hsrp-auth-protocol-detail.png,book-mkdocs,B06,planned-rewrite,broken-local,html-img,87,"Update exact syntax node, preserving caption, width/alt and other attributes; re-resolve after migration. Computed from actual source_document parent to staged path."
00_book/DOC/09_cau_hinh_fhrp.md,78,../../figures/gui/chapter-09/11-hsrp-primary-member-zoom.png,ui.routing.fhrp.hsrp-primary-member-detail,documentation_assets/ui/legacy/routing/fhrp/hsrp-primary-member-detail.png,../assets/ui/legacy/routing/fhrp/hsrp-primary-member-detail.png,book-mkdocs,B06,planned-rewrite,broken-local,html-img,88,"Update exact syntax node, preserving caption, width/alt and other attributes; re-resolve after migration. Computed from actual source_document parent to staged path."
00_book/DOC/09_cau_hinh_fhrp.md,89,../../figures/gui/chapter-09/12-hsrp-secondary-member-zoom.png,ui.routing.fhrp.hsrp-secondary-member-detail,documentation_assets/ui/legacy/routing/fhrp/hsrp-secondary-member-detail.png,../assets/ui/legacy/routing/fhrp/hsrp-secondary-member-detail.png,book-mkdocs,B06,planned-rewrite,broken-local,html-img,89,"Update exact syntax node, preserving caption, width/alt and other attributes; re-resolve after migration. Computed from actual source_document parent to staged path."
00_book/DOC/09_cau_hinh_fhrp.md,100,../../figures/gui/chapter-09/03-hsrp-member-policy.png,ui.routing.fhrp.hsrp-member-policy,documentation_assets/ui/legacy/routing/fhrp/hsrp-member-policy.png,../assets/ui/legacy/routing/fhrp/hsrp-member-policy.png,book-mkdocs,B06,planned-rewrite,broken-local,html-img,90,"Update exact syntax node, preserving caption, width/alt and other attributes; re-resolve after migration. Computed from actual source_document parent to staged path."
00_book/DOC/09_cau_hinh_fhrp.md,122,../../figures/gui/chapter-09/13-vrrp-options-member-zoom.png,ui.routing.fhrp.vrrp-options-member-detail,documentation_assets/ui/legacy/routing/fhrp/vrrp-options-member-detail.png,../assets/ui/legacy/routing/fhrp/vrrp-options-member-detail.png,book-mkdocs,B06,planned-rewrite,broken-local,html-img,91,"Update exact syntax node, preserving caption, width/alt and other attributes; re-resolve after migration. Computed from actual source_document parent to staged path."
00_book/DOC/09_cau_hinh_fhrp.md,132,../../figures/gui/chapter-09/04-vrrp-configuration.png,ui.routing.fhrp.vrrp-configuration,documentation_assets/ui/legacy/routing/fhrp/vrrp-configuration.png,../assets/ui/legacy/routing/fhrp/vrrp-configuration.png,book-mkdocs,B06,planned-rewrite,broken-local,html-img,92,"Update exact syntax node, preserving caption, width/alt and other attributes; re-resolve after migration. Computed from actual source_document parent to staged path."
00_book/DOC/09_cau_hinh_fhrp.md,155,../../figures/gui/chapter-09/14-glbp-weighting-zoom.png,ui.routing.fhrp.glbp-weighting-detail,documentation_assets/ui/legacy/routing/fhrp/glbp-weighting-detail.png,../assets/ui/legacy/routing/fhrp/glbp-weighting-detail.png,book-mkdocs,B06,planned-rewrite,broken-local,html-img,93,"Update exact syntax node, preserving caption, width/alt and other attributes; re-resolve after migration. Computed from actual source_document parent to staged path."
00_book/DOC/09_cau_hinh_fhrp.md,166,../../figures/gui/chapter-09/05-glbp-configuration.png,ui.routing.fhrp.glbp-configuration,documentation_assets/ui/legacy/routing/fhrp/glbp-configuration.png,../assets/ui/legacy/routing/fhrp/glbp-configuration.png,book-mkdocs,B06,planned-rewrite,broken-local,html-img,94,"Update exact syntax node, preserving caption, width/alt and other attributes; re-resolve after migration. Computed from actual source_document parent to staged path."
00_book/DOC/09_cau_hinh_fhrp.md,193,../../figures/gui/chapter-09/06-hsrp-view-push.png,ui.routing.fhrp.hsrp-view-push,documentation_assets/ui/legacy/routing/fhrp/hsrp-view-push.png,../assets/ui/legacy/routing/fhrp/hsrp-view-push.png,book-mkdocs,B06,planned-rewrite,broken-local,html-img,95,"Update exact syntax node, preserving caption, width/alt and other attributes; re-resolve after migration. Computed from actual source_document parent to staged path."
00_book/DOC/09_cau_hinh_fhrp.md,199,../../figures/gui/chapter-09/07-vrrp-view-push.png,ui.routing.fhrp.vrrp-view-push,documentation_assets/ui/legacy/routing/fhrp/vrrp-view-push.png,../assets/ui/legacy/routing/fhrp/vrrp-view-push.png,book-mkdocs,B06,planned-rewrite,broken-local,html-img,96,"Update exact syntax node, preserving caption, width/alt and other attributes; re-resolve after migration. Computed from actual source_document parent to staged path."
00_book/DOC/09_cau_hinh_fhrp.md,205,../../figures/gui/chapter-09/08-glbp-view-push.png,ui.routing.fhrp.glbp-view-push,documentation_assets/ui/legacy/routing/fhrp/glbp-view-push.png,../assets/ui/legacy/routing/fhrp/glbp-view-push.png,book-mkdocs,B06,planned-rewrite,broken-local,html-img,97,"Update exact syntax node, preserving caption, width/alt and other attributes; re-resolve after migration. Computed from actual source_document parent to staged path."
00_book/DOC/10_cau_hinh_syslog_server.md,18,../../figures/gui/chapter-10/01-syslog-destinations.png,ui.routing.syslog.destinations,documentation_assets/ui/legacy/routing/syslog/destinations.png,../assets/ui/legacy/routing/syslog/destinations.png,book-mkdocs,B10,planned-rewrite,broken-local,html-img,98,"Update exact syntax node, preserving caption, width/alt and other attributes; re-resolve after migration. Computed from actual source_document parent to staged path."
00_book/DOC/10_cau_hinh_syslog_server.md,31,../../figures/gui/chapter-10/02-syslog-server-editor.png,ui.routing.syslog.server-editor,documentation_assets/ui/legacy/routing/syslog/server-editor.png,../assets/ui/legacy/routing/syslog/server-editor.png,book-mkdocs,B10,planned-rewrite,broken-local,html-img,99,"Update exact syntax node, preserving caption, width/alt and other attributes; re-resolve after migration. Computed from actual source_document parent to staged path."
00_book/DOC/10_cau_hinh_syslog_server.md,58,../../figures/gui/chapter-10/03-syslog-group-hosts.png,ui.routing.syslog.group-hosts,documentation_assets/ui/legacy/routing/syslog/group-hosts.png,../assets/ui/legacy/routing/syslog/group-hosts.png,book-mkdocs,B10,planned-rewrite,broken-local,html-img,100,"Update exact syntax node, preserving caption, width/alt and other attributes; re-resolve after migration. Computed from actual source_document parent to staged path."
00_book/DOC/10_cau_hinh_syslog_server.md,70,../../figures/gui/chapter-10/04-syslog-group-interfaces.png,ui.routing.syslog.group-interfaces,documentation_assets/ui/legacy/routing/syslog/group-interfaces.png,../assets/ui/legacy/routing/syslog/group-interfaces.png,book-mkdocs,B10,planned-rewrite,broken-local,html-img,101,"Update exact syntax node, preserving caption, width/alt and other attributes; re-resolve after migration. Computed from actual source_document parent to staged path."
00_book/DOC/10_cau_hinh_syslog_server.md,82,../../figures/gui/chapter-10/05-syslog-group-policy.png,ui.routing.syslog.group-policy,documentation_assets/ui/legacy/routing/syslog/group-policy.png,../assets/ui/legacy/routing/syslog/group-policy.png,book-mkdocs,B10,planned-rewrite,broken-local,html-img,102,"Update exact syntax node, preserving caption, width/alt and other attributes; re-resolve after migration. Computed from actual source_document parent to staged path."
00_book/DOC/10_cau_hinh_syslog_server.md,97,../../figures/gui/chapter-10/06-syslog-view-push.png,ui.routing.syslog.view-push,documentation_assets/ui/legacy/routing/syslog/view-push.png,../assets/ui/legacy/routing/syslog/view-push.png,book-mkdocs,B10,planned-rewrite,broken-local,html-img,103,"Update exact syntax node, preserving caption, width/alt and other attributes; re-resolve after migration. Computed from actual source_document parent to staged path."
00_book/DOC/11_cau_hinh_nat.md,18,../../figures/gui/chapter-11/01-quick-pat-setup.png,ui.routing.nat.quick-pat-setup,documentation_assets/ui/legacy/routing/nat/quick-pat-setup.png,../assets/ui/legacy/routing/nat/quick-pat-setup.png,book-mkdocs,B06,planned-rewrite,broken-local,html-img,104,"Update exact syntax node, preserving caption, width/alt and other attributes; re-resolve after migration. Computed from actual source_document parent to staged path."
00_book/DOC/11_cau_hinh_nat.md,41,../../figures/gui/chapter-11/02-interfaces-form-zoom.png,ui.routing.nat.interfaces-form-detail,documentation_assets/ui/legacy/routing/nat/interfaces-form-detail.png,../assets/ui/legacy/routing/nat/interfaces-form-detail.png,book-mkdocs,B06,planned-rewrite,broken-local,html-img,105,"Update exact syntax node, preserving caption, width/alt and other attributes; re-resolve after migration. Computed from actual source_document parent to staged path."
00_book/DOC/11_cau_hinh_nat.md,52,../../figures/gui/chapter-11/03-interfaces-overview.png,ui.routing.nat.interfaces-overview,documentation_assets/ui/legacy/routing/nat/interfaces-overview.png,../assets/ui/legacy/routing/nat/interfaces-overview.png,book-mkdocs,B06,planned-rewrite,broken-local,html-img,106,"Update exact syntax node, preserving caption, width/alt and other attributes; re-resolve after migration. Computed from actual source_document parent to staged path."
00_book/DOC/11_cau_hinh_nat.md,62,../../figures/gui/chapter-11/04-acl-form-zoom.png,ui.routing.nat.acl-form-detail,documentation_assets/ui/legacy/routing/nat/acl-form-detail.png,../assets/ui/legacy/routing/nat/acl-form-detail.png,book-mkdocs,B06,planned-rewrite,broken-local,html-img,107,"Update exact syntax node, preserving caption, width/alt and other attributes; re-resolve after migration. Computed from actual source_document parent to staged path."
00_book/DOC/11_cau_hinh_nat.md,80,../../figures/gui/chapter-11/05-acl-overview.png,ui.routing.nat.acl-overview,documentation_assets/ui/legacy/routing/nat/acl-overview.png,../assets/ui/legacy/routing/nat/acl-overview.png,book-mkdocs,B06,planned-rewrite,broken-local,html-img,108,"Update exact syntax node, preserving caption, width/alt and other attributes; re-resolve after migration. Computed from actual source_document parent to staged path."
00_book/DOC/11_cau_hinh_nat.md,91,../../figures/gui/chapter-11/06-static-form-zoom.png,ui.routing.nat.static-form-detail,documentation_assets/ui/legacy/routing/nat/static-form-detail.png,../assets/ui/legacy/routing/nat/static-form-detail.png,book-mkdocs,B06,planned-rewrite,broken-local,html-img,109,"Update exact syntax node, preserving caption, width/alt and other attributes; re-resolve after migration. Computed from actual source_document parent to staged path."
00_book/DOC/11_cau_hinh_nat.md,103,../../figures/gui/chapter-11/07-static-overview.png,ui.routing.nat.static-overview,documentation_assets/ui/legacy/routing/nat/static-overview.png,../assets/ui/legacy/routing/nat/static-overview.png,book-mkdocs,B06,planned-rewrite,broken-local,html-img,110,"Update exact syntax node, preserving caption, width/alt and other attributes; re-resolve after migration. Computed from actual source_document parent to staged path."
00_book/DOC/11_cau_hinh_nat.md,114,../../figures/gui/chapter-11/08-dynamic-form-zoom.png,ui.routing.nat.dynamic-form-detail,documentation_assets/ui/legacy/routing/nat/dynamic-form-detail.png,../assets/ui/legacy/routing/nat/dynamic-form-detail.png,book-mkdocs,B06,planned-rewrite,broken-local,html-img,111,"Update exact syntax node, preserving caption, width/alt and other attributes; re-resolve after migration. Computed from actual source_document parent to staged path."
00_book/DOC/11_cau_hinh_nat.md,125,../../figures/gui/chapter-11/09-dynamic-overview.png,ui.routing.nat.dynamic-overview,documentation_assets/ui/legacy/routing/nat/dynamic-overview.png,../assets/ui/legacy/routing/nat/dynamic-overview.png,book-mkdocs,B06,planned-rewrite,broken-local,html-img,112,"Update exact syntax node, preserving caption, width/alt and other attributes; re-resolve after migration. Computed from actual source_document parent to staged path."
00_book/DOC/11_cau_hinh_nat.md,136,../../figures/gui/chapter-11/10-pat-form-zoom.png,ui.routing.nat.pat-form-detail,documentation_assets/ui/legacy/routing/nat/pat-form-detail.png,../assets/ui/legacy/routing/nat/pat-form-detail.png,book-mkdocs,B06,planned-rewrite,broken-local,html-img,113,"Update exact syntax node, preserving caption, width/alt and other attributes; re-resolve after migration. Computed from actual source_document parent to staged path."
00_book/DOC/11_cau_hinh_nat.md,148,../../figures/gui/chapter-11/11-pat-overview.png,ui.routing.nat.pat-overview,documentation_assets/ui/legacy/routing/nat/pat-overview.png,../assets/ui/legacy/routing/nat/pat-overview.png,book-mkdocs,B06,planned-rewrite,broken-local,html-img,114,"Update exact syntax node, preserving caption, width/alt and other attributes; re-resolve after migration. Computed from actual source_document parent to staged path."
00_book/DOC/11_cau_hinh_nat.md,159,../../figures/gui/chapter-11/12-route-map-form-zoom.png,ui.routing.nat.route-map-form-detail,documentation_assets/ui/legacy/routing/nat/route-map-form-detail.png,../assets/ui/legacy/routing/nat/route-map-form-detail.png,book-mkdocs,B06,planned-rewrite,broken-local,html-img,115,"Update exact syntax node, preserving caption, width/alt and other attributes; re-resolve after migration. Computed from actual source_document parent to staged path."
00_book/DOC/11_cau_hinh_nat.md,173,../../figures/gui/chapter-11/13-route-map-overview.png,ui.routing.nat.route-map-overview,documentation_assets/ui/legacy/routing/nat/route-map-overview.png,../assets/ui/legacy/routing/nat/route-map-overview.png,book-mkdocs,B06,planned-rewrite,broken-local,html-img,116,"Update exact syntax node, preserving caption, width/alt and other attributes; re-resolve after migration. Computed from actual source_document parent to staged path."
00_book/DOC/11_cau_hinh_nat.md,185,../../figures/gui/chapter-11/14-nat-view-push.png,ui.routing.nat.view-push,documentation_assets/ui/legacy/routing/nat/view-push.png,../assets/ui/legacy/routing/nat/view-push.png,book-mkdocs,B06,planned-rewrite,broken-local,html-img,117,"Update exact syntax node, preserving caption, width/alt and other attributes; re-resolve after migration. Computed from actual source_document parent to staged path."
00_book/DOC/12_truyen_tep_sftp.md,27,../../figures/gui/chapter-12/01-sftp-connection-form.png,ui.transfer.sftp.connection-form,documentation_assets/ui/legacy/transfer/sftp/connection-form.png,../assets/ui/legacy/transfer/sftp/connection-form.png,book-mkdocs,B09,planned-rewrite,broken-local,html-img,118,"Update exact syntax node, preserving caption, width/alt and other attributes; re-resolve after migration. Computed from actual source_document parent to staged path."
00_book/DOC/12_truyen_tep_sftp.md,49,../../figures/gui/chapter-12/08-sftp-connection-paths.png,ui.transfer.sftp.connection-paths,documentation_assets/ui/legacy/transfer/sftp/connection-paths.png,../assets/ui/legacy/transfer/sftp/connection-paths.png,book-mkdocs,B09,planned-rewrite,broken-local,html-img,119,"Update exact syntax node, preserving caption, width/alt and other attributes; re-resolve after migration. Computed from actual source_document parent to staged path."
00_book/DOC/12_truyen_tep_sftp.md,72,../../figures/gui/chapter-12/03-sftp-connection-bar.png,ui.transfer.sftp.connection-bar,documentation_assets/ui/legacy/transfer/sftp/connection-bar.png,../assets/ui/legacy/transfer/sftp/connection-bar.png,book-mkdocs,B09,planned-rewrite,broken-local,html-img,120,"Update exact syntax node, preserving caption, width/alt and other attributes; re-resolve after migration. Computed from actual source_document parent to staged path."
00_book/DOC/12_truyen_tep_sftp.md,89,../../figures/gui/chapter-12/07-sftp-host-key-confirmation.png,ui.transfer.sftp.host-key-confirmation,documentation_assets/ui/legacy/transfer/sftp/host-key-confirmation.png,../assets/ui/legacy/transfer/sftp/host-key-confirmation.png,book-mkdocs,B09,planned-rewrite,broken-local,html-img,121,"Update exact syntax node, preserving caption, width/alt and other attributes; re-resolve after migration. Computed from actual source_document parent to staged path."
00_book/DOC/12_truyen_tep_sftp.md,107,../../figures/gui/chapter-12/04-sftp-local-files.png,ui.transfer.sftp.local-files,documentation_assets/ui/legacy/transfer/sftp/local-files.png,../assets/ui/legacy/transfer/sftp/local-files.png,book-mkdocs,B09,planned-rewrite,broken-local,html-img,122,"Update exact syntax node, preserving caption, width/alt and other attributes; re-resolve after migration. Computed from actual source_document parent to staged path."
00_book/DOC/12_truyen_tep_sftp.md,124,../../figures/gui/chapter-12/05-sftp-remote-files.png,ui.transfer.sftp.remote-files,documentation_assets/ui/legacy/transfer/sftp/remote-files.png,../assets/ui/legacy/transfer/sftp/remote-files.png,book-mkdocs,B09,planned-rewrite,broken-local,html-img,123,"Update exact syntax node, preserving caption, width/alt and other attributes; re-resolve after migration. Computed from actual source_document parent to staged path."
00_book/DOC/12_truyen_tep_sftp.md,143,../../figures/gui/chapter-12/09-scp-workspace.png,ui.transfer.scp.workspace,documentation_assets/ui/legacy/transfer/scp/workspace.png,../assets/ui/legacy/transfer/scp/workspace.png,book-mkdocs,B09,planned-rewrite,broken-local,html-img,124,"Update exact syntax node, preserving caption, width/alt and other attributes; re-resolve after migration. Computed from actual source_document parent to staged path."
00_book/DOC/12_truyen_tep_sftp.md,164,../../figures/gui/chapter-12/02-sftp-workspace-overview.png,ui.transfer.sftp.workspace-overview,documentation_assets/ui/legacy/transfer/sftp/workspace-overview.png,../assets/ui/legacy/transfer/sftp/workspace-overview.png,book-mkdocs,B09,planned-rewrite,broken-local,html-img,125,"Update exact syntax node, preserving caption, width/alt and other attributes; re-resolve after migration. Computed from actual source_document parent to staged path."
00_book/DOC/12_truyen_tep_sftp.md,173,../../figures/gui/chapter-12/06-sftp-transfer-queue.png,ui.transfer.sftp.transfer-queue,documentation_assets/ui/legacy/transfer/sftp/transfer-queue.png,../assets/ui/legacy/transfer/sftp/transfer-queue.png,book-mkdocs,B09,planned-rewrite,broken-local,html-img,126,"Update exact syntax node, preserving caption, width/alt and other attributes; re-resolve after migration. Computed from actual source_document parent to staged path."
00_book/DOC/12_truyen_tep_sftp.md,196,../../figures/gui/chapter-04/11-device-context-connected.png,ui.devices.context-connected,documentation_assets/ui/docshot/devices/context-connected.png,../assets/ui/docshot/devices/context-connected.png,book-mkdocs,B03,review-required,broken-local,html-img,127,"Update exact syntax node, preserving caption, width/alt and other attributes; re-resolve after migration. Computed from actual source_document parent to staged path."
00_book/DOC/12_truyen_tep_sftp.md,206,../../figures/gui/chapter-12/10-sync-notifications.png,ui.transfer.snapshots.sync-notifications,documentation_assets/ui/legacy/transfer/snapshots/sync-notifications.png,../assets/ui/legacy/transfer/snapshots/sync-notifications.png,book-mkdocs,B09,planned-rewrite,broken-local,html-img,128,"Update exact syntax node, preserving caption, width/alt and other attributes; re-resolve after migration. Computed from actual source_document parent to staged path."
00_book/DOC/12_truyen_tep_sftp.md,228,../../figures/gui/chapter-12/11-running-config-history.png,ui.transfer.snapshots.running-config-history,documentation_assets/ui/legacy/transfer/snapshots/running-config-history.png,../assets/ui/legacy/transfer/snapshots/running-config-history.png,book-mkdocs,B09,planned-rewrite,broken-local,html-img,129,"Update exact syntax node, preserving caption, width/alt and other attributes; re-resolve after migration. Computed from actual source_document parent to staged path."
00_book/DOC/12_truyen_tep_sftp.md,244,../../figures/gui/chapter-12/12-running-config-diff.png,ui.transfer.snapshots.running-config-diff,documentation_assets/ui/legacy/transfer/snapshots/running-config-diff.png,../assets/ui/legacy/transfer/snapshots/running-config-diff.png,book-mkdocs,B09,planned-rewrite,broken-local,html-img,130,"Update exact syntax node, preserving caption, width/alt and other attributes; re-resolve after migration. Computed from actual source_document parent to staged path."
00_book/DOC/13_xem_system_logs.md,13,../../figures/gui/chapter-13/02-listener-status.png,ui.system-logs.listener-status,documentation_assets/ui/legacy/system-logs/listener-status.png,../assets/ui/legacy/system-logs/listener-status.png,book-mkdocs,B10,planned-rewrite,broken-local,html-img,131,"Update exact syntax node, preserving caption, width/alt and other attributes; re-resolve after migration. Computed from actual source_document parent to staged path."
00_book/DOC/13_xem_system_logs.md,37,../../figures/gui/chapter-13/01-system-logs-overview.png,ui.system-logs.overview,documentation_assets/ui/legacy/system-logs/overview.png,../assets/ui/legacy/system-logs/overview.png,book-mkdocs,B10,planned-rewrite,broken-local,html-img,132,"Update exact syntax node, preserving caption, width/alt and other attributes; re-resolve after migration. Computed from actual source_document parent to staged path."
00_book/DOC/13_xem_system_logs.md,66,../../figures/gui/chapter-13/04-severity-levels.png,ui.system-logs.severity-levels,documentation_assets/ui/legacy/system-logs/severity-levels.png,../assets/ui/legacy/system-logs/severity-levels.png,book-mkdocs,B10,planned-rewrite,broken-local,html-img,133,"Update exact syntax node, preserving caption, width/alt and other attributes; re-resolve after migration. Computed from actual source_document parent to staged path."
00_book/DOC/13_xem_system_logs.md,79,../../figures/gui/chapter-13/05-critical-filter-result.png,ui.system-logs.critical-filter-result,documentation_assets/ui/legacy/system-logs/critical-filter-result.png,../assets/ui/legacy/system-logs/critical-filter-result.png,book-mkdocs,B10,planned-rewrite,broken-local,html-img,134,"Update exact syntax node, preserving caption, width/alt and other attributes; re-resolve after migration. Computed from actual source_document parent to staged path."
00_book/DOC/13_xem_system_logs.md,87,../../figures/gui/chapter-13/03-log-filter-bar.png,ui.system-logs.filter-bar,documentation_assets/ui/legacy/system-logs/filter-bar.png,../assets/ui/legacy/system-logs/filter-bar.png,book-mkdocs,B10,planned-rewrite,broken-local,html-img,135,"Update exact syntax node, preserving caption, width/alt and other attributes; re-resolve after migration. Computed from actual source_document parent to staged path."
00_book/DOC/13_xem_system_logs.md,112,../../figures/gui/chapter-13/06-smart-filter-builder.png,ui.system-logs.smart-filter-builder,documentation_assets/ui/legacy/system-logs/smart-filter-builder.png,../assets/ui/legacy/system-logs/smart-filter-builder.png,book-mkdocs,B10,planned-rewrite,broken-local,html-img,136,"Update exact syntax node, preserving caption, width/alt and other attributes; re-resolve after migration. Computed from actual source_document parent to staged path."
00_book/DOC/13_xem_system_logs.md,141,../../figures/gui/chapter-13/07-log-message-details.png,ui.system-logs.message-details,documentation_assets/ui/legacy/system-logs/message-details.png,../assets/ui/legacy/system-logs/message-details.png,book-mkdocs,B10,planned-rewrite,broken-local,html-img,137,"Update exact syntax node, preserving caption, width/alt and other attributes; re-resolve after migration. Computed from actual source_document parent to staged path."
00_book/DOC/14_interface_switch_l2.md,17,../../figures/gui/chapter-14/02-access-port-form.png,ui.switching.interfaces-l2.access-port-form,documentation_assets/ui/legacy/switching/interfaces-l2/access-port-form.png,../assets/ui/legacy/switching/interfaces-l2/access-port-form.png,book-mkdocs,B07,planned-rewrite,broken-local,html-img,138,"Update exact syntax node, preserving caption, width/alt and other attributes; re-resolve after migration. Computed from actual source_document parent to staged path."
00_book/DOC/14_interface_switch_l2.md,38,../../figures/gui/chapter-14/03-access-loop-protection.png,ui.switching.interfaces-l2.access-loop-protection,documentation_assets/ui/legacy/switching/interfaces-l2/access-loop-protection.png,../assets/ui/legacy/switching/interfaces-l2/access-loop-protection.png,book-mkdocs,B07,planned-rewrite,broken-local,html-img,139,"Update exact syntax node, preserving caption, width/alt and other attributes; re-resolve after migration. Computed from actual source_document parent to staged path."
00_book/DOC/14_interface_switch_l2.md,62,../../figures/gui/chapter-14/04-trunk-port-form.png,ui.switching.interfaces-l2.trunk-port-form,documentation_assets/ui/legacy/switching/interfaces-l2/trunk-port-form.png,../assets/ui/legacy/switching/interfaces-l2/trunk-port-form.png,book-mkdocs,B07,planned-rewrite,broken-local,html-img,140,"Update exact syntax node, preserving caption, width/alt and other attributes; re-resolve after migration. Computed from actual source_document parent to staged path."
00_book/DOC/14_interface_switch_l2.md,81,../../figures/gui/chapter-14/05-trunk-loop-protection.png,ui.switching.interfaces-l2.trunk-loop-protection,documentation_assets/ui/legacy/switching/interfaces-l2/trunk-loop-protection.png,../assets/ui/legacy/switching/interfaces-l2/trunk-loop-protection.png,book-mkdocs,B07,planned-rewrite,broken-local,html-img,141,"Update exact syntax node, preserving caption, width/alt and other attributes; re-resolve after migration. Computed from actual source_document parent to staged path."
00_book/DOC/14_interface_switch_l2.md,99,../../figures/gui/chapter-14/01-switch-ports-overview.png,ui.switching.interfaces-l2.overview,documentation_assets/ui/legacy/switching/interfaces-l2/overview.png,../assets/ui/legacy/switching/interfaces-l2/overview.png,book-mkdocs,B07,planned-rewrite,broken-local,html-img,142,"Update exact syntax node, preserving caption, width/alt and other attributes; re-resolve after migration. Computed from actual source_document parent to staged path."
00_book/DOC/14_interface_switch_l2.md,113,../../figures/gui/chapter-14/06-interfaces-view-push.png,ui.switching.interfaces-l2.view-push,documentation_assets/ui/legacy/switching/interfaces-l2/view-push.png,../assets/ui/legacy/switching/interfaces-l2/view-push.png,book-mkdocs,B07,planned-rewrite,broken-local,html-img,143,"Update exact syntax node, preserving caption, width/alt and other attributes; re-resolve after migration. Computed from actual source_document parent to staged path."
00_book/DOC/15_vlan_etherchannel_stp_vtp.md,16,../../figures/gui/chapter-15/01-vlan-form.png,ui.switching.vlan.form,documentation_assets/ui/legacy/switching/vlan/form.png,../assets/ui/legacy/switching/vlan/form.png,book-mkdocs,B07,planned-rewrite,broken-local,html-img,144,"Update exact syntax node, preserving caption, width/alt and other attributes; re-resolve after migration. Computed from actual source_document parent to staged path."
00_book/DOC/15_vlan_etherchannel_stp_vtp.md,31,../../figures/gui/chapter-15/02-vlan-overview.png,ui.switching.vlan.overview,documentation_assets/ui/legacy/switching/vlan/overview.png,../assets/ui/legacy/switching/vlan/overview.png,book-mkdocs,B07,planned-rewrite,broken-local,html-img,145,"Update exact syntax node, preserving caption, width/alt and other attributes; re-resolve after migration. Computed from actual source_document parent to staged path."
00_book/DOC/15_vlan_etherchannel_stp_vtp.md,40,../../figures/gui/chapter-15/03-vlan-view-push.png,ui.switching.vlan.view-push-users,documentation_assets/ui/legacy/switching/vlan/view-push-users.png,../assets/ui/legacy/switching/vlan/view-push-users.png,book-mkdocs,B07,planned-rewrite,broken-local,html-img,146,"Update exact syntax node, preserving caption, width/alt and other attributes; re-resolve after migration. Computed from actual source_document parent to staged path."
00_book/DOC/15_vlan_etherchannel_stp_vtp.md,51,../../figures/gui/chapter-15/04-etherchannel-form.png,ui.switching.etherchannel.form,documentation_assets/ui/legacy/switching/etherchannel/form.png,../assets/ui/legacy/switching/etherchannel/form.png,book-mkdocs,B07,planned-rewrite,broken-local,html-img,147,"Update exact syntax node, preserving caption, width/alt and other attributes; re-resolve after migration. Computed from actual source_document parent to staged path."
00_book/DOC/15_vlan_etherchannel_stp_vtp.md,68,../../figures/gui/chapter-15/06-etherchannel-view-push.png,ui.switching.etherchannel.view-push,documentation_assets/ui/legacy/switching/etherchannel/view-push.png,../assets/ui/legacy/switching/etherchannel/view-push.png,book-mkdocs,B07,planned-rewrite,broken-local,html-img,148,"Update exact syntax node, preserving caption, width/alt and other attributes; re-resolve after migration. Computed from actual source_document parent to staged path."
00_book/DOC/15_vlan_etherchannel_stp_vtp.md,85,../../figures/gui/chapter-15/05-quick-etherchannel.png,ui.switching.etherchannel.quick-link,documentation_assets/ui/legacy/switching/etherchannel/quick-link.png,../assets/ui/legacy/switching/etherchannel/quick-link.png,book-mkdocs,B07,planned-rewrite,broken-local,html-img,149,"Update exact syntax node, preserving caption, width/alt and other attributes; re-resolve after migration. Computed from actual source_document parent to staged path."
00_book/DOC/15_vlan_etherchannel_stp_vtp.md,97,../../figures/gui/chapter-15/12-quick-etherchannel-peer.png,ui.switching.etherchannel.quick-link-peer,documentation_assets/ui/legacy/switching/etherchannel/quick-link-peer.png,../assets/ui/legacy/switching/etherchannel/quick-link-peer.png,book-mkdocs,B07,planned-rewrite,broken-local,html-img,150,"Update exact syntax node, preserving caption, width/alt and other attributes; re-resolve after migration. Computed from actual source_document parent to staged path."
00_book/DOC/15_vlan_etherchannel_stp_vtp.md,109,../../figures/gui/chapter-15/13-quick-etherchannel-link-mode.png,ui.switching.etherchannel.quick-link-link-mode,documentation_assets/ui/legacy/switching/etherchannel/quick-link-link-mode.png,../assets/ui/legacy/switching/etherchannel/quick-link-link-mode.png,book-mkdocs,B07,planned-rewrite,broken-local,html-img,151,"Update exact syntax node, preserving caption, width/alt and other attributes; re-resolve after migration. Computed from actual source_document parent to staged path."
00_book/DOC/15_vlan_etherchannel_stp_vtp.md,129,../../figures/gui/chapter-15/07-stp-form.png,ui.switching.stp.form,documentation_assets/ui/legacy/switching/stp/form.png,../assets/ui/legacy/switching/stp/form.png,book-mkdocs,B07,planned-rewrite,broken-local,html-img,152,"Update exact syntax node, preserving caption, width/alt and other attributes; re-resolve after migration. Computed from actual source_document parent to staged path."
00_book/DOC/15_vlan_etherchannel_stp_vtp.md,146,../../figures/gui/chapter-15/08-stp-view-push.png,ui.switching.stp.view-push,documentation_assets/ui/legacy/switching/stp/view-push.png,../assets/ui/legacy/switching/stp/view-push.png,book-mkdocs,B07,planned-rewrite,broken-local,html-img,153,"Update exact syntax node, preserving caption, width/alt and other attributes; re-resolve after migration. Computed from actual source_document parent to staged path."
00_book/DOC/15_vlan_etherchannel_stp_vtp.md,161,../../figures/gui/chapter-15/09-vtp-group-top.png,ui.switching.vtp.group-top,documentation_assets/ui/legacy/switching/vtp/group-top.png,../assets/ui/legacy/switching/vtp/group-top.png,book-mkdocs,B07,planned-rewrite,broken-local,html-img,154,"Update exact syntax node, preserving caption, width/alt and other attributes; re-resolve after migration. Computed from actual source_document parent to staged path."
00_book/DOC/15_vlan_etherchannel_stp_vtp.md,177,../../figures/gui/chapter-15/10-vtp-member-policy.png,ui.switching.vtp.member-policy,documentation_assets/ui/legacy/switching/vtp/member-policy.png,../assets/ui/legacy/switching/vtp/member-policy.png,book-mkdocs,B07,planned-rewrite,broken-local,html-img,155,"Update exact syntax node, preserving caption, width/alt and other attributes; re-resolve after migration. Computed from actual source_document parent to staged path."
00_book/DOC/15_vlan_etherchannel_stp_vtp.md,194,../../figures/gui/chapter-15/11-vtp-view-push.png,ui.switching.vtp.view-push,documentation_assets/ui/legacy/switching/vtp/view-push.png,../assets/ui/legacy/switching/vtp/view-push.png,book-mkdocs,B07,planned-rewrite,broken-local,html-img,156,"Update exact syntax node, preserving caption, width/alt and other attributes; re-resolve after migration. Computed from actual source_document parent to staged path."
00_book/DOC/16_bao_mat_switch_l2.md,16,../../figures/gui/chapter-16/01-vlan-protection.png,ui.switching.security.vlan-protection,documentation_assets/ui/legacy/switching/security/vlan-protection.png,../assets/ui/legacy/switching/security/vlan-protection.png,book-mkdocs,B08,planned-rewrite,broken-local,html-img,157,"Update exact syntax node, preserving caption, width/alt and other attributes; re-resolve after migration. Computed from actual source_document parent to staged path."
00_book/DOC/16_bao_mat_switch_l2.md,39,../../figures/gui/chapter-16/02-trusted-uplinks.png,ui.switching.security.trusted-uplinks,documentation_assets/ui/legacy/switching/security/trusted-uplinks.png,../assets/ui/legacy/switching/security/trusted-uplinks.png,book-mkdocs,B08,planned-rewrite,broken-local,html-img,158,"Update exact syntax node, preserving caption, width/alt and other attributes; re-resolve after migration. Computed from actual source_document parent to staged path."
00_book/DOC/16_bao_mat_switch_l2.md,59,../../figures/gui/chapter-16/03-static-mac-form.png,ui.switching.security.static-mac-form,documentation_assets/ui/legacy/switching/security/static-mac-form.png,../assets/ui/legacy/switching/security/static-mac-form.png,book-mkdocs,B08,planned-rewrite,broken-local,html-img,159,"Update exact syntax node, preserving caption, width/alt and other attributes; re-resolve after migration. Computed from actual source_document parent to staged path."
00_book/DOC/16_bao_mat_switch_l2.md,79,../../figures/gui/chapter-16/04-l2-security-view-push.png,ui.switching.security.view-push,documentation_assets/ui/legacy/switching/security/view-push.png,../assets/ui/legacy/switching/security/view-push.png,book-mkdocs,B08,planned-rewrite,broken-local,html-img,160,"Update exact syntax node, preserving caption, width/alt and other attributes; re-resolve after migration. Computed from actual source_document parent to staged path."
00_book/DOC/16_bao_mat_switch_l2.md,100,../../figures/gui/chapter-16/05-port-security-form.png,ui.switching.security.port-security-form,documentation_assets/ui/legacy/switching/security/port-security-form.png,../assets/ui/legacy/switching/security/port-security-form.png,book-mkdocs,B08,planned-rewrite,broken-local,html-img,161,"Update exact syntax node, preserving caption, width/alt and other attributes; re-resolve after migration. Computed from actual source_document parent to staged path."
00_book/DOC/16_bao_mat_switch_l2.md,131,../../figures/gui/chapter-16/07-port-security-view-push.png,ui.switching.security.port-security-view-push,documentation_assets/ui/legacy/switching/security/port-security-view-push.png,../assets/ui/legacy/switching/security/port-security-view-push.png,book-mkdocs,B08,planned-rewrite,broken-local,html-img,162,"Update exact syntax node, preserving caption, width/alt and other attributes; re-resolve after migration. Computed from actual source_document parent to staged path."
00_book/DOC/17_giam_sat_switch_l2.md,10,../../figures/gui/chapter-17/01-port-counters.png,ui.switching.monitoring.port-counters,documentation_assets/ui/legacy/switching/monitoring/port-counters.png,../assets/ui/legacy/switching/monitoring/port-counters.png,book-mkdocs,B07,planned-rewrite,broken-local,html-img,163,"Update exact syntax node, preserving caption, width/alt and other attributes; re-resolve after migration. Computed from actual source_document parent to staged path."
00_book/DOC/17_giam_sat_switch_l2.md,31,../../figures/gui/chapter-17/02-mac-address-table.png,ui.switching.monitoring.mac-address-table,documentation_assets/ui/legacy/switching/monitoring/mac-address-table.png,../assets/ui/legacy/switching/monitoring/mac-address-table.png,book-mkdocs,B07,planned-rewrite,broken-local,html-img,164,"Update exact syntax node, preserving caption, width/alt and other attributes; re-resolve after migration. Computed from actual source_document parent to staged path."
00_book/DOC/18_interface_switch_l3.md,26,../../figures/gui/chapter-18/01-routed-port-form.png,ui.switching.interfaces-l3.routed-port-form,documentation_assets/ui/legacy/switching/interfaces-l3/routed-port-form.png,../assets/ui/legacy/switching/interfaces-l3/routed-port-form.png,book-mkdocs,B07,planned-rewrite,broken-local,html-img,165,"Update exact syntax node, preserving caption, width/alt and other attributes; re-resolve after migration. Computed from actual source_document parent to staged path."
00_book/DOC/18_interface_switch_l3.md,48,../../figures/gui/chapter-18/02-routed-ports-overview.png,ui.switching.interfaces-l3.routed-ports-overview,documentation_assets/ui/legacy/switching/interfaces-l3/routed-ports-overview.png,../assets/ui/legacy/switching/interfaces-l3/routed-ports-overview.png,book-mkdocs,B07,planned-rewrite,broken-local,html-img,166,"Update exact syntax node, preserving caption, width/alt and other attributes; re-resolve after migration. Computed from actual source_document parent to staged path."
00_book/DOC/18_interface_switch_l3.md,64,../../figures/gui/chapter-18/03-interfaces-view-push-routed.png,ui.switching.interfaces-l3.interfaces-view-push-routed,documentation_assets/ui/legacy/switching/interfaces-l3/interfaces-view-push-routed.png,../assets/ui/legacy/switching/interfaces-l3/interfaces-view-push-routed.png,book-mkdocs,B07,planned-rewrite,broken-local,html-img,167,"Update exact syntax node, preserving caption, width/alt and other attributes; re-resolve after migration. Computed from actual source_document parent to staged path."
00_book/DOC/18_interface_switch_l3.md,80,../../figures/gui/chapter-18/04-svi-form.png,ui.switching.interfaces-l3.svi-form,documentation_assets/ui/legacy/switching/interfaces-l3/svi-form.png,../assets/ui/legacy/switching/interfaces-l3/svi-form.png,book-mkdocs,B07,planned-rewrite,broken-local,html-img,168,"Update exact syntax node, preserving caption, width/alt and other attributes; re-resolve after migration. Computed from actual source_document parent to staged path."
00_book/DOC/18_interface_switch_l3.md,107,../../figures/gui/chapter-18/05-svi-overview-ip-routing.png,ui.switching.interfaces-l3.svi-overview-ip-routing,documentation_assets/ui/legacy/switching/interfaces-l3/svi-overview-ip-routing.png,../assets/ui/legacy/switching/interfaces-l3/svi-overview-ip-routing.png,book-mkdocs,B07,planned-rewrite,broken-local,html-img,169,"Update exact syntax node, preserving caption, width/alt and other attributes; re-resolve after migration. Computed from actual source_document parent to staged path."
00_book/DOC/18_interface_switch_l3.md,122,../../figures/gui/chapter-18/06-svi-view-push.png,ui.switching.interfaces-l3.svi-view-push,documentation_assets/ui/legacy/switching/interfaces-l3/svi-view-push.png,../assets/ui/legacy/switching/interfaces-l3/svi-view-push.png,book-mkdocs,B07,planned-rewrite,broken-local,html-img,170,"Update exact syntax node, preserving caption, width/alt and other attributes; re-resolve after migration. Computed from actual source_document parent to staged path."
00_book/DOC/19_dhcp_acl_switch_l3.md,17,../../figures/gui/chapter-19/01-dhcp-pool-form.png,ui.switching.dhcp.pool-form,documentation_assets/ui/legacy/switching/dhcp/pool-form.png,../assets/ui/legacy/switching/dhcp/pool-form.png,book-mkdocs,B07,planned-rewrite,broken-local,html-img,171,"Update exact syntax node, preserving caption, width/alt and other attributes; re-resolve after migration. Computed from actual source_document parent to staged path."
00_book/DOC/19_dhcp_acl_switch_l3.md,36,../../figures/gui/chapter-19/02-dhcp-server-overview.png,ui.switching.dhcp.server-overview,documentation_assets/ui/legacy/switching/dhcp/server-overview.png,../assets/ui/legacy/switching/dhcp/server-overview.png,book-mkdocs,B07,planned-rewrite,broken-local,html-img,172,"Update exact syntax node, preserving caption, width/alt and other attributes; re-resolve after migration. Computed from actual source_document parent to staged path."
00_book/DOC/19_dhcp_acl_switch_l3.md,53,../../figures/gui/chapter-19/03-dhcp-server-view-push.png,ui.switching.dhcp.server-view-push,documentation_assets/ui/legacy/switching/dhcp/server-view-push.png,../assets/ui/legacy/switching/dhcp/server-view-push.png,book-mkdocs,B07,planned-rewrite,broken-local,html-img,173,"Update exact syntax node, preserving caption, width/alt and other attributes; re-resolve after migration. Computed from actual source_document parent to staged path."
00_book/DOC/19_dhcp_acl_switch_l3.md,69,../../figures/gui/chapter-19/04-dhcp-relay-form.png,ui.switching.dhcp.relay-form,documentation_assets/ui/legacy/switching/dhcp/relay-form.png,../assets/ui/legacy/switching/dhcp/relay-form.png,book-mkdocs,B07,planned-rewrite,broken-local,html-img,174,"Update exact syntax node, preserving caption, width/alt and other attributes; re-resolve after migration. Computed from actual source_document parent to staged path."
00_book/DOC/19_dhcp_acl_switch_l3.md,86,../../figures/gui/chapter-19/05-dhcp-relay-view-push.png,ui.switching.dhcp.relay-view-push,documentation_assets/ui/legacy/switching/dhcp/relay-view-push.png,../assets/ui/legacy/switching/dhcp/relay-view-push.png,book-mkdocs,B07,planned-rewrite,broken-local,html-img,175,"Update exact syntax node, preserving caption, width/alt and other attributes; re-resolve after migration. Computed from actual source_document parent to staged path."
00_book/DOC/19_dhcp_acl_switch_l3.md,103,../../figures/gui/chapter-19/06-acl-extended-form.png,ui.switching.acl.extended-form,documentation_assets/ui/legacy/switching/acl/extended-form.png,../assets/ui/legacy/switching/acl/extended-form.png,book-mkdocs,B07,planned-rewrite,broken-local,html-img,176,"Update exact syntax node, preserving caption, width/alt and other attributes; re-resolve after migration. Computed from actual source_document parent to staged path."
00_book/DOC/19_dhcp_acl_switch_l3.md,128,../../figures/gui/chapter-19/07-acl-bindings.png,ui.switching.acl.bindings,documentation_assets/ui/legacy/switching/acl/bindings.png,../assets/ui/legacy/switching/acl/bindings.png,book-mkdocs,B07,planned-rewrite,broken-local,html-img,177,"Update exact syntax node, preserving caption, width/alt and other attributes; re-resolve after migration. Computed from actual source_document parent to staged path."
00_book/DOC/19_dhcp_acl_switch_l3.md,145,../../figures/gui/chapter-19/08-acl-view-push.png,ui.switching.acl.view-push,documentation_assets/ui/legacy/switching/acl/view-push.png,../assets/ui/legacy/switching/acl/view-push.png,book-mkdocs,B07,planned-rewrite,broken-local,html-img,178,"Update exact syntax node, preserving caption, width/alt and other attributes; re-resolve after migration. Computed from actual source_document parent to staged path."
00_book/config/images.typ,3,figures/gui/main_window.png,,,figures/gui/main_window.png,book-typst,retain,retain-out-of-scope,unresolved-local,insert-image,179,Outside documentation inventory or dynamic pattern; no blind string replacement.
00_book/contents/02_cai_dat_su_dung.typ,146,figures/gui/chapter-02/01-welcome-window.png,ui.core.welcome-no-recent-projects,documentation_assets/ui/legacy/core/welcome-no-recent-projects.png,/documentation_assets/ui/legacy/core/welcome-no-recent-projects.png,book-typst,B04,planned-rewrite,resolved,insert-image,180,"Update exact syntax node, preserving caption, width/alt and other attributes; re-resolve after migration. Project-root path with --root .; book insert-image helper must be pass-through for migrated absolute paths."
00_book/contents/02_cai_dat_su_dung.typ,179,figures/gui/chapter-02/02-create-project.png,ui.project.create-empty,documentation_assets/ui/legacy/project/create-empty.png,/documentation_assets/ui/legacy/project/create-empty.png,book-typst,B04,planned-rewrite,resolved,insert-image,181,"Update exact syntax node, preserving caption, width/alt and other attributes; re-resolve after migration. Project-root path with --root .; book insert-image helper must be pass-through for migrated absolute paths."
00_book/contents/02_cai_dat_su_dung.typ,184,figures/gui/chapter-02/03-project-details.png,ui.project.create-ready,documentation_assets/ui/legacy/project/create-ready.png,/documentation_assets/ui/legacy/project/create-ready.png,book-typst,B04,planned-rewrite,resolved,insert-image,182,"Update exact syntax node, preserving caption, width/alt and other attributes; re-resolve after migration. Project-root path with --root .; book insert-image helper must be pass-through for migrated absolute paths."
00_book/contents/02_cai_dat_su_dung.typ,189,figures/gui/chapter-02/04-workspace-opened.png,ui.project.workspace-new-project,documentation_assets/ui/legacy/project/workspace-new-project.png,/documentation_assets/ui/legacy/project/workspace-new-project.png,book-typst,B04,planned-rewrite,resolved,insert-image,183,"Update exact syntax node, preserving caption, width/alt and other attributes; re-resolve after migration. Project-root path with --root .; book insert-image helper must be pass-through for migrated absolute paths."
00_book/contents/02_cai_dat_su_dung.typ,214,figures/gui/chapter-02/06-open-existing-project.png,ui.project.workspace-open-existing,documentation_assets/ui/legacy/project/workspace-open-existing.png,/documentation_assets/ui/legacy/project/workspace-open-existing.png,book-typst,B04,planned-rewrite,resolved,insert-image,184,"Update exact syntax node, preserving caption, width/alt and other attributes; re-resolve after migration. Project-root path with --root .; book insert-image helper must be pass-through for migrated absolute paths."
00_book/contents/02_cai_dat_su_dung.typ,223,figures/gui/chapter-02/07-recent-projects.png,ui.project.recent-projects,documentation_assets/ui/legacy/project/recent-projects.png,/documentation_assets/ui/legacy/project/recent-projects.png,book-typst,B04,planned-rewrite,resolved,insert-image,185,"Update exact syntax node, preserving caption, width/alt and other attributes; re-resolve after migration. Project-root path with --root .; book insert-image helper must be pass-through for migrated absolute paths."
00_book/contents/02_cai_dat_su_dung.typ,230,figures/gui/chapter-02/08-save-project.png,ui.project.save-menu,documentation_assets/ui/legacy/project/save-menu.png,/documentation_assets/ui/legacy/project/save-menu.png,book-typst,B04,planned-rewrite,resolved,insert-image,186,"Update exact syntax node, preserving caption, width/alt and other attributes; re-resolve after migration. Project-root path with --root .; book insert-image helper must be pass-through for migrated absolute paths."
00_book/contents/02_cai_dat_su_dung.typ,248,figures/gui/chapter-02/09-snapshot-history.png,ui.project.snapshot-history,documentation_assets/ui/legacy/project/snapshot-history.png,/documentation_assets/ui/legacy/project/snapshot-history.png,book-typst,B04,planned-rewrite,resolved,insert-image,187,"Update exact syntax node, preserving caption, width/alt and other attributes; re-resolve after migration. Project-root path with --root .; book insert-image helper must be pass-through for migrated absolute paths."
00_book/contents/03_giao_dien_dieu_huong.typ,16,figures/gui/chapter-03/01-workspace-overview.png,ui.core.workspace-overview,documentation_assets/ui/docshot/core/workspace-overview.png,/documentation_assets/ui/docshot/core/workspace-overview.png,book-typst,B03,planned-rewrite,resolved,insert-image,188,"Update exact syntax node, preserving caption, width/alt and other attributes; re-resolve after migration. Project-root path with --root .; book insert-image helper must be pass-through for migrated absolute paths."
00_book/contents/03_giao_dien_dieu_huong.typ,47,figures/gui/chapter-03/02-menu-bar.png,ui.core.view-menu,documentation_assets/ui/docshot/core/view-menu.png,/documentation_assets/ui/docshot/core/view-menu.png,book-typst,B03,planned-rewrite,resolved,insert-image,189,"Update exact syntax node, preserving caption, width/alt and other attributes; re-resolve after migration. Project-root path with --root .; book insert-image helper must be pass-through for migrated absolute paths."
00_book/contents/03_giao_dien_dieu_huong.typ,56,figures/gui/chapter-03/03-activity-bar.png,ui.core.activity-bar,documentation_assets/ui/docshot/core/activity-bar.png,/documentation_assets/ui/docshot/core/activity-bar.png,book-typst,B03,planned-rewrite,resolved,insert-image,190,"Update exact syntax node, preserving caption, width/alt and other attributes; re-resolve after migration. Project-root path with --root .; book insert-image helper must be pass-through for migrated absolute paths."
00_book/contents/03_giao_dien_dieu_huong.typ,69,figures/gui/chapter-03/04-devices-sidebar.png,ui.devices.sidebar-status-groups,documentation_assets/ui/docshot/devices/sidebar-status-groups.png,/documentation_assets/ui/docshot/devices/sidebar-status-groups.png,book-typst,B03,planned-rewrite,resolved,insert-image,191,"Update exact syntax node, preserving caption, width/alt and other attributes; re-resolve after migration. Project-root path with --root .; book insert-image helper must be pass-through for migrated absolute paths."
00_book/contents/03_giao_dien_dieu_huong.typ,84,figures/gui/chapter-03/05-device-tabs.png,ui.devices.tabs-router-active,documentation_assets/ui/docshot/devices/tabs-router-active.png,/documentation_assets/ui/docshot/devices/tabs-router-active.png,book-typst,B03,planned-rewrite,resolved,insert-image,192,"Update exact syntax node, preserving caption, width/alt and other attributes; re-resolve after migration. Project-root path with --root .; book insert-image helper must be pass-through for migrated absolute paths."
00_book/contents/03_giao_dien_dieu_huong.typ,107,figures/gui/chapter-03/06-feature-bar-router.png,ui.core.feature-bar-router,documentation_assets/ui/docshot/core/feature-bar-router.png,/documentation_assets/ui/docshot/core/feature-bar-router.png,book-typst,B03,planned-rewrite,resolved,insert-image,193,"Update exact syntax node, preserving caption, width/alt and other attributes; re-resolve after migration. Project-root path with --root .; book insert-image helper must be pass-through for migrated absolute paths."
00_book/contents/03_giao_dien_dieu_huong.typ,110,figures/gui/chapter-03/07-feature-bar-switch.png,ui.core.feature-bar-switch,documentation_assets/ui/docshot/core/feature-bar-switch.png,/documentation_assets/ui/docshot/core/feature-bar-switch.png,book-typst,B03,review-required,resolved,insert-image,194,"Update exact syntax node, preserving caption, width/alt and other attributes; re-resolve after migration. Project-root path with --root .; book insert-image helper must be pass-through for migrated absolute paths."
00_book/contents/03_giao_dien_dieu_huong.typ,133,figures/gui/chapter-03/08-content-area.png,ui.core.information-empty,documentation_assets/ui/docshot/core/information-empty.png,/documentation_assets/ui/docshot/core/information-empty.png,book-typst,B03,planned-rewrite,resolved,insert-image,195,"Update exact syntax node, preserving caption, width/alt and other attributes; re-resolve after migration. Project-root path with --root .; book insert-image helper must be pass-through for migrated absolute paths."
00_book/contents/03_giao_dien_dieu_huong.typ,144,figures/gui/chapter-03/09-status-bar.png,ui.core.status-bar,documentation_assets/ui/docshot/core/status-bar.png,/documentation_assets/ui/docshot/core/status-bar.png,book-typst,B03,planned-rewrite,resolved,insert-image,196,"Update exact syntax node, preserving caption, width/alt and other attributes; re-resolve after migration. Project-root path with --root .; book insert-image helper must be pass-through for migrated absolute paths."
00_book/contents/03_giao_dien_dieu_huong.typ,149,figures/gui/chapter-03/09-status-details.png,ui.core.status-details,documentation_assets/ui/docshot/core/status-details.png,/documentation_assets/ui/docshot/core/status-details.png,book-typst,B03,planned-rewrite,resolved,insert-image,197,"Update exact syntax node, preserving caption, width/alt and other attributes; re-resolve after migration. Project-root path with --root .; book insert-image helper must be pass-through for migrated absolute paths."
00_book/contents/03_giao_dien_dieu_huong.typ,160,figures/gui/chapter-03/10-sidebar-collapsed.png,ui.core.sidebar-collapsed,documentation_assets/ui/docshot/core/sidebar-collapsed.png,/documentation_assets/ui/docshot/core/sidebar-collapsed.png,book-typst,B03,planned-rewrite,resolved,insert-image,198,"Update exact syntax node, preserving caption, width/alt and other attributes; re-resolve after migration. Project-root path with --root .; book insert-image helper must be pass-through for migrated absolute paths."
00_book/contents/04_quan_ly_thiet_bi.typ,16,figures/gui/chapter-04/01-devices-inventory.png,ui.devices.inventory-waiting,documentation_assets/ui/docshot/devices/inventory-waiting.png,/documentation_assets/ui/docshot/devices/inventory-waiting.png,book-typst,B03,planned-rewrite,resolved,insert-image,199,"Update exact syntax node, preserving caption, width/alt and other attributes; re-resolve after migration. Project-root path with --root .; book insert-image helper must be pass-through for migrated absolute paths."
00_book/contents/04_quan_ly_thiet_bi.typ,47,figures/gui/chapter-04/02-add-device-empty.png,ui.devices.create-empty,documentation_assets/ui/docshot/devices/create-empty.png,/documentation_assets/ui/docshot/devices/create-empty.png,book-typst,B03,planned-rewrite,resolved,insert-image,200,"Update exact syntax node, preserving caption, width/alt and other attributes; re-resolve after migration. Project-root path with --root .; book insert-image helper must be pass-through for migrated absolute paths."
00_book/contents/04_quan_ly_thiet_bi.typ,113,figures/gui/chapter-04/03-add-device-filled.png,ui.devices.create-filled,documentation_assets/ui/docshot/devices/create-filled.png,/documentation_assets/ui/docshot/devices/create-filled.png,book-typst,B03,planned-rewrite,resolved,insert-image,201,"Update exact syntax node, preserving caption, width/alt and other attributes; re-resolve after migration. Project-root path with --root .; book insert-image helper must be pass-through for migrated absolute paths."
00_book/contents/04_quan_ly_thiet_bi.typ,120,figures/gui/chapter-04/05-ssh-compatibility.png,ui.devices.ssh-compatibility,documentation_assets/ui/docshot/devices/ssh-compatibility.png,/documentation_assets/ui/docshot/devices/ssh-compatibility.png,book-typst,B03,planned-rewrite,resolved,insert-image,202,"Update exact syntax node, preserving caption, width/alt and other attributes; re-resolve after migration. Project-root path with --root .; book insert-image helper must be pass-through for migrated absolute paths."
00_book/contents/04_quan_ly_thiet_bi.typ,135,figures/gui/chapter-04/04-device-added-waiting.png,ui.devices.created-waiting,documentation_assets/ui/docshot/devices/created-waiting.png,/documentation_assets/ui/docshot/devices/created-waiting.png,book-typst,B03,planned-rewrite,resolved,insert-image,203,"Update exact syntax node, preserving caption, width/alt and other attributes; re-resolve after migration. Project-root path with --root .; book insert-image helper must be pass-through for migrated absolute paths."
00_book/contents/04_quan_ly_thiet_bi.typ,144,figures/gui/chapter-04/06-add-multiple-devices.png,ui.devices.batch-create-empty,documentation_assets/ui/docshot/devices/batch-create-empty.png,/documentation_assets/ui/docshot/devices/batch-create-empty.png,book-typst,B03,planned-rewrite,resolved,insert-image,204,"Update exact syntax node, preserving caption, width/alt and other attributes; re-resolve after migration. Project-root path with --root .; book insert-image helper must be pass-through for migrated absolute paths."
00_book/contents/04_quan_ly_thiet_bi.typ,157,figures/gui/chapter-04/07-batch-devices-filled.png,ui.devices.batch-create-filled,documentation_assets/ui/docshot/devices/batch-create-filled.png,/documentation_assets/ui/docshot/devices/batch-create-filled.png,book-typst,B03,planned-rewrite,resolved,insert-image,205,"Update exact syntax node, preserving caption, width/alt and other attributes; re-resolve after migration. Project-root path with --root .; book insert-image helper must be pass-through for migrated absolute paths."
00_book/contents/04_quan_ly_thiet_bi.typ,162,figures/gui/chapter-04/19-batch-table-detail.png,ui.devices.batch-host-name-detail,documentation_assets/ui/docshot/devices/batch-host-name-detail.png,/documentation_assets/ui/docshot/devices/batch-host-name-detail.png,book-typst,B03,planned-rewrite,resolved,insert-image,206,"Update exact syntax node, preserving caption, width/alt and other attributes; re-resolve after migration. Project-root path with --root .; book insert-image helper must be pass-through for migrated absolute paths."
00_book/contents/04_quan_ly_thiet_bi.typ,189,figures/gui/chapter-04/18-import-result.png,ui.devices.import-result,documentation_assets/ui/docshot/devices/import-result.png,/documentation_assets/ui/docshot/devices/import-result.png,book-typst,B03,planned-rewrite,resolved,insert-image,207,"Update exact syntax node, preserving caption, width/alt and other attributes; re-resolve after migration. Project-root path with --root .; book insert-image helper must be pass-through for migrated absolute paths."
00_book/contents/04_quan_ly_thiet_bi.typ,200,figures/gui/chapter-04/08-search-filter.png,ui.devices.search-switches,documentation_assets/ui/docshot/devices/search-switches.png,/documentation_assets/ui/docshot/devices/search-switches.png,book-typst,B03,planned-rewrite,resolved,insert-image,208,"Update exact syntax node, preserving caption, width/alt and other attributes; re-resolve after migration. Project-root path with --root .; book insert-image helper must be pass-through for migrated absolute paths."
00_book/contents/04_quan_ly_thiet_bi.typ,211,figures/gui/chapter-04/13-multi-select.png,ui.devices.multi-select-mixed-status,documentation_assets/ui/docshot/devices/multi-select-mixed-status.png,/documentation_assets/ui/docshot/devices/multi-select-mixed-status.png,book-typst,B03,planned-rewrite,resolved,insert-image,209,"Update exact syntax node, preserving caption, width/alt and other attributes; re-resolve after migration. Project-root path with --root .; book insert-image helper must be pass-through for migrated absolute paths."
00_book/contents/04_quan_ly_thiet_bi.typ,238,figures/gui/chapter-04/09-device-context-waiting.png,ui.devices.context-waiting,documentation_assets/ui/docshot/devices/context-waiting.png,/documentation_assets/ui/docshot/devices/context-waiting.png,book-typst,B03,planned-rewrite,resolved,insert-image,210,"Update exact syntax node, preserving caption, width/alt and other attributes; re-resolve after migration. Project-root path with --root .; book insert-image helper must be pass-through for migrated absolute paths."
00_book/contents/04_quan_ly_thiet_bi.typ,241,figures/gui/chapter-04/11-device-context-connected.png,ui.devices.context-connected,documentation_assets/ui/docshot/devices/context-connected.png,/documentation_assets/ui/docshot/devices/context-connected.png,book-typst,B03,review-required,resolved,insert-image,211,"Update exact syntax node, preserving caption, width/alt and other attributes; re-resolve after migration. Project-root path with --root .; book insert-image helper must be pass-through for migrated absolute paths."
00_book/contents/04_quan_ly_thiet_bi.typ,250,figures/gui/chapter-04/10-device-connected.png,ui.devices.connected,documentation_assets/ui/docshot/devices/connected.png,/documentation_assets/ui/docshot/devices/connected.png,book-typst,B03,planned-rewrite,resolved,insert-image,212,"Update exact syntax node, preserving caption, width/alt and other attributes; re-resolve after migration. Project-root path with --root .; book insert-image helper must be pass-through for migrated absolute paths."
00_book/contents/04_quan_ly_thiet_bi.typ,261,figures/gui/chapter-04/12-device-context-disconnected.png,ui.devices.context-disconnected,documentation_assets/ui/docshot/devices/context-disconnected.png,/documentation_assets/ui/docshot/devices/context-disconnected.png,book-typst,B03,planned-rewrite,resolved,insert-image,213,"Update exact syntax node, preserving caption, width/alt and other attributes; re-resolve after migration. Project-root path with --root .; book insert-image helper must be pass-through for migrated absolute paths."
00_book/contents/04_quan_ly_thiet_bi.typ,282,figures/gui/chapter-04/17-running-config-result.png,ui.devices.running-config-snapshot,documentation_assets/ui/docshot/devices/running-config-snapshot.png,/documentation_assets/ui/docshot/devices/running-config-snapshot.png,book-typst,B03,planned-rewrite,resolved,insert-image,214,"Update exact syntax node, preserving caption, width/alt and other attributes; re-resolve after migration. Project-root path with --root .; book insert-image helper must be pass-through for migrated absolute paths."
00_book/contents/04_quan_ly_thiet_bi.typ,305,figures/gui/chapter-04/14-multi-select-actions.png,ui.devices.multi-select-actions,documentation_assets/ui/docshot/devices/multi-select-actions.png,/documentation_assets/ui/docshot/devices/multi-select-actions.png,book-typst,B03,planned-rewrite,resolved,insert-image,215,"Update exact syntax node, preserving caption, width/alt and other attributes; re-resolve after migration. Project-root path with --root .; book insert-image helper must be pass-through for migrated absolute paths."
00_book/contents/04_quan_ly_thiet_bi.typ,328,figures/gui/chapter-04/15-edit-device.png,ui.devices.edit,documentation_assets/ui/docshot/devices/edit.png,/documentation_assets/ui/docshot/devices/edit.png,book-typst,B03,planned-rewrite,resolved,insert-image,216,"Update exact syntax node, preserving caption, width/alt and other attributes; re-resolve after migration. Project-root path with --root .; book insert-image helper must be pass-through for migrated absolute paths."
00_book/contents/04_quan_ly_thiet_bi.typ,341,figures/gui/chapter-04/16-delete-device-confirmation.png,ui.devices.delete-confirmation,documentation_assets/ui/docshot/devices/delete-confirmation.png,/documentation_assets/ui/docshot/devices/delete-confirmation.png,book-typst,B03,planned-rewrite,resolved,insert-image,217,"Update exact syntax node, preserving caption, width/alt and other attributes; re-resolve after migration. Project-root path with --root .; book insert-image helper must be pass-through for migrated absolute paths."
00_book/contents/05_cau_hinh_interface_router.typ,16,figures/gui/chapter-05/01-router-interface-overview.png,ui.routing.interfaces.physical-overview,documentation_assets/ui/legacy/routing/interfaces/physical-overview.png,/documentation_assets/ui/legacy/routing/interfaces/physical-overview.png,book-typst,B05,planned-rewrite,resolved,insert-image,218,"Update exact syntax node, preserving caption, width/alt and other attributes; re-resolve after migration. Project-root path with --root .; book insert-image helper must be pass-through for migrated absolute paths."
00_book/contents/05_cau_hinh_interface_router.typ,37,figures/gui/chapter-05/03-physical-interface-configured.png,ui.routing.interfaces.physical-configured,documentation_assets/ui/legacy/routing/interfaces/physical-configured.png,/documentation_assets/ui/legacy/routing/interfaces/physical-configured.png,book-typst,B05,planned-rewrite,resolved,insert-image,219,"Update exact syntax node, preserving caption, width/alt and other attributes; re-resolve after migration. Project-root path with --root .; book insert-image helper must be pass-through for migrated absolute paths."
00_book/contents/05_cau_hinh_interface_router.typ,62,figures/gui/chapter-05/04-loopback-interface.png,ui.routing.interfaces.loopback,documentation_assets/ui/legacy/routing/interfaces/loopback.png,/documentation_assets/ui/legacy/routing/interfaces/loopback.png,book-typst,B05,planned-rewrite,resolved,insert-image,220,"Update exact syntax node, preserving caption, width/alt and other attributes; re-resolve after migration. Project-root path with --root .; book insert-image helper must be pass-through for migrated absolute paths."
00_book/contents/05_cau_hinh_interface_router.typ,71,figures/gui/chapter-05/05-tunnel-interface.png,ui.routing.interfaces.tunnel,documentation_assets/ui/legacy/routing/interfaces/tunnel.png,/documentation_assets/ui/legacy/routing/interfaces/tunnel.png,book-typst,B05,planned-rewrite,resolved,insert-image,221,"Update exact syntax node, preserving caption, width/alt and other attributes; re-resolve after migration. Project-root path with --root .; book insert-image helper must be pass-through for migrated absolute paths."
00_book/contents/05_cau_hinh_interface_router.typ,80,figures/gui/chapter-05/06-subinterface.png,ui.routing.interfaces.subinterface,documentation_assets/ui/legacy/routing/interfaces/subinterface.png,/documentation_assets/ui/legacy/routing/interfaces/subinterface.png,book-typst,B05,planned-rewrite,resolved,insert-image,222,"Update exact syntax node, preserving caption, width/alt and other attributes; re-resolve after migration. Project-root path with --root .; book insert-image helper must be pass-through for migrated absolute paths."
00_book/contents/05_cau_hinh_interface_router.typ,89,figures/gui/chapter-05/07-view-push-preview.png,ui.routing.interfaces.view-push,documentation_assets/ui/legacy/routing/interfaces/view-push.png,/documentation_assets/ui/legacy/routing/interfaces/view-push.png,book-typst,B05,planned-rewrite,resolved,insert-image,223,"Update exact syntax node, preserving caption, width/alt and other attributes; re-resolve after migration. Project-root path with --root .; book insert-image helper must be pass-through for migrated absolute paths."
00_book/contents/06_cau_hinh_routing.typ,20,figures/gui/chapter-06/01-static-routes.png,ui.routing.static.routes,documentation_assets/ui/legacy/routing/static/routes.png,/documentation_assets/ui/legacy/routing/static/routes.png,book-typst,B05,planned-rewrite,resolved,insert-image,224,"Update exact syntax node, preserving caption, width/alt and other attributes; re-resolve after migration. Project-root path with --root .; book insert-image helper must be pass-through for migrated absolute paths."
00_book/contents/06_cau_hinh_routing.typ,52,figures/gui/chapter-06/03-ospf-process.png,ui.routing.ospf.process,documentation_assets/ui/legacy/routing/ospf/process.png,/documentation_assets/ui/legacy/routing/ospf/process.png,book-typst,B05,planned-rewrite,resolved,insert-image,225,"Update exact syntax node, preserving caption, width/alt and other attributes; re-resolve after migration. Project-root path with --root .; book insert-image helper must be pass-through for migrated absolute paths."
00_book/contents/06_cau_hinh_routing.typ,65,figures/gui/chapter-06/04-ospf-networks.png,ui.routing.ospf.networks,documentation_assets/ui/legacy/routing/ospf/networks.png,/documentation_assets/ui/legacy/routing/ospf/networks.png,book-typst,B05,planned-rewrite,resolved,insert-image,226,"Update exact syntax node, preserving caption, width/alt and other attributes; re-resolve after migration. Project-root path with --root .; book insert-image helper must be pass-through for migrated absolute paths."
00_book/contents/06_cau_hinh_routing.typ,74,figures/gui/chapter-06/05-ospf-areas.png,ui.routing.ospf.areas,documentation_assets/ui/legacy/routing/ospf/areas.png,/documentation_assets/ui/legacy/routing/ospf/areas.png,book-typst,B05,planned-rewrite,resolved,insert-image,227,"Update exact syntax node, preserving caption, width/alt and other attributes; re-resolve after migration. Project-root path with --root .; book insert-image helper must be pass-through for migrated absolute paths."
00_book/contents/06_cau_hinh_routing.typ,89,figures/gui/chapter-06/07-ospf-redistribute.png,ui.routing.ospf.redistribute,documentation_assets/ui/legacy/routing/ospf/redistribute.png,/documentation_assets/ui/legacy/routing/ospf/redistribute.png,book-typst,B05,planned-rewrite,resolved,insert-image,228,"Update exact syntax node, preserving caption, width/alt and other attributes; re-resolve after migration. Project-root path with --root .; book insert-image helper must be pass-through for migrated absolute paths."
00_book/contents/06_cau_hinh_routing.typ,98,figures/gui/chapter-06/08-ospf-interfaces.png,ui.routing.ospf.interfaces,documentation_assets/ui/legacy/routing/ospf/interfaces.png,/documentation_assets/ui/legacy/routing/ospf/interfaces.png,book-typst,B05,planned-rewrite,resolved,insert-image,229,"Update exact syntax node, preserving caption, width/alt and other attributes; re-resolve after migration. Project-root path with --root .; book insert-image helper must be pass-through for migrated absolute paths."
00_book/contents/06_cau_hinh_routing.typ,121,figures/gui/chapter-06/11-eigrp-process.png,ui.routing.eigrp.process,documentation_assets/ui/legacy/routing/eigrp/process.png,/documentation_assets/ui/legacy/routing/eigrp/process.png,book-typst,B05,planned-rewrite,resolved,insert-image,230,"Update exact syntax node, preserving caption, width/alt and other attributes; re-resolve after migration. Project-root path with --root .; book insert-image helper must be pass-through for migrated absolute paths."
00_book/contents/06_cau_hinh_routing.typ,134,figures/gui/chapter-06/13-eigrp-interfaces.png,ui.routing.eigrp.interfaces,documentation_assets/ui/legacy/routing/eigrp/interfaces.png,/documentation_assets/ui/legacy/routing/eigrp/interfaces.png,book-typst,B05,planned-rewrite,resolved,insert-image,231,"Update exact syntax node, preserving caption, width/alt and other attributes; re-resolve after migration. Project-root path with --root .; book insert-image helper must be pass-through for migrated absolute paths."
00_book/contents/06_cau_hinh_routing.typ,147,figures/gui/chapter-06/15-eigrp-redistribute.png,ui.routing.eigrp.redistribute,documentation_assets/ui/legacy/routing/eigrp/redistribute.png,/documentation_assets/ui/legacy/routing/eigrp/redistribute.png,book-typst,B05,planned-rewrite,resolved,insert-image,232,"Update exact syntax node, preserving caption, width/alt and other attributes; re-resolve after migration. Project-root path with --root .; book insert-image helper must be pass-through for migrated absolute paths."
00_book/contents/06_cau_hinh_routing.typ,164,figures/gui/chapter-06/18-eigrp-key-chains.png,ui.routing.eigrp.key-chains,documentation_assets/ui/legacy/routing/eigrp/key-chains.png,/documentation_assets/ui/legacy/routing/eigrp/key-chains.png,book-typst,B05,planned-rewrite,resolved,insert-image,233,"Update exact syntax node, preserving caption, width/alt and other attributes; re-resolve after migration. Project-root path with --root .; book insert-image helper must be pass-through for migrated absolute paths."
00_book/contents/06_cau_hinh_routing.typ,177,figures/gui/chapter-06/19-routing-group-hosts.png,ui.routing.ospf.routing-group-hosts,documentation_assets/ui/legacy/routing/ospf/routing-group-hosts.png,/documentation_assets/ui/legacy/routing/ospf/routing-group-hosts.png,book-typst,B05,planned-rewrite,resolved,insert-image,234,"Update exact syntax node, preserving caption, width/alt and other attributes; re-resolve after migration. Project-root path with --root .; book insert-image helper must be pass-through for migrated absolute paths."
00_book/contents/06_cau_hinh_routing.typ,184,figures/gui/chapter-06/20-routing-group-identity.png,ui.routing.ospf.routing-group-identity,documentation_assets/ui/legacy/routing/ospf/routing-group-identity.png,/documentation_assets/ui/legacy/routing/ospf/routing-group-identity.png,book-typst,B05,planned-rewrite,resolved,insert-image,235,"Update exact syntax node, preserving caption, width/alt and other attributes; re-resolve after migration. Project-root path with --root .; book insert-image helper must be pass-through for migrated absolute paths."
00_book/contents/06_cau_hinh_routing.typ,195,figures/gui/chapter-06/22-routing-group-networks.png,ui.routing.ospf.routing-group-networks,documentation_assets/ui/legacy/routing/ospf/routing-group-networks.png,/documentation_assets/ui/legacy/routing/ospf/routing-group-networks.png,book-typst,B05,planned-rewrite,resolved,insert-image,236,"Update exact syntax node, preserving caption, width/alt and other attributes; re-resolve after migration. Project-root path with --root .; book insert-image helper must be pass-through for migrated absolute paths."
00_book/contents/06_cau_hinh_routing.typ,205,figures/gui/chapter-06/26-routing-group-view-push.png,ui.routing.ospf.routing-group-view-push,documentation_assets/ui/legacy/routing/ospf/routing-group-view-push.png,/documentation_assets/ui/legacy/routing/ospf/routing-group-view-push.png,book-typst,B05,planned-rewrite,resolved,insert-image,237,"Update exact syntax node, preserving caption, width/alt and other attributes; re-resolve after migration. Project-root path with --root .; book insert-image helper must be pass-through for migrated absolute paths."
00_book/contents/06_cau_hinh_routing.typ,229,figures/gui/chapter-06/24-ospf-view-push.png,ui.routing.ospf.view-push,documentation_assets/ui/legacy/routing/ospf/view-push.png,/documentation_assets/ui/legacy/routing/ospf/view-push.png,book-typst,B05,planned-rewrite,resolved,insert-image,238,"Update exact syntax node, preserving caption, width/alt and other attributes; re-resolve after migration. Project-root path with --root .; book insert-image helper must be pass-through for migrated absolute paths."
00_book/contents/07_cau_hinh_dhcp.typ,20,figures/gui/chapter-07/01-dhcp-pools.png,ui.routing.dhcp.pools,documentation_assets/ui/legacy/routing/dhcp/pools.png,/documentation_assets/ui/legacy/routing/dhcp/pools.png,book-typst,B06,planned-rewrite,resolved,insert-image,239,"Update exact syntax node, preserving caption, width/alt and other attributes; re-resolve after migration. Project-root path with --root .; book insert-image helper must be pass-through for migrated absolute paths."
00_book/contents/07_cau_hinh_dhcp.typ,46,figures/gui/chapter-07/02-dhcp-excluded-addresses.png,ui.routing.dhcp.excluded-addresses,documentation_assets/ui/legacy/routing/dhcp/excluded-addresses.png,/documentation_assets/ui/legacy/routing/dhcp/excluded-addresses.png,book-typst,B06,planned-rewrite,resolved,insert-image,240,"Update exact syntax node, preserving caption, width/alt and other attributes; re-resolve after migration. Project-root path with --root .; book insert-image helper must be pass-through for migrated absolute paths."
00_book/contents/07_cau_hinh_dhcp.typ,55,figures/gui/chapter-07/03-dhcp-helper-addresses.png,ui.routing.dhcp.helper-addresses,documentation_assets/ui/legacy/routing/dhcp/helper-addresses.png,/documentation_assets/ui/legacy/routing/dhcp/helper-addresses.png,book-typst,B06,planned-rewrite,resolved,insert-image,241,"Update exact syntax node, preserving caption, width/alt and other attributes; re-resolve after migration. Project-root path with --root .; book insert-image helper must be pass-through for migrated absolute paths."
00_book/contents/07_cau_hinh_dhcp.typ,64,figures/gui/chapter-07/04-dhcp-view-push.png,ui.routing.dhcp.view-push,documentation_assets/ui/legacy/routing/dhcp/view-push.png,/documentation_assets/ui/legacy/routing/dhcp/view-push.png,book-typst,B06,planned-rewrite,resolved,insert-image,242,"Update exact syntax node, preserving caption, width/alt and other attributes; re-resolve after migration. Project-root path with --root .; book insert-image helper must be pass-through for migrated absolute paths."
00_book/contents/08_cau_hinh_acl.typ,19,figures/gui/chapter-08/01-acl-standard.png,ui.routing.acl.standard,documentation_assets/ui/legacy/routing/acl/standard.png,/documentation_assets/ui/legacy/routing/acl/standard.png,book-typst,B06,planned-rewrite,resolved,insert-image,243,"Update exact syntax node, preserving caption, width/alt and other attributes; re-resolve after migration. Project-root path with --root .; book insert-image helper must be pass-through for migrated absolute paths."
00_book/contents/08_cau_hinh_acl.typ,28,figures/gui/chapter-08/02-acl-extended.png,ui.routing.acl.extended,documentation_assets/ui/legacy/routing/acl/extended.png,/documentation_assets/ui/legacy/routing/acl/extended.png,book-typst,B06,planned-rewrite,resolved,insert-image,244,"Update exact syntax node, preserving caption, width/alt and other attributes; re-resolve after migration. Project-root path with --root .; book insert-image helper must be pass-through for migrated absolute paths."
00_book/contents/08_cau_hinh_acl.typ,37,figures/gui/chapter-08/03-acl-dynamic.png,ui.routing.acl.dynamic,documentation_assets/ui/legacy/routing/acl/dynamic.png,/documentation_assets/ui/legacy/routing/acl/dynamic.png,book-typst,B06,planned-rewrite,resolved,insert-image,245,"Update exact syntax node, preserving caption, width/alt and other attributes; re-resolve after migration. Project-root path with --root .; book insert-image helper must be pass-through for migrated absolute paths."
00_book/contents/08_cau_hinh_acl.typ,46,figures/gui/chapter-08/04-acl-reflexive.png,ui.routing.acl.reflexive,documentation_assets/ui/legacy/routing/acl/reflexive.png,/documentation_assets/ui/legacy/routing/acl/reflexive.png,book-typst,B06,planned-rewrite,resolved,insert-image,246,"Update exact syntax node, preserving caption, width/alt and other attributes; re-resolve after migration. Project-root path with --root .; book insert-image helper must be pass-through for migrated absolute paths."
00_book/contents/08_cau_hinh_acl.typ,55,figures/gui/chapter-08/05-acl-mac.png,ui.routing.acl.mac,documentation_assets/ui/legacy/routing/acl/mac.png,/documentation_assets/ui/legacy/routing/acl/mac.png,book-typst,B06,planned-rewrite,resolved,insert-image,247,"Update exact syntax node, preserving caption, width/alt and other attributes; re-resolve after migration. Project-root path with --root .; book insert-image helper must be pass-through for migrated absolute paths."
00_book/contents/08_cau_hinh_acl.typ,64,figures/gui/chapter-08/06-acl-bindings.png,ui.routing.acl.bindings,documentation_assets/ui/legacy/routing/acl/bindings.png,/documentation_assets/ui/legacy/routing/acl/bindings.png,book-typst,B06,planned-rewrite,resolved,insert-image,248,"Update exact syntax node, preserving caption, width/alt and other attributes; re-resolve after migration. Project-root path with --root .; book insert-image helper must be pass-through for migrated absolute paths."
00_book/contents/08_cau_hinh_acl.typ,73,figures/gui/chapter-08/07-acl-view-push.png,ui.routing.acl.view-push,documentation_assets/ui/legacy/routing/acl/view-push.png,/documentation_assets/ui/legacy/routing/acl/view-push.png,book-typst,B06,planned-rewrite,resolved,insert-image,249,"Update exact syntax node, preserving caption, width/alt and other attributes; re-resolve after migration. Project-root path with --root .; book insert-image helper must be pass-through for migrated absolute paths."
00_book/contents/09_cau_hinh_fhrp.typ,36,figures/gui/chapter-09/09-hsrp-gateway-form-zoom.png,ui.routing.fhrp.hsrp-gateway-form-detail,documentation_assets/ui/legacy/routing/fhrp/hsrp-gateway-form-detail.png,/documentation_assets/ui/legacy/routing/fhrp/hsrp-gateway-form-detail.png,book-typst,B06,planned-rewrite,resolved,insert-image,250,"Update exact syntax node, preserving caption, width/alt and other attributes; re-resolve after migration. Project-root path with --root .; book insert-image helper must be pass-through for migrated absolute paths."
00_book/contents/09_cau_hinh_fhrp.typ,43,figures/gui/chapter-09/15-hsrp-auth-protocol-detail.png,ui.routing.fhrp.hsrp-auth-protocol-detail,documentation_assets/ui/legacy/routing/fhrp/hsrp-auth-protocol-detail.png,/documentation_assets/ui/legacy/routing/fhrp/hsrp-auth-protocol-detail.png,book-typst,B06,planned-rewrite,resolved,insert-image,251,"Update exact syntax node, preserving caption, width/alt and other attributes; re-resolve after migration. Project-root path with --root .; book insert-image helper must be pass-through for migrated absolute paths."
00_book/contents/09_cau_hinh_fhrp.typ,61,figures/gui/chapter-09/11-hsrp-primary-member-zoom.png,ui.routing.fhrp.hsrp-primary-member-detail,documentation_assets/ui/legacy/routing/fhrp/hsrp-primary-member-detail.png,/documentation_assets/ui/legacy/routing/fhrp/hsrp-primary-member-detail.png,book-typst,B06,planned-rewrite,resolved,insert-image,252,"Update exact syntax node, preserving caption, width/alt and other attributes; re-resolve after migration. Project-root path with --root .; book insert-image helper must be pass-through for migrated absolute paths."
00_book/contents/09_cau_hinh_fhrp.typ,66,figures/gui/chapter-09/12-hsrp-secondary-member-zoom.png,ui.routing.fhrp.hsrp-secondary-member-detail,documentation_assets/ui/legacy/routing/fhrp/hsrp-secondary-member-detail.png,/documentation_assets/ui/legacy/routing/fhrp/hsrp-secondary-member-detail.png,book-typst,B06,planned-rewrite,resolved,insert-image,253,"Update exact syntax node, preserving caption, width/alt and other attributes; re-resolve after migration. Project-root path with --root .; book insert-image helper must be pass-through for migrated absolute paths."
00_book/contents/09_cau_hinh_fhrp.typ,79,figures/gui/chapter-09/13-vrrp-options-member-zoom.png,ui.routing.fhrp.vrrp-options-member-detail,documentation_assets/ui/legacy/routing/fhrp/vrrp-options-member-detail.png,/documentation_assets/ui/legacy/routing/fhrp/vrrp-options-member-detail.png,book-typst,B06,planned-rewrite,resolved,insert-image,254,"Update exact syntax node, preserving caption, width/alt and other attributes; re-resolve after migration. Project-root path with --root .; book insert-image helper must be pass-through for migrated absolute paths."
00_book/contents/09_cau_hinh_fhrp.typ,104,figures/gui/chapter-09/14-glbp-weighting-zoom.png,ui.routing.fhrp.glbp-weighting-detail,documentation_assets/ui/legacy/routing/fhrp/glbp-weighting-detail.png,/documentation_assets/ui/legacy/routing/fhrp/glbp-weighting-detail.png,book-typst,B06,planned-rewrite,resolved,insert-image,255,"Update exact syntax node, preserving caption, width/alt and other attributes; re-resolve after migration. Project-root path with --root .; book insert-image helper must be pass-through for migrated absolute paths."
00_book/contents/09_cau_hinh_fhrp.typ,130,figures/gui/chapter-09/06-hsrp-view-push.png,ui.routing.fhrp.hsrp-view-push,documentation_assets/ui/legacy/routing/fhrp/hsrp-view-push.png,/documentation_assets/ui/legacy/routing/fhrp/hsrp-view-push.png,book-typst,B06,planned-rewrite,resolved,insert-image,256,"Update exact syntax node, preserving caption, width/alt and other attributes; re-resolve after migration. Project-root path with --root .; book insert-image helper must be pass-through for migrated absolute paths."
00_book/contents/10_cau_hinh_syslog_server.typ,16,figures/gui/chapter-10/01-syslog-destinations.png,ui.routing.syslog.destinations,documentation_assets/ui/legacy/routing/syslog/destinations.png,/documentation_assets/ui/legacy/routing/syslog/destinations.png,book-typst,B10,planned-rewrite,resolved,insert-image,257,"Update exact syntax node, preserving caption, width/alt and other attributes; re-resolve after migration. Project-root path with --root .; book insert-image helper must be pass-through for migrated absolute paths."
00_book/contents/10_cau_hinh_syslog_server.typ,23,figures/gui/chapter-10/02-syslog-server-editor.png,ui.routing.syslog.server-editor,documentation_assets/ui/legacy/routing/syslog/server-editor.png,/documentation_assets/ui/legacy/routing/syslog/server-editor.png,book-typst,B10,planned-rewrite,resolved,insert-image,258,"Update exact syntax node, preserving caption, width/alt and other attributes; re-resolve after migration. Project-root path with --root .; book insert-image helper must be pass-through for migrated absolute paths."
00_book/contents/10_cau_hinh_syslog_server.typ,51,figures/gui/chapter-10/03-syslog-group-hosts.png,ui.routing.syslog.group-hosts,documentation_assets/ui/legacy/routing/syslog/group-hosts.png,/documentation_assets/ui/legacy/routing/syslog/group-hosts.png,book-typst,B10,planned-rewrite,resolved,insert-image,259,"Update exact syntax node, preserving caption, width/alt and other attributes; re-resolve after migration. Project-root path with --root .; book insert-image helper must be pass-through for migrated absolute paths."
00_book/contents/10_cau_hinh_syslog_server.typ,58,figures/gui/chapter-10/04-syslog-group-interfaces.png,ui.routing.syslog.group-interfaces,documentation_assets/ui/legacy/routing/syslog/group-interfaces.png,/documentation_assets/ui/legacy/routing/syslog/group-interfaces.png,book-typst,B10,planned-rewrite,resolved,insert-image,260,"Update exact syntax node, preserving caption, width/alt and other attributes; re-resolve after migration. Project-root path with --root .; book insert-image helper must be pass-through for migrated absolute paths."
00_book/contents/10_cau_hinh_syslog_server.typ,65,figures/gui/chapter-10/05-syslog-group-policy.png,ui.routing.syslog.group-policy,documentation_assets/ui/legacy/routing/syslog/group-policy.png,/documentation_assets/ui/legacy/routing/syslog/group-policy.png,book-typst,B10,planned-rewrite,resolved,insert-image,261,"Update exact syntax node, preserving caption, width/alt and other attributes; re-resolve after migration. Project-root path with --root .; book insert-image helper must be pass-through for migrated absolute paths."
00_book/contents/10_cau_hinh_syslog_server.typ,74,figures/gui/chapter-10/06-syslog-view-push.png,ui.routing.syslog.view-push,documentation_assets/ui/legacy/routing/syslog/view-push.png,/documentation_assets/ui/legacy/routing/syslog/view-push.png,book-typst,B10,planned-rewrite,resolved,insert-image,262,"Update exact syntax node, preserving caption, width/alt and other attributes; re-resolve after migration. Project-root path with --root .; book insert-image helper must be pass-through for migrated absolute paths."
00_book/contents/11_cau_hinh_nat.typ,16,figures/gui/chapter-11/01-quick-pat-setup.png,ui.routing.nat.quick-pat-setup,documentation_assets/ui/legacy/routing/nat/quick-pat-setup.png,/documentation_assets/ui/legacy/routing/nat/quick-pat-setup.png,book-typst,B06,planned-rewrite,resolved,insert-image,263,"Update exact syntax node, preserving caption, width/alt and other attributes; re-resolve after migration. Project-root path with --root .; book insert-image helper must be pass-through for migrated absolute paths."
00_book/contents/11_cau_hinh_nat.typ,39,figures/gui/chapter-11/02-interfaces-form-zoom.png,ui.routing.nat.interfaces-form-detail,documentation_assets/ui/legacy/routing/nat/interfaces-form-detail.png,/documentation_assets/ui/legacy/routing/nat/interfaces-form-detail.png,book-typst,B06,planned-rewrite,resolved,insert-image,264,"Update exact syntax node, preserving caption, width/alt and other attributes; re-resolve after migration. Project-root path with --root .; book insert-image helper must be pass-through for migrated absolute paths."
00_book/contents/11_cau_hinh_nat.typ,51,figures/gui/chapter-11/04-acl-form-zoom.png,ui.routing.nat.acl-form-detail,documentation_assets/ui/legacy/routing/nat/acl-form-detail.png,/documentation_assets/ui/legacy/routing/nat/acl-form-detail.png,book-typst,B06,planned-rewrite,resolved,insert-image,265,"Update exact syntax node, preserving caption, width/alt and other attributes; re-resolve after migration. Project-root path with --root .; book insert-image helper must be pass-through for migrated absolute paths."
00_book/contents/11_cau_hinh_nat.typ,75,figures/gui/chapter-11/06-static-form-zoom.png,ui.routing.nat.static-form-detail,documentation_assets/ui/legacy/routing/nat/static-form-detail.png,/documentation_assets/ui/legacy/routing/nat/static-form-detail.png,book-typst,B06,planned-rewrite,resolved,insert-image,266,"Update exact syntax node, preserving caption, width/alt and other attributes; re-resolve after migration. Project-root path with --root .; book insert-image helper must be pass-through for migrated absolute paths."
00_book/contents/11_cau_hinh_nat.typ,95,figures/gui/chapter-11/08-dynamic-form-zoom.png,ui.routing.nat.dynamic-form-detail,documentation_assets/ui/legacy/routing/nat/dynamic-form-detail.png,/documentation_assets/ui/legacy/routing/nat/dynamic-form-detail.png,book-typst,B06,planned-rewrite,resolved,insert-image,267,"Update exact syntax node, preserving caption, width/alt and other attributes; re-resolve after migration. Project-root path with --root .; book insert-image helper must be pass-through for migrated absolute paths."
00_book/contents/11_cau_hinh_nat.typ,115,figures/gui/chapter-11/10-pat-form-zoom.png,ui.routing.nat.pat-form-detail,documentation_assets/ui/legacy/routing/nat/pat-form-detail.png,/documentation_assets/ui/legacy/routing/nat/pat-form-detail.png,book-typst,B06,planned-rewrite,resolved,insert-image,268,"Update exact syntax node, preserving caption, width/alt and other attributes; re-resolve after migration. Project-root path with --root .; book insert-image helper must be pass-through for migrated absolute paths."
00_book/contents/11_cau_hinh_nat.typ,134,figures/gui/chapter-11/12-route-map-form-zoom.png,ui.routing.nat.route-map-form-detail,documentation_assets/ui/legacy/routing/nat/route-map-form-detail.png,/documentation_assets/ui/legacy/routing/nat/route-map-form-detail.png,book-typst,B06,planned-rewrite,resolved,insert-image,269,"Update exact syntax node, preserving caption, width/alt and other attributes; re-resolve after migration. Project-root path with --root .; book insert-image helper must be pass-through for migrated absolute paths."
00_book/contents/11_cau_hinh_nat.typ,155,figures/gui/chapter-11/14-nat-view-push.png,ui.routing.nat.view-push,documentation_assets/ui/legacy/routing/nat/view-push.png,/documentation_assets/ui/legacy/routing/nat/view-push.png,book-typst,B06,planned-rewrite,resolved,insert-image,270,"Update exact syntax node, preserving caption, width/alt and other attributes; re-resolve after migration. Project-root path with --root .; book insert-image helper must be pass-through for migrated absolute paths."
00_book/contents/12_truyen_tep_sftp.typ,31,figures/gui/chapter-12/01-sftp-connection-form.png,ui.transfer.sftp.connection-form,documentation_assets/ui/legacy/transfer/sftp/connection-form.png,/documentation_assets/ui/legacy/transfer/sftp/connection-form.png,book-typst,B09,planned-rewrite,resolved,insert-image,271,"Update exact syntax node, preserving caption, width/alt and other attributes; re-resolve after migration. Project-root path with --root .; book insert-image helper must be pass-through for migrated absolute paths."
00_book/contents/12_truyen_tep_sftp.typ,54,figures/gui/chapter-12/08-sftp-connection-paths.png,ui.transfer.sftp.connection-paths,documentation_assets/ui/legacy/transfer/sftp/connection-paths.png,/documentation_assets/ui/legacy/transfer/sftp/connection-paths.png,book-typst,B09,planned-rewrite,resolved,insert-image,272,"Update exact syntax node, preserving caption, width/alt and other attributes; re-resolve after migration. Project-root path with --root .; book insert-image helper must be pass-through for migrated absolute paths."
00_book/contents/12_truyen_tep_sftp.typ,67,figures/gui/chapter-12/03-sftp-connection-bar.png,ui.transfer.sftp.connection-bar,documentation_assets/ui/legacy/transfer/sftp/connection-bar.png,/documentation_assets/ui/legacy/transfer/sftp/connection-bar.png,book-typst,B09,planned-rewrite,resolved,insert-image,273,"Update exact syntax node, preserving caption, width/alt and other attributes; re-resolve after migration. Project-root path with --root .; book insert-image helper must be pass-through for migrated absolute paths."
00_book/contents/12_truyen_tep_sftp.typ,76,figures/gui/chapter-12/07-sftp-host-key-confirmation.png,ui.transfer.sftp.host-key-confirmation,documentation_assets/ui/legacy/transfer/sftp/host-key-confirmation.png,/documentation_assets/ui/legacy/transfer/sftp/host-key-confirmation.png,book-typst,B09,planned-rewrite,resolved,insert-image,274,"Update exact syntax node, preserving caption, width/alt and other attributes; re-resolve after migration. Project-root path with --root .; book insert-image helper must be pass-through for migrated absolute paths."
00_book/contents/12_truyen_tep_sftp.typ,103,figures/gui/chapter-12/09-scp-workspace.png,ui.transfer.scp.workspace,documentation_assets/ui/legacy/transfer/scp/workspace.png,/documentation_assets/ui/legacy/transfer/scp/workspace.png,book-typst,B09,planned-rewrite,resolved,insert-image,275,"Update exact syntax node, preserving caption, width/alt and other attributes; re-resolve after migration. Project-root path with --root .; book insert-image helper must be pass-through for migrated absolute paths."
00_book/contents/12_truyen_tep_sftp.typ,114,figures/gui/chapter-12/02-sftp-workspace-overview.png,ui.transfer.sftp.workspace-overview,documentation_assets/ui/legacy/transfer/sftp/workspace-overview.png,/documentation_assets/ui/legacy/transfer/sftp/workspace-overview.png,book-typst,B09,planned-rewrite,resolved,insert-image,276,"Update exact syntax node, preserving caption, width/alt and other attributes; re-resolve after migration. Project-root path with --root .; book insert-image helper must be pass-through for migrated absolute paths."
00_book/contents/12_truyen_tep_sftp.typ,119,figures/gui/chapter-12/06-sftp-transfer-queue.png,ui.transfer.sftp.transfer-queue,documentation_assets/ui/legacy/transfer/sftp/transfer-queue.png,/documentation_assets/ui/legacy/transfer/sftp/transfer-queue.png,book-typst,B09,planned-rewrite,resolved,insert-image,277,"Update exact syntax node, preserving caption, width/alt and other attributes; re-resolve after migration. Project-root path with --root .; book insert-image helper must be pass-through for migrated absolute paths."
00_book/contents/12_truyen_tep_sftp.typ,133,figures/gui/chapter-04/11-device-context-connected.png,ui.devices.context-connected,documentation_assets/ui/docshot/devices/context-connected.png,/documentation_assets/ui/docshot/devices/context-connected.png,book-typst,B03,review-required,resolved,insert-image,278,"Update exact syntax node, preserving caption, width/alt and other attributes; re-resolve after migration. Project-root path with --root .; book insert-image helper must be pass-through for migrated absolute paths."
00_book/contents/12_truyen_tep_sftp.typ,138,figures/gui/chapter-12/10-sync-notifications.png,ui.transfer.snapshots.sync-notifications,documentation_assets/ui/legacy/transfer/snapshots/sync-notifications.png,/documentation_assets/ui/legacy/transfer/snapshots/sync-notifications.png,book-typst,B09,planned-rewrite,resolved,insert-image,279,"Update exact syntax node, preserving caption, width/alt and other attributes; re-resolve after migration. Project-root path with --root .; book insert-image helper must be pass-through for migrated absolute paths."
00_book/contents/12_truyen_tep_sftp.typ,150,figures/gui/chapter-12/11-running-config-history.png,ui.transfer.snapshots.running-config-history,documentation_assets/ui/legacy/transfer/snapshots/running-config-history.png,/documentation_assets/ui/legacy/transfer/snapshots/running-config-history.png,book-typst,B09,planned-rewrite,resolved,insert-image,280,"Update exact syntax node, preserving caption, width/alt and other attributes; re-resolve after migration. Project-root path with --root .; book insert-image helper must be pass-through for migrated absolute paths."
00_book/contents/12_truyen_tep_sftp.typ,159,figures/gui/chapter-12/12-running-config-diff.png,ui.transfer.snapshots.running-config-diff,documentation_assets/ui/legacy/transfer/snapshots/running-config-diff.png,/documentation_assets/ui/legacy/transfer/snapshots/running-config-diff.png,book-typst,B09,planned-rewrite,resolved,insert-image,281,"Update exact syntax node, preserving caption, width/alt and other attributes; re-resolve after migration. Project-root path with --root .; book insert-image helper must be pass-through for migrated absolute paths."
00_book/contents/13_xem_system_logs.typ,14,figures/gui/chapter-13/02-listener-status.png,ui.system-logs.listener-status,documentation_assets/ui/legacy/system-logs/listener-status.png,/documentation_assets/ui/legacy/system-logs/listener-status.png,book-typst,B10,planned-rewrite,resolved,insert-image,282,"Update exact syntax node, preserving caption, width/alt and other attributes; re-resolve after migration. Project-root path with --root .; book insert-image helper must be pass-through for migrated absolute paths."
00_book/contents/13_xem_system_logs.typ,29,figures/gui/chapter-13/01-system-logs-overview.png,ui.system-logs.overview,documentation_assets/ui/legacy/system-logs/overview.png,/documentation_assets/ui/legacy/system-logs/overview.png,book-typst,B10,planned-rewrite,resolved,insert-image,283,"Update exact syntax node, preserving caption, width/alt and other attributes; re-resolve after migration. Project-root path with --root .; book insert-image helper must be pass-through for migrated absolute paths."
00_book/contents/13_xem_system_logs.typ,55,figures/gui/chapter-13/04-severity-levels.png,ui.system-logs.severity-levels,documentation_assets/ui/legacy/system-logs/severity-levels.png,/documentation_assets/ui/legacy/system-logs/severity-levels.png,book-typst,B10,planned-rewrite,resolved,insert-image,284,"Update exact syntax node, preserving caption, width/alt and other attributes; re-resolve after migration. Project-root path with --root .; book insert-image helper must be pass-through for migrated absolute paths."
00_book/contents/13_xem_system_logs.typ,62,figures/gui/chapter-13/05-critical-filter-result.png,ui.system-logs.critical-filter-result,documentation_assets/ui/legacy/system-logs/critical-filter-result.png,/documentation_assets/ui/legacy/system-logs/critical-filter-result.png,book-typst,B10,planned-rewrite,resolved,insert-image,285,"Update exact syntax node, preserving caption, width/alt and other attributes; re-resolve after migration. Project-root path with --root .; book insert-image helper must be pass-through for migrated absolute paths."
00_book/contents/13_xem_system_logs.typ,67,figures/gui/chapter-13/03-log-filter-bar.png,ui.system-logs.filter-bar,documentation_assets/ui/legacy/system-logs/filter-bar.png,/documentation_assets/ui/legacy/system-logs/filter-bar.png,book-typst,B10,planned-rewrite,resolved,insert-image,286,"Update exact syntax node, preserving caption, width/alt and other attributes; re-resolve after migration. Project-root path with --root .; book insert-image helper must be pass-through for migrated absolute paths."
00_book/contents/13_xem_system_logs.typ,93,figures/gui/chapter-13/06-smart-filter-builder.png,ui.system-logs.smart-filter-builder,documentation_assets/ui/legacy/system-logs/smart-filter-builder.png,/documentation_assets/ui/legacy/system-logs/smart-filter-builder.png,book-typst,B10,planned-rewrite,resolved,insert-image,287,"Update exact syntax node, preserving caption, width/alt and other attributes; re-resolve after migration. Project-root path with --root .; book insert-image helper must be pass-through for migrated absolute paths."
00_book/contents/13_xem_system_logs.typ,119,figures/gui/chapter-13/07-log-message-details.png,ui.system-logs.message-details,documentation_assets/ui/legacy/system-logs/message-details.png,/documentation_assets/ui/legacy/system-logs/message-details.png,book-typst,B10,planned-rewrite,resolved,insert-image,288,"Update exact syntax node, preserving caption, width/alt and other attributes; re-resolve after migration. Project-root path with --root .; book insert-image helper must be pass-through for migrated absolute paths."
00_book/contents/14_interface_switch_l2.typ,16,figures/gui/chapter-14/02-access-port-form.png,ui.switching.interfaces-l2.access-port-form,documentation_assets/ui/legacy/switching/interfaces-l2/access-port-form.png,/documentation_assets/ui/legacy/switching/interfaces-l2/access-port-form.png,book-typst,B07,planned-rewrite,resolved,insert-image,289,"Update exact syntax node, preserving caption, width/alt and other attributes; re-resolve after migration. Project-root path with --root .; book insert-image helper must be pass-through for migrated absolute paths."
00_book/contents/14_interface_switch_l2.typ,40,figures/gui/chapter-14/03-access-loop-protection.png,ui.switching.interfaces-l2.access-loop-protection,documentation_assets/ui/legacy/switching/interfaces-l2/access-loop-protection.png,/documentation_assets/ui/legacy/switching/interfaces-l2/access-loop-protection.png,book-typst,B07,planned-rewrite,resolved,insert-image,290,"Update exact syntax node, preserving caption, width/alt and other attributes; re-resolve after migration. Project-root path with --root .; book insert-image helper must be pass-through for migrated absolute paths."
00_book/contents/14_interface_switch_l2.typ,55,figures/gui/chapter-14/04-trunk-port-form.png,ui.switching.interfaces-l2.trunk-port-form,documentation_assets/ui/legacy/switching/interfaces-l2/trunk-port-form.png,/documentation_assets/ui/legacy/switching/interfaces-l2/trunk-port-form.png,book-typst,B07,planned-rewrite,resolved,insert-image,291,"Update exact syntax node, preserving caption, width/alt and other attributes; re-resolve after migration. Project-root path with --root .; book insert-image helper must be pass-through for migrated absolute paths."
00_book/contents/14_interface_switch_l2.typ,76,figures/gui/chapter-14/05-trunk-loop-protection.png,ui.switching.interfaces-l2.trunk-loop-protection,documentation_assets/ui/legacy/switching/interfaces-l2/trunk-loop-protection.png,/documentation_assets/ui/legacy/switching/interfaces-l2/trunk-loop-protection.png,book-typst,B07,planned-rewrite,resolved,insert-image,292,"Update exact syntax node, preserving caption, width/alt and other attributes; re-resolve after migration. Project-root path with --root .; book insert-image helper must be pass-through for migrated absolute paths."
00_book/contents/14_interface_switch_l2.typ,85,figures/gui/chapter-14/01-switch-ports-overview.png,ui.switching.interfaces-l2.overview,documentation_assets/ui/legacy/switching/interfaces-l2/overview.png,/documentation_assets/ui/legacy/switching/interfaces-l2/overview.png,book-typst,B07,planned-rewrite,resolved,insert-image,293,"Update exact syntax node, preserving caption, width/alt and other attributes; re-resolve after migration. Project-root path with --root .; book insert-image helper must be pass-through for migrated absolute paths."
00_book/contents/14_interface_switch_l2.typ,94,figures/gui/chapter-14/06-interfaces-view-push.png,ui.switching.interfaces-l2.view-push,documentation_assets/ui/legacy/switching/interfaces-l2/view-push.png,/documentation_assets/ui/legacy/switching/interfaces-l2/view-push.png,book-typst,B07,planned-rewrite,resolved,insert-image,294,"Update exact syntax node, preserving caption, width/alt and other attributes; re-resolve after migration. Project-root path with --root .; book insert-image helper must be pass-through for migrated absolute paths."
00_book/contents/15_vlan_etherchannel_stp_vtp.typ,16,figures/gui/chapter-15/01-vlan-form.png,ui.switching.vlan.form,documentation_assets/ui/legacy/switching/vlan/form.png,/documentation_assets/ui/legacy/switching/vlan/form.png,book-typst,B07,planned-rewrite,resolved,insert-image,295,"Update exact syntax node, preserving caption, width/alt and other attributes; re-resolve after migration. Project-root path with --root .; book insert-image helper must be pass-through for migrated absolute paths."
00_book/contents/15_vlan_etherchannel_stp_vtp.typ,35,figures/gui/chapter-15/03-vlan-view-push.png,ui.switching.vlan.view-push-users,documentation_assets/ui/legacy/switching/vlan/view-push-users.png,/documentation_assets/ui/legacy/switching/vlan/view-push-users.png,book-typst,B07,planned-rewrite,resolved,insert-image,296,"Update exact syntax node, preserving caption, width/alt and other attributes; re-resolve after migration. Project-root path with --root .; book insert-image helper must be pass-through for migrated absolute paths."
00_book/contents/15_vlan_etherchannel_stp_vtp.typ,42,figures/gui/chapter-15/04-etherchannel-form.png,ui.switching.etherchannel.form,documentation_assets/ui/legacy/switching/etherchannel/form.png,/documentation_assets/ui/legacy/switching/etherchannel/form.png,book-typst,B07,planned-rewrite,resolved,insert-image,297,"Update exact syntax node, preserving caption, width/alt and other attributes; re-resolve after migration. Project-root path with --root .; book insert-image helper must be pass-through for migrated absolute paths."
00_book/contents/15_vlan_etherchannel_stp_vtp.typ,61,figures/gui/chapter-15/06-etherchannel-view-push.png,ui.switching.etherchannel.view-push,documentation_assets/ui/legacy/switching/etherchannel/view-push.png,/documentation_assets/ui/legacy/switching/etherchannel/view-push.png,book-typst,B07,planned-rewrite,resolved,insert-image,298,"Update exact syntax node, preserving caption, width/alt and other attributes; re-resolve after migration. Project-root path with --root .; book insert-image helper must be pass-through for migrated absolute paths."
00_book/contents/15_vlan_etherchannel_stp_vtp.typ,72,figures/gui/chapter-15/05-quick-etherchannel.png,ui.switching.etherchannel.quick-link,documentation_assets/ui/legacy/switching/etherchannel/quick-link.png,/documentation_assets/ui/legacy/switching/etherchannel/quick-link.png,book-typst,B07,planned-rewrite,resolved,insert-image,299,"Update exact syntax node, preserving caption, width/alt and other attributes; re-resolve after migration. Project-root path with --root .; book insert-image helper must be pass-through for migrated absolute paths."
00_book/contents/15_vlan_etherchannel_stp_vtp.typ,81,figures/gui/chapter-15/12-quick-etherchannel-peer.png,ui.switching.etherchannel.quick-link-peer,documentation_assets/ui/legacy/switching/etherchannel/quick-link-peer.png,/documentation_assets/ui/legacy/switching/etherchannel/quick-link-peer.png,book-typst,B07,planned-rewrite,resolved,insert-image,300,"Update exact syntax node, preserving caption, width/alt and other attributes; re-resolve after migration. Project-root path with --root .; book insert-image helper must be pass-through for migrated absolute paths."
00_book/contents/15_vlan_etherchannel_stp_vtp.typ,88,figures/gui/chapter-15/13-quick-etherchannel-link-mode.png,ui.switching.etherchannel.quick-link-link-mode,documentation_assets/ui/legacy/switching/etherchannel/quick-link-link-mode.png,/documentation_assets/ui/legacy/switching/etherchannel/quick-link-link-mode.png,book-typst,B07,planned-rewrite,resolved,insert-image,301,"Update exact syntax node, preserving caption, width/alt and other attributes; re-resolve after migration. Project-root path with --root .; book insert-image helper must be pass-through for migrated absolute paths."
00_book/contents/15_vlan_etherchannel_stp_vtp.typ,102,figures/gui/chapter-15/07-stp-form.png,ui.switching.stp.form,documentation_assets/ui/legacy/switching/stp/form.png,/documentation_assets/ui/legacy/switching/stp/form.png,book-typst,B07,planned-rewrite,resolved,insert-image,302,"Update exact syntax node, preserving caption, width/alt and other attributes; re-resolve after migration. Project-root path with --root .; book insert-image helper must be pass-through for migrated absolute paths."
00_book/contents/15_vlan_etherchannel_stp_vtp.typ,120,figures/gui/chapter-15/08-stp-view-push.png,ui.switching.stp.view-push,documentation_assets/ui/legacy/switching/stp/view-push.png,/documentation_assets/ui/legacy/switching/stp/view-push.png,book-typst,B07,planned-rewrite,resolved,insert-image,303,"Update exact syntax node, preserving caption, width/alt and other attributes; re-resolve after migration. Project-root path with --root .; book insert-image helper must be pass-through for migrated absolute paths."
00_book/contents/15_vlan_etherchannel_stp_vtp.typ,129,figures/gui/chapter-15/09-vtp-group-top.png,ui.switching.vtp.group-top,documentation_assets/ui/legacy/switching/vtp/group-top.png,/documentation_assets/ui/legacy/switching/vtp/group-top.png,book-typst,B07,planned-rewrite,resolved,insert-image,304,"Update exact syntax node, preserving caption, width/alt and other attributes; re-resolve after migration. Project-root path with --root .; book insert-image helper must be pass-through for migrated absolute paths."
00_book/contents/15_vlan_etherchannel_stp_vtp.typ,147,figures/gui/chapter-15/10-vtp-member-policy.png,ui.switching.vtp.member-policy,documentation_assets/ui/legacy/switching/vtp/member-policy.png,/documentation_assets/ui/legacy/switching/vtp/member-policy.png,book-typst,B07,planned-rewrite,resolved,insert-image,305,"Update exact syntax node, preserving caption, width/alt and other attributes; re-resolve after migration. Project-root path with --root .; book insert-image helper must be pass-through for migrated absolute paths."
00_book/contents/15_vlan_etherchannel_stp_vtp.typ,158,figures/gui/chapter-15/11-vtp-view-push.png,ui.switching.vtp.view-push,documentation_assets/ui/legacy/switching/vtp/view-push.png,/documentation_assets/ui/legacy/switching/vtp/view-push.png,book-typst,B07,planned-rewrite,resolved,insert-image,306,"Update exact syntax node, preserving caption, width/alt and other attributes; re-resolve after migration. Project-root path with --root .; book insert-image helper must be pass-through for migrated absolute paths."
00_book/contents/16_bao_mat_switch_l2.typ,16,figures/gui/chapter-16/01-vlan-protection.png,ui.switching.security.vlan-protection,documentation_assets/ui/legacy/switching/security/vlan-protection.png,/documentation_assets/ui/legacy/switching/security/vlan-protection.png,book-typst,B08,planned-rewrite,resolved,insert-image,307,"Update exact syntax node, preserving caption, width/alt and other attributes; re-resolve after migration. Project-root path with --root .; book insert-image helper must be pass-through for migrated absolute paths."
00_book/contents/16_bao_mat_switch_l2.typ,29,figures/gui/chapter-16/02-trusted-uplinks.png,ui.switching.security.trusted-uplinks,documentation_assets/ui/legacy/switching/security/trusted-uplinks.png,/documentation_assets/ui/legacy/switching/security/trusted-uplinks.png,book-typst,B08,planned-rewrite,resolved,insert-image,308,"Update exact syntax node, preserving caption, width/alt and other attributes; re-resolve after migration. Project-root path with --root .; book insert-image helper must be pass-through for migrated absolute paths."
00_book/contents/16_bao_mat_switch_l2.typ,51,figures/gui/chapter-16/03-static-mac-form.png,ui.switching.security.static-mac-form,documentation_assets/ui/legacy/switching/security/static-mac-form.png,/documentation_assets/ui/legacy/switching/security/static-mac-form.png,book-typst,B08,planned-rewrite,resolved,insert-image,309,"Update exact syntax node, preserving caption, width/alt and other attributes; re-resolve after migration. Project-root path with --root .; book insert-image helper must be pass-through for migrated absolute paths."
00_book/contents/16_bao_mat_switch_l2.typ,72,figures/gui/chapter-16/04-l2-security-view-push.png,ui.switching.security.view-push,documentation_assets/ui/legacy/switching/security/view-push.png,/documentation_assets/ui/legacy/switching/security/view-push.png,book-typst,B08,planned-rewrite,resolved,insert-image,310,"Update exact syntax node, preserving caption, width/alt and other attributes; re-resolve after migration. Project-root path with --root .; book insert-image helper must be pass-through for migrated absolute paths."
00_book/contents/16_bao_mat_switch_l2.typ,88,figures/gui/chapter-16/05-port-security-form.png,ui.switching.security.port-security-form,documentation_assets/ui/legacy/switching/security/port-security-form.png,/documentation_assets/ui/legacy/switching/security/port-security-form.png,book-typst,B08,planned-rewrite,resolved,insert-image,311,"Update exact syntax node, preserving caption, width/alt and other attributes; re-resolve after migration. Project-root path with --root .; book insert-image helper must be pass-through for migrated absolute paths."
00_book/contents/16_bao_mat_switch_l2.typ,118,figures/gui/chapter-16/07-port-security-view-push.png,ui.switching.security.port-security-view-push,documentation_assets/ui/legacy/switching/security/port-security-view-push.png,/documentation_assets/ui/legacy/switching/security/port-security-view-push.png,book-typst,B08,planned-rewrite,resolved,insert-image,312,"Update exact syntax node, preserving caption, width/alt and other attributes; re-resolve after migration. Project-root path with --root .; book insert-image helper must be pass-through for migrated absolute paths."
00_book/contents/17_giam_sat_switch_l2.typ,12,figures/gui/chapter-17/01-port-counters.png,ui.switching.monitoring.port-counters,documentation_assets/ui/legacy/switching/monitoring/port-counters.png,/documentation_assets/ui/legacy/switching/monitoring/port-counters.png,book-typst,B07,planned-rewrite,resolved,insert-image,313,"Update exact syntax node, preserving caption, width/alt and other attributes; re-resolve after migration. Project-root path with --root .; book insert-image helper must be pass-through for migrated absolute paths."
00_book/contents/17_giam_sat_switch_l2.typ,34,figures/gui/chapter-17/02-mac-address-table.png,ui.switching.monitoring.mac-address-table,documentation_assets/ui/legacy/switching/monitoring/mac-address-table.png,/documentation_assets/ui/legacy/switching/monitoring/mac-address-table.png,book-typst,B07,planned-rewrite,resolved,insert-image,314,"Update exact syntax node, preserving caption, width/alt and other attributes; re-resolve after migration. Project-root path with --root .; book insert-image helper must be pass-through for migrated absolute paths."
00_book/contents/18_interface_switch_l3.typ,20,figures/gui/chapter-18/01-routed-port-form.png,ui.switching.interfaces-l3.routed-port-form,documentation_assets/ui/legacy/switching/interfaces-l3/routed-port-form.png,/documentation_assets/ui/legacy/switching/interfaces-l3/routed-port-form.png,book-typst,B07,planned-rewrite,resolved,insert-image,315,"Update exact syntax node, preserving caption, width/alt and other attributes; re-resolve after migration. Project-root path with --root .; book insert-image helper must be pass-through for migrated absolute paths."
00_book/contents/18_interface_switch_l3.typ,46,figures/gui/chapter-18/03-interfaces-view-push-routed.png,ui.switching.interfaces-l3.interfaces-view-push-routed,documentation_assets/ui/legacy/switching/interfaces-l3/interfaces-view-push-routed.png,/documentation_assets/ui/legacy/switching/interfaces-l3/interfaces-view-push-routed.png,book-typst,B07,planned-rewrite,resolved,insert-image,316,"Update exact syntax node, preserving caption, width/alt and other attributes; re-resolve after migration. Project-root path with --root .; book insert-image helper must be pass-through for migrated absolute paths."
00_book/contents/18_interface_switch_l3.typ,55,figures/gui/chapter-18/04-svi-form.png,ui.switching.interfaces-l3.svi-form,documentation_assets/ui/legacy/switching/interfaces-l3/svi-form.png,/documentation_assets/ui/legacy/switching/interfaces-l3/svi-form.png,book-typst,B07,planned-rewrite,resolved,insert-image,317,"Update exact syntax node, preserving caption, width/alt and other attributes; re-resolve after migration. Project-root path with --root .; book insert-image helper must be pass-through for migrated absolute paths."
00_book/contents/18_interface_switch_l3.typ,79,figures/gui/chapter-18/05-svi-overview-ip-routing.png,ui.switching.interfaces-l3.svi-overview-ip-routing,documentation_assets/ui/legacy/switching/interfaces-l3/svi-overview-ip-routing.png,/documentation_assets/ui/legacy/switching/interfaces-l3/svi-overview-ip-routing.png,book-typst,B07,planned-rewrite,resolved,insert-image,318,"Update exact syntax node, preserving caption, width/alt and other attributes; re-resolve after migration. Project-root path with --root .; book insert-image helper must be pass-through for migrated absolute paths."
00_book/contents/18_interface_switch_l3.typ,88,figures/gui/chapter-18/06-svi-view-push.png,ui.switching.interfaces-l3.svi-view-push,documentation_assets/ui/legacy/switching/interfaces-l3/svi-view-push.png,/documentation_assets/ui/legacy/switching/interfaces-l3/svi-view-push.png,book-typst,B07,planned-rewrite,resolved,insert-image,319,"Update exact syntax node, preserving caption, width/alt and other attributes; re-resolve after migration. Project-root path with --root .; book insert-image helper must be pass-through for migrated absolute paths."
00_book/contents/19_dhcp_acl_switch_l3.typ,16,figures/gui/chapter-19/01-dhcp-pool-form.png,ui.switching.dhcp.pool-form,documentation_assets/ui/legacy/switching/dhcp/pool-form.png,/documentation_assets/ui/legacy/switching/dhcp/pool-form.png,book-typst,B07,planned-rewrite,resolved,insert-image,320,"Update exact syntax node, preserving caption, width/alt and other attributes; re-resolve after migration. Project-root path with --root .; book insert-image helper must be pass-through for migrated absolute paths."
00_book/contents/19_dhcp_acl_switch_l3.typ,44,figures/gui/chapter-19/03-dhcp-server-view-push.png,ui.switching.dhcp.server-view-push,documentation_assets/ui/legacy/switching/dhcp/server-view-push.png,/documentation_assets/ui/legacy/switching/dhcp/server-view-push.png,book-typst,B07,planned-rewrite,resolved,insert-image,321,"Update exact syntax node, preserving caption, width/alt and other attributes; re-resolve after migration. Project-root path with --root .; book insert-image helper must be pass-through for migrated absolute paths."
00_book/contents/19_dhcp_acl_switch_l3.typ,53,figures/gui/chapter-19/04-dhcp-relay-form.png,ui.switching.dhcp.relay-form,documentation_assets/ui/legacy/switching/dhcp/relay-form.png,/documentation_assets/ui/legacy/switching/dhcp/relay-form.png,book-typst,B07,planned-rewrite,resolved,insert-image,322,"Update exact syntax node, preserving caption, width/alt and other attributes; re-resolve after migration. Project-root path with --root .; book insert-image helper must be pass-through for migrated absolute paths."
00_book/contents/19_dhcp_acl_switch_l3.typ,71,figures/gui/chapter-19/05-dhcp-relay-view-push.png,ui.switching.dhcp.relay-view-push,documentation_assets/ui/legacy/switching/dhcp/relay-view-push.png,/documentation_assets/ui/legacy/switching/dhcp/relay-view-push.png,book-typst,B07,planned-rewrite,resolved,insert-image,323,"Update exact syntax node, preserving caption, width/alt and other attributes; re-resolve after migration. Project-root path with --root .; book insert-image helper must be pass-through for migrated absolute paths."
00_book/contents/19_dhcp_acl_switch_l3.typ,80,figures/gui/chapter-19/06-acl-extended-form.png,ui.switching.acl.extended-form,documentation_assets/ui/legacy/switching/acl/extended-form.png,/documentation_assets/ui/legacy/switching/acl/extended-form.png,book-typst,B07,planned-rewrite,resolved,insert-image,324,"Update exact syntax node, preserving caption, width/alt and other attributes; re-resolve after migration. Project-root path with --root .; book insert-image helper must be pass-through for migrated absolute paths."
00_book/contents/19_dhcp_acl_switch_l3.typ,107,figures/gui/chapter-19/07-acl-bindings.png,ui.switching.acl.bindings,documentation_assets/ui/legacy/switching/acl/bindings.png,/documentation_assets/ui/legacy/switching/acl/bindings.png,book-typst,B07,planned-rewrite,resolved,insert-image,325,"Update exact syntax node, preserving caption, width/alt and other attributes; re-resolve after migration. Project-root path with --root .; book insert-image helper must be pass-through for migrated absolute paths."
00_book/contents/19_dhcp_acl_switch_l3.typ,118,figures/gui/chapter-19/08-acl-view-push.png,ui.switching.acl.view-push,documentation_assets/ui/legacy/switching/acl/view-push.png,/documentation_assets/ui/legacy/switching/acl/view-push.png,book-typst,B07,planned-rewrite,resolved,insert-image,326,"Update exact syntax node, preserving caption, width/alt and other attributes; re-resolve after migration. Project-root path with --root .; book insert-image helper must be pass-through for migrated absolute paths."
00_report/README.md,31,../00_book/figures/gui/chapter-03/01-workspace-overview.png,ui.core.workspace-overview,documentation_assets/ui/docshot/core/workspace-overview.png,documentation_assets/ui/docshot/core/workspace-overview.png,other,B03,planned-rewrite,mention-only,path-string,327,Documentation example/mention: update example root and surrounding explanation; not a runtime use. Non-active mention/generator edge: review context separately.
00_report/README.md,58,/00_book/figures/gui/chapter-03/01-workspace-overview.png,ui.core.workspace-overview,documentation_assets/ui/docshot/core/workspace-overview.png,documentation_assets/ui/docshot/core/workspace-overview.png,other,B03,planned-rewrite,mention-only,insert-image,328,Documentation example/mention: update example root and surrounding explanation; not a runtime use. Non-active mention/generator edge: review context separately.
00_report/appendix/appendix_a_cau_truc_du_an.typ,17,/00_book/figures/report/appendix/project-structure.svg,diagrams.architecture.application-source-tree,documentation_assets/diagrams/architecture/application-source-tree.svg,/documentation_assets/diagrams/architecture/application-source-tree.svg,report-typst,B02,planned-rewrite,resolved,typst-image,329,"Update exact syntax node, preserving caption, width/alt and other attributes; re-resolve after migration. Project-root path with --root .; book insert-image helper must be pass-through for migrated absolute paths."
00_report/config/images.typ,3,/00_book/figures/gui/chapter-03/01-workspace-overview.png,ui.core.workspace-overview,documentation_assets/ui/docshot/core/workspace-overview.png,/documentation_assets/ui/docshot/core/workspace-overview.png,report-typst,B03,planned-rewrite,mention-only,insert-image,330,"Update exact syntax node, preserving caption, width/alt and other attributes; re-resolve after migration. Project-root path with --root .; book insert-image helper must be pass-through for migrated absolute paths. Non-active mention/generator edge: review context separately."
00_report/contents/07_phan_tich_thiet_ke.typ,42,/00_book/figures/report/diagrams/22_architecture_overview.svg,diagrams.architecture.cams-layered-system,documentation_assets/diagrams/architecture/cams-layered-system.svg,/documentation_assets/diagrams/architecture/cams-layered-system.svg,report-typst,B02,planned-rewrite,resolved,typst-image,331,"Update exact syntax node, preserving caption, width/alt and other attributes; re-resolve after migration. Project-root path with --root .; book insert-image helper must be pass-through for migrated absolute paths."
00_report/contents/07_phan_tich_thiet_ke.typ,63,/00_book/figures/report/diagrams/02_state_flow.svg,diagrams.workflow.configuration-state-flow,documentation_assets/diagrams/workflow/configuration-state-flow.svg,/documentation_assets/diagrams/workflow/configuration-state-flow.svg,report-typst,B02,planned-rewrite,resolved,typst-image,332,"Update exact syntax node, preserving caption, width/alt and other attributes; re-resolve after migration. Project-root path with --root .; book insert-image helper must be pass-through for migrated absolute paths."
00_report/contents/08_xay_dung_phan_mem.typ,19,/00_book/figures/gui/chapter-03/01-workspace-overview.png,ui.core.workspace-overview,documentation_assets/ui/docshot/core/workspace-overview.png,/documentation_assets/ui/docshot/core/workspace-overview.png,report-typst,B03,planned-rewrite,resolved,typst-image,333,"Update exact syntax node, preserving caption, width/alt and other attributes; re-resolve after migration. Project-root path with --root .; book insert-image helper must be pass-through for migrated absolute paths."
00_report/contents/08_xay_dung_phan_mem.typ,36,/00_book/figures/gui/chapter-12/12-running-config-diff.png,ui.transfer.snapshots.running-config-diff,documentation_assets/ui/legacy/transfer/snapshots/running-config-diff.png,/documentation_assets/ui/legacy/transfer/snapshots/running-config-diff.png,report-typst,B09,planned-rewrite,resolved,typst-image,334,"Update exact syntax node, preserving caption, width/alt and other attributes; re-resolve after migration. Project-root path with --root .; book insert-image helper must be pass-through for migrated absolute paths."
00_report/contents/08_xay_dung_phan_mem.typ,49,/00_book/figures/gui/chapter-05/07-view-push-preview.png,ui.routing.interfaces.view-push,documentation_assets/ui/legacy/routing/interfaces/view-push.png,/documentation_assets/ui/legacy/routing/interfaces/view-push.png,report-typst,B05,planned-rewrite,resolved,typst-image,335,"Update exact syntax node, preserving caption, width/alt and other attributes; re-resolve after migration. Project-root path with --root .; book insert-image helper must be pass-through for migrated absolute paths."
00_report/contents/08_xay_dung_phan_mem.typ,84,/00_book/figures/gui/chapter-13/01-system-logs-overview.png,ui.system-logs.overview,documentation_assets/ui/legacy/system-logs/overview.png,/documentation_assets/ui/legacy/system-logs/overview.png,report-typst,B10,planned-rewrite,resolved,typst-image,336,"Update exact syntax node, preserving caption, width/alt and other attributes; re-resolve after migration. Project-root path with --root .; book insert-image helper must be pass-through for migrated absolute paths."
00_report/contents/08_xay_dung_phan_mem.typ,103,/00_book/figures/gui/chapter-16/04-l2-security-view-push.png,ui.switching.security.view-push,documentation_assets/ui/legacy/switching/security/view-push.png,/documentation_assets/ui/legacy/switching/security/view-push.png,report-typst,B08,planned-rewrite,resolved,typst-image,337,"Update exact syntax node, preserving caption, width/alt and other attributes; re-resolve after migration. Project-root path with --root .; book insert-image helper must be pass-through for migrated absolute paths."
00_report/contents/08_xay_dung_phan_mem.typ,114,/00_book/figures/gui/chapter-13/05-critical-filter-result.png,ui.system-logs.critical-filter-result,documentation_assets/ui/legacy/system-logs/critical-filter-result.png,/documentation_assets/ui/legacy/system-logs/critical-filter-result.png,report-typst,B10,planned-rewrite,resolved,typst-image,338,"Update exact syntax node, preserving caption, width/alt and other attributes; re-resolve after migration. Project-root path with --root .; book insert-image helper must be pass-through for migrated absolute paths."
00_report/contents/08_xay_dung_phan_mem.typ,131,/00_book/figures/report/misc/xxd-ntp.png,evidence.project-format.encrypted-package-hex-header,documentation_assets/evidence/terminal/original/project-format/encrypted-package-hex-header.png,/documentation_assets/evidence/terminal/original/project-format/encrypted-package-hex-header.png,report-typst,B16,review-required,resolved,typst-image,339,"Update exact syntax node, preserving caption, width/alt and other attributes; re-resolve after migration. Project-root path with --root .; book insert-image helper must be pass-through for migrated absolute paths."
00_report/contents/09_thu_nghiem_danh_gia.typ,41,/00_book/figures/report/diagrams/LAB_KICH_BAN_1.svg,diagrams.lab-topology.switching.layer-two-security,documentation_assets/diagrams/lab-topology/switching/layer-two-security.svg,/documentation_assets/diagrams/lab-topology/switching/layer-two-security.svg,report-typst,B02,planned-rewrite,resolved,typst-image,340,"Update exact syntax node, preserving caption, width/alt and other attributes; re-resolve after migration. Project-root path with --root .; book insert-image helper must be pass-through for migrated absolute paths."
00_report/contents/09_thu_nghiem_danh_gia.typ,56,/00_book/figures/report/diagrams/switching-lab/1_16.png,evidence.switching.vtp-group-identity,documentation_assets/evidence/ui-capture/original/switching-lab/vtp-group-identity.png,/documentation_assets/evidence/ui-capture/original/switching-lab/vtp-group-identity.png,report-typst,B11,review-required,resolved,typst-image,341,"Update exact syntax node, preserving caption, width/alt and other attributes; re-resolve after migration. Project-root path with --root .; book insert-image helper must be pass-through for migrated absolute paths."
00_report/contents/09_thu_nghiem_danh_gia.typ,66,/00_book/figures/report/diagrams/switching-lab/1_20.png,evidence.switching.vlan-view-push,documentation_assets/evidence/ui-capture/original/switching-lab/vlan-view-push.png,/documentation_assets/evidence/ui-capture/original/switching-lab/vlan-view-push.png,report-typst,B11,review-required,resolved,typst-image,342,"Update exact syntax node, preserving caption, width/alt and other attributes; re-resolve after migration. Project-root path with --root .; book insert-image helper must be pass-through for migrated absolute paths."
00_report/contents/09_thu_nghiem_danh_gia.typ,76,/00_book/figures/report/diagrams/switching-lab/1_3.png,evidence.switching.etherchannel-view-push,documentation_assets/evidence/ui-capture/original/switching-lab/etherchannel-view-push.png,/documentation_assets/evidence/ui-capture/original/switching-lab/etherchannel-view-push.png,report-typst,B11,review-required,resolved,typst-image,343,"Update exact syntax node, preserving caption, width/alt and other attributes; re-resolve after migration. Project-root path with --root .; book insert-image helper must be pass-through for migrated absolute paths."
00_report/contents/09_thu_nghiem_danh_gia.typ,86,/00_book/figures/report/diagrams/switching-lab/1_21.png,evidence.switching.vlan-security-policy,documentation_assets/evidence/ui-capture/original/switching-lab/vlan-security-policy.png,/documentation_assets/evidence/ui-capture/original/switching-lab/vlan-security-policy.png,report-typst,B11,review-required,resolved,typst-image,344,"Update exact syntax node, preserving caption, width/alt and other attributes; re-resolve after migration. Project-root path with --root .; book insert-image helper must be pass-through for migrated absolute paths."
00_report/contents/09_thu_nghiem_danh_gia.typ,96,/00_book/figures/report/diagrams/switching-lab/1_25.png,evidence.switching.port-security-view-push,documentation_assets/evidence/ui-capture/original/switching-lab/port-security-view-push.png,/documentation_assets/evidence/ui-capture/original/switching-lab/port-security-view-push.png,report-typst,B11,review-required,resolved,typst-image,345,"Update exact syntax node, preserving caption, width/alt and other attributes; re-resolve after migration. Project-root path with --root .; book insert-image helper must be pass-through for migrated absolute paths."
00_report/contents/09_thu_nghiem_danh_gia.typ,118,/00_book/figures/report/diagrams/switching-lab/1_30.png,evidence.switching.multi-switch-etherchannel-verification,documentation_assets/evidence/terminal/original/switching-lab/multi-switch-etherchannel-verification.png,/documentation_assets/evidence/terminal/original/switching-lab/multi-switch-etherchannel-verification.png,report-typst,B11,review-required,resolved,typst-image,346,"Update exact syntax node, preserving caption, width/alt and other attributes; re-resolve after migration. Project-root path with --root .; book insert-image helper must be pass-through for migrated absolute paths."
00_report/contents/09_thu_nghiem_danh_gia.typ,153,/00_book/figures/report/diagrams/LAB_2-report.png,diagrams.lab-topology.routing-ospf.multi-area-branches-raster,documentation_assets/diagrams/lab-topology/routing-ospf/multi-area-branches-raster.png,/documentation_assets/diagrams/lab-topology/routing-ospf/multi-area-branches-raster.png,report-typst,B02,review-required,resolved,typst-image,347,"Update exact syntax node, preserving caption, width/alt and other attributes; re-resolve after migration. Project-root path with --root .; book insert-image helper must be pass-through for migrated absolute paths."
00_report/contents/09_thu_nghiem_danh_gia.typ,186,/00_book/figures/report/diagrams/routing-ospf-lab/1.png,evidence.routing-ospf.router-interfaces-overview,documentation_assets/evidence/ui-capture/original/routing-ospf-lab/router-interfaces-overview.png,/documentation_assets/evidence/ui-capture/original/routing-ospf-lab/router-interfaces-overview.png,report-typst,B12,review-required,resolved,typst-image,348,"Update exact syntax node, preserving caption, width/alt and other attributes; re-resolve after migration. Project-root path with --root .; book insert-image helper must be pass-through for migrated absolute paths."
00_report/contents/09_thu_nghiem_danh_gia.typ,196,/00_book/figures/report/diagrams/routing-ospf-lab/10.png,evidence.routing-ospf.routing-group-hosts,documentation_assets/evidence/ui-capture/original/routing-ospf-lab/routing-group-hosts.png,/documentation_assets/evidence/ui-capture/original/routing-ospf-lab/routing-group-hosts.png,report-typst,B12,review-required,resolved,typst-image,349,"Update exact syntax node, preserving caption, width/alt and other attributes; re-resolve after migration. Project-root path with --root .; book insert-image helper must be pass-through for migrated absolute paths."
00_report/contents/09_thu_nghiem_danh_gia.typ,204,/00_book/figures/report/diagrams/routing-ospf-lab/11.png,evidence.routing-ospf.routing-group-networks,documentation_assets/evidence/ui-capture/original/routing-ospf-lab/routing-group-networks.png,/documentation_assets/evidence/ui-capture/original/routing-ospf-lab/routing-group-networks.png,report-typst,B12,review-required,resolved,typst-image,350,"Update exact syntax node, preserving caption, width/alt and other attributes; re-resolve after migration. Project-root path with --root .; book insert-image helper must be pass-through for migrated absolute paths."
00_report/contents/09_thu_nghiem_danh_gia.typ,238,/00_book/figures/report/diagrams/routing-ospf-lab/16.png,evidence.routing-ospf.r2-process,documentation_assets/evidence/ui-capture/original/routing-ospf-lab/r2-process.png,/documentation_assets/evidence/ui-capture/original/routing-ospf-lab/r2-process.png,report-typst,B12,review-required,resolved,typst-image,351,"Update exact syntax node, preserving caption, width/alt and other attributes; re-resolve after migration. Project-root path with --root .; book insert-image helper must be pass-through for migrated absolute paths."
00_report/contents/09_thu_nghiem_danh_gia.typ,251,/00_book/figures/report/diagrams/routing-ospf-lab/14.png,evidence.routing-ospf.routing-group-push-progress,documentation_assets/evidence/ui-capture/original/routing-ospf-lab/routing-group-push-progress.png,/documentation_assets/evidence/ui-capture/original/routing-ospf-lab/routing-group-push-progress.png,report-typst,B12,review-required,resolved,typst-image,352,"Update exact syntax node, preserving caption, width/alt and other attributes; re-resolve after migration. Project-root path with --root .; book insert-image helper must be pass-through for migrated absolute paths."
00_report/contents/09_thu_nghiem_danh_gia.typ,276,/00_book/figures/report/diagrams/routing-ospf-lab/12.png,evidence.routing-ospf.multi-router-ospf-running-config,documentation_assets/evidence/terminal/original/routing-ospf-lab/multi-router-ospf-running-config.png,/documentation_assets/evidence/terminal/original/routing-ospf-lab/multi-router-ospf-running-config.png,report-typst,B12,review-required,resolved,typst-image,353,"Update exact syntax node, preserving caption, width/alt and other attributes; re-resolve after migration. Project-root path with --root .; book insert-image helper must be pass-through for migrated absolute paths."
00_report/contents/09_thu_nghiem_danh_gia.typ,286,/00_book/figures/report/diagrams/routing-ospf-lab/18.png,evidence.routing-ospf.r2-ospf-routing-verification,documentation_assets/evidence/terminal/original/routing-ospf-lab/r2-ospf-routing-verification.png,/documentation_assets/evidence/terminal/original/routing-ospf-lab/r2-ospf-routing-verification.png,report-typst,B12,review-required,resolved,typst-image,354,"Update exact syntax node, preserving caption, width/alt and other attributes; re-resolve after migration. Project-root path with --root .; book insert-image helper must be pass-through for migrated absolute paths."
00_report/contents/09_thu_nghiem_danh_gia.typ,302,/00_book/figures/report/diagrams/routing-ospf-lab/25.png,evidence.routing-ospf.vpc11-ping-verification,documentation_assets/evidence/connectivity/original/routing-ospf-lab/vpc11-ping-verification.png,/documentation_assets/evidence/connectivity/original/routing-ospf-lab/vpc11-ping-verification.png,report-typst,B12,review-required,resolved,typst-image,355,"Update exact syntax node, preserving caption, width/alt and other attributes; re-resolve after migration. Project-root path with --root .; book insert-image helper must be pass-through for migrated absolute paths."
00_report/contents/09_thu_nghiem_danh_gia.typ,337,/00_book/figures/report/diagrams/fhrp-nat-dhcp-lab/fhrp-nat-dhcp-report.png,diagrams.lab-topology.fhrp-nat-dhcp.glbp-dhcp-pat-raster,documentation_assets/diagrams/lab-topology/fhrp-nat-dhcp/glbp-dhcp-pat-raster.png,/documentation_assets/diagrams/lab-topology/fhrp-nat-dhcp/glbp-dhcp-pat-raster.png,report-typst,B13,review-required,resolved,typst-image,356,"Update exact syntax node, preserving caption, width/alt and other attributes; re-resolve after migration. Project-root path with --root .; book insert-image helper must be pass-through for migrated absolute paths."
00_report/contents/09_thu_nghiem_danh_gia.typ,372,/00_book/figures/report/diagrams/fhrp-nat-dhcp-lab/01-nat-interfaces.png,evidence.fhrp-nat-dhcp.nat-interfaces,documentation_assets/evidence/ui-capture/original/fhrp-nat-dhcp-lab/nat-interfaces.png,/documentation_assets/evidence/ui-capture/original/fhrp-nat-dhcp-lab/nat-interfaces.png,report-typst,B13,review-required,resolved,typst-image,357,"Update exact syntax node, preserving caption, width/alt and other attributes; re-resolve after migration. Project-root path with --root .; book insert-image helper must be pass-through for migrated absolute paths."
00_report/contents/09_thu_nghiem_danh_gia.typ,383,/00_book/figures/report/diagrams/fhrp-nat-dhcp-lab/02-nat-acl.png,evidence.fhrp-nat-dhcp.nat-acl,documentation_assets/evidence/ui-capture/original/fhrp-nat-dhcp-lab/nat-acl.png,/documentation_assets/evidence/ui-capture/original/fhrp-nat-dhcp-lab/nat-acl.png,report-typst,B13,review-required,resolved,typst-image,358,"Update exact syntax node, preserving caption, width/alt and other attributes; re-resolve after migration. Project-root path with --root .; book insert-image helper must be pass-through for migrated absolute paths."
00_report/contents/09_thu_nghiem_danh_gia.typ,390,/00_book/figures/report/diagrams/fhrp-nat-dhcp-lab/03-nat-config-preview.png,evidence.fhrp-nat-dhcp.nat-config-preview,documentation_assets/evidence/ui-capture/original/fhrp-nat-dhcp-lab/nat-config-preview.png,/documentation_assets/evidence/ui-capture/original/fhrp-nat-dhcp-lab/nat-config-preview.png,report-typst,B13,review-required,resolved,typst-image,359,"Update exact syntax node, preserving caption, width/alt and other attributes; re-resolve after migration. Project-root path with --root .; book insert-image helper must be pass-through for migrated absolute paths."
00_report/contents/09_thu_nghiem_danh_gia.typ,406,/00_book/figures/report/diagrams/fhrp-nat-dhcp-lab/04-nat-pat.png,evidence.fhrp-nat-dhcp.nat-pat,documentation_assets/evidence/ui-capture/original/fhrp-nat-dhcp-lab/nat-pat.png,/documentation_assets/evidence/ui-capture/original/fhrp-nat-dhcp-lab/nat-pat.png,report-typst,B13,review-required,resolved,typst-image,360,"Update exact syntax node, preserving caption, width/alt and other attributes; re-resolve after migration. Project-root path with --root .; book insert-image helper must be pass-through for migrated absolute paths."
00_report/contents/09_thu_nghiem_danh_gia.typ,413,/00_book/figures/report/diagrams/fhrp-nat-dhcp-lab/05-nat-pat-preview.png,evidence.fhrp-nat-dhcp.nat-pat-preview,documentation_assets/evidence/ui-capture/original/fhrp-nat-dhcp-lab/nat-pat-preview.png,/documentation_assets/evidence/ui-capture/original/fhrp-nat-dhcp-lab/nat-pat-preview.png,report-typst,B13,review-required,resolved,typst-image,361,"Update exact syntax node, preserving caption, width/alt and other attributes; re-resolve after migration. Project-root path with --root .; book insert-image helper must be pass-through for migrated absolute paths."
00_report/contents/09_thu_nghiem_danh_gia.typ,428,/00_book/figures/report/diagrams/fhrp-nat-dhcp-lab/06-nat-interface-verify.png,evidence.fhrp-nat-dhcp.nat-interface-verify,documentation_assets/evidence/terminal/original/fhrp-nat-dhcp-lab/nat-interface-verify.png,/documentation_assets/evidence/terminal/original/fhrp-nat-dhcp-lab/nat-interface-verify.png,report-typst,B13,review-required,resolved,typst-image,362,"Update exact syntax node, preserving caption, width/alt and other attributes; re-resolve after migration. Project-root path with --root .; book insert-image helper must be pass-through for migrated absolute paths."
00_report/contents/09_thu_nghiem_danh_gia.typ,435,/00_book/figures/report/diagrams/fhrp-nat-dhcp-lab/07-nat-config-verify.png,evidence.fhrp-nat-dhcp.nat-config-verify,documentation_assets/evidence/terminal/original/fhrp-nat-dhcp-lab/nat-config-verify.png,/documentation_assets/evidence/terminal/original/fhrp-nat-dhcp-lab/nat-config-verify.png,report-typst,B13,review-required,resolved,typst-image,363,"Update exact syntax node, preserving caption, width/alt and other attributes; re-resolve after migration. Project-root path with --root .; book insert-image helper must be pass-through for migrated absolute paths."
00_report/contents/09_thu_nghiem_danh_gia.typ,444,/00_book/figures/report/diagrams/fhrp-nat-dhcp-lab/08-glbp-setup.png,evidence.fhrp-nat-dhcp.glbp-setup,documentation_assets/evidence/ui-capture/original/fhrp-nat-dhcp-lab/glbp-setup.png,/documentation_assets/evidence/ui-capture/original/fhrp-nat-dhcp-lab/glbp-setup.png,report-typst,B13,review-required,resolved,typst-image,364,"Update exact syntax node, preserving caption, width/alt and other attributes; re-resolve after migration. Project-root path with --root .; book insert-image helper must be pass-through for migrated absolute paths."
00_report/contents/09_thu_nghiem_danh_gia.typ,451,/00_book/figures/report/diagrams/fhrp-nat-dhcp-lab/09-glbp-member-policy.png,evidence.fhrp-nat-dhcp.glbp-member-policy,documentation_assets/evidence/ui-capture/original/fhrp-nat-dhcp-lab/glbp-member-policy.png,/documentation_assets/evidence/ui-capture/original/fhrp-nat-dhcp-lab/glbp-member-policy.png,report-typst,B13,review-required,resolved,typst-image,365,"Update exact syntax node, preserving caption, width/alt and other attributes; re-resolve after migration. Project-root path with --root .; book insert-image helper must be pass-through for migrated absolute paths."
00_report/contents/09_thu_nghiem_danh_gia.typ,458,/00_book/figures/report/diagrams/fhrp-nat-dhcp-lab/10-glbp-config-preview.png,evidence.fhrp-nat-dhcp.glbp-config-preview,documentation_assets/evidence/ui-capture/original/fhrp-nat-dhcp-lab/glbp-config-preview.png,/documentation_assets/evidence/ui-capture/original/fhrp-nat-dhcp-lab/glbp-config-preview.png,report-typst,B13,review-required,resolved,typst-image,366,"Update exact syntax node, preserving caption, width/alt and other attributes; re-resolve after migration. Project-root path with --root .; book insert-image helper must be pass-through for migrated absolute paths."
00_report/contents/09_thu_nghiem_danh_gia.typ,469,/00_book/figures/report/diagrams/fhrp-nat-dhcp-lab/11-dhcp-pool.png,evidence.fhrp-nat-dhcp.dhcp-pool,documentation_assets/evidence/ui-capture/original/fhrp-nat-dhcp-lab/dhcp-pool.png,/documentation_assets/evidence/ui-capture/original/fhrp-nat-dhcp-lab/dhcp-pool.png,report-typst,B13,review-required,resolved,typst-image,367,"Update exact syntax node, preserving caption, width/alt and other attributes; re-resolve after migration. Project-root path with --root .; book insert-image helper must be pass-through for migrated absolute paths."
00_report/contents/09_thu_nghiem_danh_gia.typ,476,/00_book/figures/report/diagrams/fhrp-nat-dhcp-lab/13-dhcp-config-preview.png,evidence.fhrp-nat-dhcp.dhcp-config-preview,documentation_assets/evidence/ui-capture/original/fhrp-nat-dhcp-lab/dhcp-config-preview.png,/documentation_assets/evidence/ui-capture/original/fhrp-nat-dhcp-lab/dhcp-config-preview.png,report-typst,B13,review-required,resolved,typst-image,368,"Update exact syntax node, preserving caption, width/alt and other attributes; re-resolve after migration. Project-root path with --root .; book insert-image helper must be pass-through for migrated absolute paths."
00_report/contents/09_thu_nghiem_danh_gia.typ,494,/00_book/figures/report/diagrams/fhrp-nat-dhcp-lab/14-dhcp-glbp-r1-verify.png,evidence.fhrp-nat-dhcp.dhcp-glbp-r1-verify,documentation_assets/evidence/terminal/original/fhrp-nat-dhcp-lab/dhcp-glbp-r1-verify.png,/documentation_assets/evidence/terminal/original/fhrp-nat-dhcp-lab/dhcp-glbp-r1-verify.png,report-typst,B13,review-required,resolved,typst-image,369,"Update exact syntax node, preserving caption, width/alt and other attributes; re-resolve after migration. Project-root path with --root .; book insert-image helper must be pass-through for migrated absolute paths."
00_report/contents/09_thu_nghiem_danh_gia.typ,501,/00_book/figures/report/diagrams/fhrp-nat-dhcp-lab/15-glbp-r2-verify.png,evidence.fhrp-nat-dhcp.glbp-r2-verify,documentation_assets/evidence/terminal/original/fhrp-nat-dhcp-lab/glbp-r2-verify.png,/documentation_assets/evidence/terminal/original/fhrp-nat-dhcp-lab/glbp-r2-verify.png,report-typst,B13,review-required,resolved,typst-image,370,"Update exact syntax node, preserving caption, width/alt and other attributes; re-resolve after migration. Project-root path with --root .; book insert-image helper must be pass-through for migrated absolute paths."
00_report/contents/09_thu_nghiem_danh_gia.typ,510,/00_book/figures/report/diagrams/fhrp-nat-dhcp-lab/16-client-connectivity-test.png,evidence.fhrp-nat-dhcp.client-connectivity-test,documentation_assets/evidence/connectivity/original/fhrp-nat-dhcp-lab/client-connectivity-test.png,/documentation_assets/evidence/connectivity/original/fhrp-nat-dhcp-lab/client-connectivity-test.png,report-typst,B13,review-required,resolved,typst-image,371,"Update exact syntax node, preserving caption, width/alt and other attributes; re-resolve after migration. Project-root path with --root .; book insert-image helper must be pass-through for migrated absolute paths."
00_report/contents/09_thu_nghiem_danh_gia.typ,528,/00_book/figures/report/diagrams/syslog-lab/syslog-lab-topology-report.png,diagrams.lab-topology.syslog.centralized-logging-raster,documentation_assets/diagrams/lab-topology/syslog/centralized-logging-raster.png,/documentation_assets/diagrams/lab-topology/syslog/centralized-logging-raster.png,report-typst,B14,review-required,resolved,typst-image,372,"Update exact syntax node, preserving caption, width/alt and other attributes; re-resolve after migration. Project-root path with --root .; book insert-image helper must be pass-through for migrated absolute paths."
00_report/contents/09_thu_nghiem_danh_gia.typ,575,/00_book/figures/report/diagrams/syslog-lab/01-syslog-configuration.png,evidence.syslog.configuration,documentation_assets/evidence/ui-capture/original/syslog-lab/configuration.png,/documentation_assets/evidence/ui-capture/original/syslog-lab/configuration.png,report-typst,B14,review-required,resolved,typst-image,373,"Update exact syntax node, preserving caption, width/alt and other attributes; re-resolve after migration. Project-root path with --root .; book insert-image helper must be pass-through for migrated absolute paths."
00_report/contents/09_thu_nghiem_danh_gia.typ,586,/00_book/figures/report/diagrams/syslog-lab/02-syslog-select-hosts.png,evidence.syslog.select-hosts,documentation_assets/evidence/ui-capture/original/syslog-lab/select-hosts.png,/documentation_assets/evidence/ui-capture/original/syslog-lab/select-hosts.png,report-typst,B14,review-required,resolved,typst-image,374,"Update exact syntax node, preserving caption, width/alt and other attributes; re-resolve after migration. Project-root path with --root .; book insert-image helper must be pass-through for migrated absolute paths."
00_report/contents/09_thu_nghiem_danh_gia.typ,597,/00_book/figures/report/diagrams/syslog-lab/03-syslog-source-interfaces.png,evidence.syslog.source-interfaces,documentation_assets/evidence/ui-capture/original/syslog-lab/source-interfaces.png,/documentation_assets/evidence/ui-capture/original/syslog-lab/source-interfaces.png,report-typst,B14,review-required,resolved,typst-image,375,"Update exact syntax node, preserving caption, width/alt and other attributes; re-resolve after migration. Project-root path with --root .; book insert-image helper must be pass-through for migrated absolute paths."
00_report/contents/09_thu_nghiem_danh_gia.typ,608,/00_book/figures/report/diagrams/syslog-lab/04-syslog-policy.png,evidence.syslog.policy,documentation_assets/evidence/ui-capture/original/syslog-lab/policy.png,/documentation_assets/evidence/ui-capture/original/syslog-lab/policy.png,report-typst,B14,review-required,resolved,typst-image,376,"Update exact syntax node, preserving caption, width/alt and other attributes; re-resolve after migration. Project-root path with --root .; book insert-image helper must be pass-through for migrated absolute paths."
00_report/contents/09_thu_nghiem_danh_gia.typ,619,/00_book/figures/report/diagrams/syslog-lab/05-syslog-config-preview.png,evidence.syslog.config-preview,documentation_assets/evidence/ui-capture/original/syslog-lab/config-preview.png,/documentation_assets/evidence/ui-capture/original/syslog-lab/config-preview.png,report-typst,B14,review-required,resolved,typst-image,377,"Update exact syntax node, preserving caption, width/alt and other attributes; re-resolve after migration. Project-root path with --root .; book insert-image helper must be pass-through for migrated absolute paths."
00_report/contents/09_thu_nghiem_danh_gia.typ,638,/00_book/figures/report/diagrams/syslog-lab/06-syslog-r1-verify.png,evidence.syslog.r1-verify,documentation_assets/evidence/terminal/original/syslog-lab/r1-verify.png,/documentation_assets/evidence/terminal/original/syslog-lab/r1-verify.png,report-typst,B14,review-required,resolved,typst-image,378,"Update exact syntax node, preserving caption, width/alt and other attributes; re-resolve after migration. Project-root path with --root .; book insert-image helper must be pass-through for migrated absolute paths."
00_report/contents/09_thu_nghiem_danh_gia.typ,643,/00_book/figures/report/diagrams/syslog-lab/07-syslog-r2-verify.png,evidence.syslog.r2-verify,documentation_assets/evidence/terminal/original/syslog-lab/r2-verify.png,/documentation_assets/evidence/terminal/original/syslog-lab/r2-verify.png,report-typst,B14,review-required,resolved,typst-image,379,"Update exact syntax node, preserving caption, width/alt and other attributes; re-resolve after migration. Project-root path with --root .; book insert-image helper must be pass-through for migrated absolute paths."
00_report/contents/09_thu_nghiem_danh_gia.typ,648,/00_book/figures/report/diagrams/syslog-lab/08-syslog-r3-verify.png,evidence.syslog.r3-verify,documentation_assets/evidence/terminal/original/syslog-lab/r3-verify.png,/documentation_assets/evidence/terminal/original/syslog-lab/r3-verify.png,report-typst,B14,review-required,resolved,typst-image,380,"Update exact syntax node, preserving caption, width/alt and other attributes; re-resolve after migration. Project-root path with --root .; book insert-image helper must be pass-through for migrated absolute paths."
00_report/contents/09_thu_nghiem_danh_gia.typ,655,/00_book/figures/report/diagrams/syslog-lab/09-syslog-sw1-verify.png,evidence.syslog.sw1-verify,documentation_assets/evidence/terminal/original/syslog-lab/sw1-verify.png,/documentation_assets/evidence/terminal/original/syslog-lab/sw1-verify.png,report-typst,B14,review-required,resolved,typst-image,381,"Update exact syntax node, preserving caption, width/alt and other attributes; re-resolve after migration. Project-root path with --root .; book insert-image helper must be pass-through for migrated absolute paths."
00_report/contents/09_thu_nghiem_danh_gia.typ,666,/00_book/figures/report/diagrams/syslog-lab/10-syslog-listener-before-start.png,evidence.syslog.listener-before-start,documentation_assets/evidence/ui-capture/original/syslog-lab/listener-before-start.png,/documentation_assets/evidence/ui-capture/original/syslog-lab/listener-before-start.png,report-typst,B14,review-required,resolved,typst-image,382,"Update exact syntax node, preserving caption, width/alt and other attributes; re-resolve after migration. Project-root path with --root .; book insert-image helper must be pass-through for migrated absolute paths."
00_report/contents/09_thu_nghiem_danh_gia.typ,673,/00_book/figures/report/diagrams/syslog-lab/11-syslog-listener-receiving.png,evidence.syslog.listener-receiving,documentation_assets/evidence/ui-capture/original/syslog-lab/listener-receiving.png,/documentation_assets/evidence/ui-capture/original/syslog-lab/listener-receiving.png,report-typst,B14,review-required,resolved,typst-image,383,"Update exact syntax node, preserving caption, width/alt and other attributes; re-resolve after migration. Project-root path with --root .; book insert-image helper must be pass-through for migrated absolute paths."
00_report/contents/09_thu_nghiem_danh_gia.typ,684,/00_book/figures/report/diagrams/syslog-lab/12-syslog-message-detail.png,evidence.syslog.message-detail,documentation_assets/evidence/ui-capture/original/syslog-lab/message-detail.png,/documentation_assets/evidence/ui-capture/original/syslog-lab/message-detail.png,report-typst,B14,review-required,resolved,typst-image,384,"Update exact syntax node, preserving caption, width/alt and other attributes; re-resolve after migration. Project-root path with --root .; book insert-image helper must be pass-through for migrated absolute paths."
00_report/contents/09_thu_nghiem_danh_gia.typ,700,/00_book/figures/report/diagrams/syslog-lab/13-syslog-r1-device-logs.png,evidence.syslog.r1-device-logs,documentation_assets/evidence/syslog/original/syslog-lab/r1-device-logs.png,/documentation_assets/evidence/syslog/original/syslog-lab/r1-device-logs.png,report-typst,B14,review-required,resolved,typst-image,385,"Update exact syntax node, preserving caption, width/alt and other attributes; re-resolve after migration. Project-root path with --root .; book insert-image helper must be pass-through for migrated absolute paths."
00_report/contents/09_thu_nghiem_danh_gia.typ,705,/00_book/figures/report/diagrams/syslog-lab/14-syslog-r2-device-logs.png,evidence.syslog.r2-device-logs,documentation_assets/evidence/syslog/original/syslog-lab/r2-device-logs.png,/documentation_assets/evidence/syslog/original/syslog-lab/r2-device-logs.png,report-typst,B14,review-required,resolved,typst-image,386,"Update exact syntax node, preserving caption, width/alt and other attributes; re-resolve after migration. Project-root path with --root .; book insert-image helper must be pass-through for migrated absolute paths."
00_report/contents/09_thu_nghiem_danh_gia.typ,710,/00_book/figures/report/diagrams/syslog-lab/15-syslog-r3-device-logs.png,evidence.syslog.r3-device-logs,documentation_assets/evidence/syslog/original/syslog-lab/r3-device-logs.png,/documentation_assets/evidence/syslog/original/syslog-lab/r3-device-logs.png,report-typst,B14,review-required,resolved,typst-image,387,"Update exact syntax node, preserving caption, width/alt and other attributes; re-resolve after migration. Project-root path with --root .; book insert-image helper must be pass-through for migrated absolute paths."
00_report/contents/09_thu_nghiem_danh_gia.typ,715,/00_book/figures/report/diagrams/syslog-lab/16-syslog-sw1-device-logs.png,evidence.syslog.sw1-device-logs,documentation_assets/evidence/syslog/original/syslog-lab/sw1-device-logs.png,/documentation_assets/evidence/syslog/original/syslog-lab/sw1-device-logs.png,report-typst,B14,review-required,resolved,typst-image,388,"Update exact syntax node, preserving caption, width/alt and other attributes; re-resolve after migration. Project-root path with --root .; book insert-image helper must be pass-through for migrated absolute paths."
00_report/contents/09_thu_nghiem_danh_gia.typ,726,/00_book/figures/report/diagrams/syslog-lab/17-email-alert-settings.png,evidence.syslog.email-alert-settings,documentation_assets/evidence/ui-capture/original/syslog-lab/email-alert-settings.png,/documentation_assets/evidence/ui-capture/original/syslog-lab/email-alert-settings.png,report-typst,B14,review-required,resolved,typst-image,389,"Update exact syntax node, preserving caption, width/alt and other attributes; re-resolve after migration. Project-root path with --root .; book insert-image helper must be pass-through for migrated absolute paths."
00_report/contents/09_thu_nghiem_danh_gia.typ,743,/00_book/figures/report/diagrams/syslog-lab/18-email-critical.png,evidence.syslog.email-critical,documentation_assets/evidence/external-tools/original/syslog-lab/email-critical.png,/documentation_assets/evidence/external-tools/original/syslog-lab/email-critical.png,report-typst,B14,review-required,resolved,typst-image,390,"Update exact syntax node, preserving caption, width/alt and other attributes; re-resolve after migration. Project-root path with --root .; book insert-image helper must be pass-through for migrated absolute paths."
00_report/contents/09_thu_nghiem_danh_gia.typ,750,/00_book/figures/report/diagrams/syslog-lab/19-email-warning.png,evidence.syslog.email-warning,documentation_assets/evidence/external-tools/original/syslog-lab/email-warning.png,/documentation_assets/evidence/external-tools/original/syslog-lab/email-warning.png,report-typst,B14,review-required,resolved,typst-image,391,"Update exact syntax node, preserving caption, width/alt and other attributes; re-resolve after migration. Project-root path with --root .; book insert-image helper must be pass-through for migrated absolute paths."
MKDOCS.md,27,../figures/gui/chapter-03/01-workspace-overview.png,ui.core.workspace-overview,documentation_assets/ui/docshot/core/workspace-overview.png,documentation_assets/ui/docshot/core/workspace-overview.png,other,B03,planned-rewrite,broken-local,markdown-image,392,Documentation example/mention: update example root and surrounding explanation; not a runtime use.
README.en.md,4,UI/resources/brand/logo_readme.svg,,,UI/resources/brand/logo_readme.svg,other,retain,retain-out-of-scope,resolved-outside-inventory,html-img,393,Outside documentation inventory or dynamic pattern; no blind string replacement.
README.en.md,6,UI/resources/brand/name.svg,,,UI/resources/brand/name.svg,other,retain,retain-out-of-scope,resolved-outside-inventory,html-img,394,Outside documentation inventory or dynamic pattern; no blind string replacement.
README.en.md,18,UI/resources/brand/stats-dark.svg,,,UI/resources/brand/stats-dark.svg,other,retain,retain-out-of-scope,resolved-outside-inventory,html-img,395,Outside documentation inventory or dynamic pattern; no blind string replacement.
README.md,4,UI/resources/brand/logo_readme.svg,,,UI/resources/brand/logo_readme.svg,other,retain,retain-out-of-scope,resolved-outside-inventory,html-img,396,Outside documentation inventory or dynamic pattern; no blind string replacement.
README.md,6,UI/resources/brand/name.svg,,,UI/resources/brand/name.svg,other,retain,retain-out-of-scope,resolved-outside-inventory,html-img,397,Outside documentation inventory or dynamic pattern; no blind string replacement.
README.md,20,UI/resources/brand/stats-dark.svg,,,UI/resources/brand/stats-dark.svg,other,retain,retain-out-of-scope,resolved-outside-inventory,html-img,398,Outside documentation inventory or dynamic pattern; no blind string replacement.
UI/qml/shared/AppAssets.qml,39,resources/actions/add.svg,,,resources/actions/add.svg,code,retain,retain-out-of-scope,unresolved-local,path-string,399,Outside documentation inventory or dynamic pattern; no blind string replacement.
UI/qml/shared/AppAssets.qml,40,resources/actions/backup.svg,,,resources/actions/backup.svg,code,retain,retain-out-of-scope,unresolved-local,path-string,400,Outside documentation inventory or dynamic pattern; no blind string replacement.
UI/qml/shared/AppAssets.qml,41,resources/actions/clear.svg,,,resources/actions/clear.svg,code,retain,retain-out-of-scope,unresolved-local,path-string,401,Outside documentation inventory or dynamic pattern; no blind string replacement.
UI/qml/shared/AppAssets.qml,42,resources/actions/close.svg,,,resources/actions/close.svg,code,retain,retain-out-of-scope,unresolved-local,path-string,402,Outside documentation inventory or dynamic pattern; no blind string replacement.
UI/qml/shared/AppAssets.qml,43,resources/actions/connect.svg,,,resources/actions/connect.svg,code,retain,retain-out-of-scope,unresolved-local,path-string,403,Outside documentation inventory or dynamic pattern; no blind string replacement.
UI/qml/shared/AppAssets.qml,44,resources/actions/copy.svg,,,resources/actions/copy.svg,code,retain,retain-out-of-scope,unresolved-local,path-string,404,Outside documentation inventory or dynamic pattern; no blind string replacement.
UI/qml/shared/AppAssets.qml,45,resources/actions/database-reload.svg,,,resources/actions/database-reload.svg,code,retain,retain-out-of-scope,unresolved-local,path-string,405,Outside documentation inventory or dynamic pattern; no blind string replacement.
UI/qml/shared/AppAssets.qml,46,resources/actions/delete.svg,,,resources/actions/delete.svg,code,retain,retain-out-of-scope,unresolved-local,path-string,406,Outside documentation inventory or dynamic pattern; no blind string replacement.
UI/qml/shared/AppAssets.qml,47,resources/actions/disconnect.svg,,,resources/actions/disconnect.svg,code,retain,retain-out-of-scope,unresolved-local,path-string,407,Outside documentation inventory or dynamic pattern; no blind string replacement.
UI/qml/shared/AppAssets.qml,48,resources/actions/download.svg,,,resources/actions/download.svg,code,retain,retain-out-of-scope,unresolved-local,path-string,408,Outside documentation inventory or dynamic pattern; no blind string replacement.
UI/qml/shared/AppAssets.qml,49,resources/actions/edit.svg,,,resources/actions/edit.svg,code,retain,retain-out-of-scope,unresolved-local,path-string,409,Outside documentation inventory or dynamic pattern; no blind string replacement.
UI/qml/shared/AppAssets.qml,50,resources/actions/filter.svg,,,resources/actions/filter.svg,code,retain,retain-out-of-scope,unresolved-local,path-string,410,Outside documentation inventory or dynamic pattern; no blind string replacement.
UI/qml/shared/AppAssets.qml,51,resources/actions/list-add.svg,,,resources/actions/list-add.svg,code,retain,retain-out-of-scope,unresolved-local,path-string,411,Outside documentation inventory or dynamic pattern; no blind string replacement.
UI/qml/shared/AppAssets.qml,52,resources/actions/monitor-start.svg,,,resources/actions/monitor-start.svg,code,retain,retain-out-of-scope,unresolved-local,path-string,412,Outside documentation inventory or dynamic pattern; no blind string replacement.
UI/qml/shared/AppAssets.qml,53,resources/actions/monitor-stop.svg,,,resources/actions/monitor-stop.svg,code,retain,retain-out-of-scope,unresolved-local,path-string,413,Outside documentation inventory or dynamic pattern; no blind string replacement.
UI/qml/shared/AppAssets.qml,54,resources/actions/push.svg,,,resources/actions/push.svg,code,retain,retain-out-of-scope,unresolved-local,path-string,414,Outside documentation inventory or dynamic pattern; no blind string replacement.
UI/qml/shared/AppAssets.qml,55,resources/actions/refresh.svg,,,resources/actions/refresh.svg,code,retain,retain-out-of-scope,unresolved-local,path-string,415,Outside documentation inventory or dynamic pattern; no blind string replacement.
UI/qml/shared/AppAssets.qml,56,resources/actions/save.svg,,,resources/actions/save.svg,code,retain,retain-out-of-scope,unresolved-local,path-string,416,Outside documentation inventory or dynamic pattern; no blind string replacement.
UI/qml/shared/AppAssets.qml,57,resources/actions/search.svg,,,resources/actions/search.svg,code,retain,retain-out-of-scope,unresolved-local,path-string,417,Outside documentation inventory or dynamic pattern; no blind string replacement.
UI/qml/shared/AppAssets.qml,58,resources/actions/upload.svg,,,resources/actions/upload.svg,code,retain,retain-out-of-scope,unresolved-local,path-string,418,Outside documentation inventory or dynamic pattern; no blind string replacement.
UI/qml/shared/AppAssets.qml,59,resources/actions/visibility-off.svg,,,resources/actions/visibility-off.svg,code,retain,retain-out-of-scope,unresolved-local,path-string,419,Outside documentation inventory or dynamic pattern; no blind string replacement.
UI/qml/shared/AppAssets.qml,60,resources/actions/visibility-on.svg,,,resources/actions/visibility-on.svg,code,retain,retain-out-of-scope,unresolved-local,path-string,420,Outside documentation inventory or dynamic pattern; no blind string replacement.
UI/qml/shared/AppAssets.qml,66,resources/brand/logo.svg,,,resources/brand/logo.svg,code,retain,retain-out-of-scope,unresolved-local,path-string,421,Outside documentation inventory or dynamic pattern; no blind string replacement.
UI/qml/shared/AppAssets.qml,67,resources/brand/project-file-icon.svg,,,resources/brand/project-file-icon.svg,code,retain,retain-out-of-scope,unresolved-local,path-string,422,Outside documentation inventory or dynamic pattern; no blind string replacement.
UI/qml/shared/AppAssets.qml,72,resources/brand/logo_readme.svg,,,resources/brand/logo_readme.svg,code,retain,retain-out-of-scope,unresolved-local,path-string,423,Outside documentation inventory or dynamic pattern; no blind string replacement.
UI/qml/shared/AppAssets.qml,73,resources/brand/name.svg,,,resources/brand/name.svg,code,retain,retain-out-of-scope,unresolved-local,path-string,424,Outside documentation inventory or dynamic pattern; no blind string replacement.
UI/qml/shared/AppAssets.qml,74,resources/brand/stats-dark.svg,,,resources/brand/stats-dark.svg,code,retain,retain-out-of-scope,unresolved-local,path-string,425,Outside documentation inventory or dynamic pattern; no blind string replacement.
UI/qml/shared/AppAssets.qml,76,resources/window-control-icons-svg/close.svg,,,resources/window-control-icons-svg/close.svg,code,retain,retain-out-of-scope,unresolved-local,path-string,426,Outside documentation inventory or dynamic pattern; no blind string replacement.
UI/qml/shared/AppAssets.qml,77,resources/window-control-icons-svg/minimize.svg,,,resources/window-control-icons-svg/minimize.svg,code,retain,retain-out-of-scope,unresolved-local,path-string,427,Outside documentation inventory or dynamic pattern; no blind string replacement.
UI/qml/shared/AppAssets.qml,78,resources/window-control-icons-svg/restore.svg,,,resources/window-control-icons-svg/restore.svg,code,retain,retain-out-of-scope,unresolved-local,path-string,428,Outside documentation inventory or dynamic pattern; no blind string replacement.
UI/qml/shared/AppAssets.qml,80,resources/devices/network-disconnected.svg,,,resources/devices/network-disconnected.svg,code,retain,retain-out-of-scope,unresolved-local,path-string,429,Outside documentation inventory or dynamic pattern; no blind string replacement.
UI/qml/shared/AppAssets.qml,81,resources/devices/network-ethernet.svg,,,resources/devices/network-ethernet.svg,code,retain,retain-out-of-scope,unresolved-local,path-string,430,Outside documentation inventory or dynamic pattern; no blind string replacement.
UI/qml/shared/AppAssets.qml,82,resources/devices/virtual-lab.svg,,,resources/devices/virtual-lab.svg,code,retain,retain-out-of-scope,unresolved-local,path-string,431,Outside documentation inventory or dynamic pattern; no blind string replacement.
UI/qml/shared/AppAssets.qml,83,resources/devices/vpn.svg,,,resources/devices/vpn.svg,code,retain,retain-out-of-scope,unresolved-local,path-string,432,Outside documentation inventory or dynamic pattern; no blind string replacement.
UI/qml/shared/AppAssets.qml,84,resources/devices/network-wifi.svg,,,resources/devices/network-wifi.svg,code,retain,retain-out-of-scope,unresolved-local,path-string,433,Outside documentation inventory or dynamic pattern; no blind string replacement.
UI/qml/shared/AppAssets.qml,85,resources/devices/router.svg,,,resources/devices/router.svg,code,retain,retain-out-of-scope,unresolved-local,path-string,434,Outside documentation inventory or dynamic pattern; no blind string replacement.
UI/qml/shared/AppAssets.qml,86,resources/devices/status-dot.svg,,,resources/devices/status-dot.svg,code,retain,retain-out-of-scope,unresolved-local,path-string,435,Outside documentation inventory or dynamic pattern; no blind string replacement.
UI/qml/shared/AppAssets.qml,87,resources/devices/switch.svg,,,resources/devices/switch.svg,code,retain,retain-out-of-scope,unresolved-local,path-string,436,Outside documentation inventory or dynamic pattern; no blind string replacement.
UI/qml/shared/AppAssets.qml,89,resources/files/file.svg,,,resources/files/file.svg,code,retain,retain-out-of-scope,unresolved-local,path-string,437,Outside documentation inventory or dynamic pattern; no blind string replacement.
UI/qml/shared/AppAssets.qml,90,resources/files/folder.svg,,,resources/files/folder.svg,code,retain,retain-out-of-scope,unresolved-local,path-string,438,Outside documentation inventory or dynamic pattern; no blind string replacement.
UI/qml/shared/AppAssets.qml,91,resources/files/transfer-download.svg,,,resources/files/transfer-download.svg,code,retain,retain-out-of-scope,unresolved-local,path-string,439,Outside documentation inventory or dynamic pattern; no blind string replacement.
UI/qml/shared/AppAssets.qml,92,resources/files/transfer-upload.svg,,,resources/files/transfer-upload.svg,code,retain,retain-out-of-scope,unresolved-local,path-string,440,Outside documentation inventory or dynamic pattern; no blind string replacement.
UI/qml/shared/AppAssets.qml,93,resources/files/types/zip.svg,,,resources/files/types/zip.svg,code,retain,retain-out-of-scope,unresolved-local,path-string,441,Outside documentation inventory or dynamic pattern; no blind string replacement.
UI/qml/shared/AppAssets.qml,94,resources/files/types/audio.svg,,,resources/files/types/audio.svg,code,retain,retain-out-of-scope,unresolved-local,path-string,442,Outside documentation inventory or dynamic pattern; no blind string replacement.
UI/qml/shared/AppAssets.qml,95,resources/files/types/hex.svg,,,resources/files/types/hex.svg,code,retain,retain-out-of-scope,unresolved-local,path-string,443,Outside documentation inventory or dynamic pattern; no blind string replacement.
UI/qml/shared/AppAssets.qml,96,resources/files/types/c.svg,,,resources/files/types/c.svg,code,retain,retain-out-of-scope,unresolved-local,path-string,444,Outside documentation inventory or dynamic pattern; no blind string replacement.
UI/qml/shared/AppAssets.qml,97,resources/files/types/certificate.svg,,,resources/files/types/certificate.svg,code,retain,retain-out-of-scope,unresolved-local,path-string,445,Outside documentation inventory or dynamic pattern; no blind string replacement.
UI/qml/shared/AppAssets.qml,98,resources/files/types/cpp.svg,,,resources/files/types/cpp.svg,code,retain,retain-out-of-scope,unresolved-local,path-string,446,Outside documentation inventory or dynamic pattern; no blind string replacement.
UI/qml/shared/AppAssets.qml,99,resources/files/types/hpp.svg,,,resources/files/types/hpp.svg,code,retain,retain-out-of-scope,unresolved-local,path-string,447,Outside documentation inventory or dynamic pattern; no blind string replacement.
UI/qml/shared/AppAssets.qml,100,resources/files/types/h.svg,,,resources/files/types/h.svg,code,retain,retain-out-of-scope,unresolved-local,path-string,448,Outside documentation inventory or dynamic pattern; no blind string replacement.
UI/qml/shared/AppAssets.qml,101,resources/files/types/css.svg,,,resources/files/types/css.svg,code,retain,retain-out-of-scope,unresolved-local,path-string,449,Outside documentation inventory or dynamic pattern; no blind string replacement.
UI/qml/shared/AppAssets.qml,102,resources/files/types/database.svg,,,resources/files/types/database.svg,code,retain,retain-out-of-scope,unresolved-local,path-string,450,Outside documentation inventory or dynamic pattern; no blind string replacement.
UI/qml/shared/AppAssets.qml,103,resources/files/types/docker.svg,,,resources/files/types/docker.svg,code,retain,retain-out-of-scope,unresolved-local,path-string,451,Outside documentation inventory or dynamic pattern; no blind string replacement.
UI/qml/shared/AppAssets.qml,104,resources/files/types/email.svg,,,resources/files/types/email.svg,code,retain,retain-out-of-scope,unresolved-local,path-string,452,Outside documentation inventory or dynamic pattern; no blind string replacement.
UI/qml/shared/AppAssets.qml,105,resources/files/types/tune.svg,,,resources/files/types/tune.svg,code,retain,retain-out-of-scope,unresolved-local,path-string,453,Outside documentation inventory or dynamic pattern; no blind string replacement.
UI/qml/shared/AppAssets.qml,106,resources/files/types/exe.svg,,,resources/files/types/exe.svg,code,retain,retain-out-of-scope,unresolved-local,path-string,454,Outside documentation inventory or dynamic pattern; no blind string replacement.
UI/qml/shared/AppAssets.qml,107,resources/files/types/font.svg,,,resources/files/types/font.svg,code,retain,retain-out-of-scope,unresolved-local,path-string,455,Outside documentation inventory or dynamic pattern; no blind string replacement.
UI/qml/shared/AppAssets.qml,108,resources/files/types/git.svg,,,resources/files/types/git.svg,code,retain,retain-out-of-scope,unresolved-local,path-string,456,Outside documentation inventory or dynamic pattern; no blind string replacement.
UI/qml/shared/AppAssets.qml,109,resources/files/types/go.svg,,,resources/files/types/go.svg,code,retain,retain-out-of-scope,unresolved-local,path-string,457,Outside documentation inventory or dynamic pattern; no blind string replacement.
UI/qml/shared/AppAssets.qml,110,resources/files/types/html.svg,,,resources/files/types/html.svg,code,retain,retain-out-of-scope,unresolved-local,path-string,458,Outside documentation inventory or dynamic pattern; no blind string replacement.
UI/qml/shared/AppAssets.qml,111,resources/files/types/image.svg,,,resources/files/types/image.svg,code,retain,retain-out-of-scope,unresolved-local,path-string,459,Outside documentation inventory or dynamic pattern; no blind string replacement.
UI/qml/shared/AppAssets.qml,112,resources/files/types/java.svg,,,resources/files/types/java.svg,code,retain,retain-out-of-scope,unresolved-local,path-string,460,Outside documentation inventory or dynamic pattern; no blind string replacement.
UI/qml/shared/AppAssets.qml,113,resources/files/types/javascript.svg,,,resources/files/types/javascript.svg,code,retain,retain-out-of-scope,unresolved-local,path-string,461,Outside documentation inventory or dynamic pattern; no blind string replacement.
UI/qml/shared/AppAssets.qml,114,resources/files/types/json.svg,,,resources/files/types/json.svg,code,retain,retain-out-of-scope,unresolved-local,path-string,462,Outside documentation inventory or dynamic pattern; no blind string replacement.
UI/qml/shared/AppAssets.qml,115,resources/files/types/key.svg,,,resources/files/types/key.svg,code,retain,retain-out-of-scope,unresolved-local,path-string,463,Outside documentation inventory or dynamic pattern; no blind string replacement.
UI/qml/shared/AppAssets.qml,116,resources/files/types/kotlin.svg,,,resources/files/types/kotlin.svg,code,retain,retain-out-of-scope,unresolved-local,path-string,464,Outside documentation inventory or dynamic pattern; no blind string replacement.
UI/qml/shared/AppAssets.qml,117,resources/files/types/license.svg,,,resources/files/types/license.svg,code,retain,retain-out-of-scope,unresolved-local,path-string,465,Outside documentation inventory or dynamic pattern; no blind string replacement.
UI/qml/shared/AppAssets.qml,118,resources/files/types/log.svg,,,resources/files/types/log.svg,code,retain,retain-out-of-scope,unresolved-local,path-string,466,Outside documentation inventory or dynamic pattern; no blind string replacement.
UI/qml/shared/AppAssets.qml,119,resources/files/types/lua.svg,,,resources/files/types/lua.svg,code,retain,retain-out-of-scope,unresolved-local,path-string,467,Outside documentation inventory or dynamic pattern; no blind string replacement.
UI/qml/shared/AppAssets.qml,120,resources/files/types/markdown.svg,,,resources/files/types/markdown.svg,code,retain,retain-out-of-scope,unresolved-local,path-string,468,Outside documentation inventory or dynamic pattern; no blind string replacement.
UI/qml/shared/AppAssets.qml,121,resources/files/types/pdf.svg,,,resources/files/types/pdf.svg,code,retain,retain-out-of-scope,unresolved-local,path-string,469,Outside documentation inventory or dynamic pattern; no blind string replacement.
UI/qml/shared/AppAssets.qml,122,resources/files/types/php.svg,,,resources/files/types/php.svg,code,retain,retain-out-of-scope,unresolved-local,path-string,470,Outside documentation inventory or dynamic pattern; no blind string replacement.
UI/qml/shared/AppAssets.qml,123,resources/files/types/powerpoint.svg,,,resources/files/types/powerpoint.svg,code,retain,retain-out-of-scope,unresolved-local,path-string,471,Outside documentation inventory or dynamic pattern; no blind string replacement.
UI/qml/shared/AppAssets.qml,124,resources/files/types/powershell.svg,,,resources/files/types/powershell.svg,code,retain,retain-out-of-scope,unresolved-local,path-string,472,Outside documentation inventory or dynamic pattern; no blind string replacement.
UI/qml/shared/AppAssets.qml,125,resources/files/types/proto.svg,,,resources/files/types/proto.svg,code,retain,retain-out-of-scope,unresolved-local,path-string,473,Outside documentation inventory or dynamic pattern; no blind string replacement.
UI/qml/shared/AppAssets.qml,126,resources/files/types/python.svg,,,resources/files/types/python.svg,code,retain,retain-out-of-scope,unresolved-local,path-string,474,Outside documentation inventory or dynamic pattern; no blind string replacement.
UI/qml/shared/AppAssets.qml,127,resources/files/types/react.svg,,,resources/files/types/react.svg,code,retain,retain-out-of-scope,unresolved-local,path-string,475,Outside documentation inventory or dynamic pattern; no blind string replacement.
UI/qml/shared/AppAssets.qml,128,resources/files/types/react_ts.svg,,,resources/files/types/react_ts.svg,code,retain,retain-out-of-scope,unresolved-local,path-string,476,Outside documentation inventory or dynamic pattern; no blind string replacement.
UI/qml/shared/AppAssets.qml,129,resources/files/types/ruby.svg,,,resources/files/types/ruby.svg,code,retain,retain-out-of-scope,unresolved-local,path-string,477,Outside documentation inventory or dynamic pattern; no blind string replacement.
UI/qml/shared/AppAssets.qml,130,resources/files/types/rust.svg,,,resources/files/types/rust.svg,code,retain,retain-out-of-scope,unresolved-local,path-string,478,Outside documentation inventory or dynamic pattern; no blind string replacement.
UI/qml/shared/AppAssets.qml,131,resources/files/types/settings.svg,,,resources/files/types/settings.svg,code,retain,retain-out-of-scope,unresolved-local,path-string,479,Outside documentation inventory or dynamic pattern; no blind string replacement.
UI/qml/shared/AppAssets.qml,132,resources/files/types/console.svg,,,resources/files/types/console.svg,code,retain,retain-out-of-scope,unresolved-local,path-string,480,Outside documentation inventory or dynamic pattern; no blind string replacement.
UI/qml/shared/AppAssets.qml,133,resources/files/types/table.svg,,,resources/files/types/table.svg,code,retain,retain-out-of-scope,unresolved-local,path-string,481,Outside documentation inventory or dynamic pattern; no blind string replacement.
UI/qml/shared/AppAssets.qml,134,resources/files/types/svelte.svg,,,resources/files/types/svelte.svg,code,retain,retain-out-of-scope,unresolved-local,path-string,482,Outside documentation inventory or dynamic pattern; no blind string replacement.
UI/qml/shared/AppAssets.qml,135,resources/files/types/svg.svg,,,resources/files/types/svg.svg,code,retain,retain-out-of-scope,unresolved-local,path-string,483,Outside documentation inventory or dynamic pattern; no blind string replacement.
UI/qml/shared/AppAssets.qml,136,resources/files/types/swift.svg,,,resources/files/types/swift.svg,code,retain,retain-out-of-scope,unresolved-local,path-string,484,Outside documentation inventory or dynamic pattern; no blind string replacement.
UI/qml/shared/AppAssets.qml,137,resources/files/types/document.svg,,,resources/files/types/document.svg,code,retain,retain-out-of-scope,unresolved-local,path-string,485,Outside documentation inventory or dynamic pattern; no blind string replacement.
UI/qml/shared/AppAssets.qml,138,resources/files/types/toml.svg,,,resources/files/types/toml.svg,code,retain,retain-out-of-scope,unresolved-local,path-string,486,Outside documentation inventory or dynamic pattern; no blind string replacement.
UI/qml/shared/AppAssets.qml,139,resources/files/types/typescript.svg,,,resources/files/types/typescript.svg,code,retain,retain-out-of-scope,unresolved-local,path-string,487,Outside documentation inventory or dynamic pattern; no blind string replacement.
UI/qml/shared/AppAssets.qml,140,resources/files/types/video.svg,,,resources/files/types/video.svg,code,retain,retain-out-of-scope,unresolved-local,path-string,488,Outside documentation inventory or dynamic pattern; no blind string replacement.
UI/qml/shared/AppAssets.qml,141,resources/files/types/virtual.svg,,,resources/files/types/virtual.svg,code,retain,retain-out-of-scope,unresolved-local,path-string,489,Outside documentation inventory or dynamic pattern; no blind string replacement.
UI/qml/shared/AppAssets.qml,142,resources/files/types/vue.svg,,,resources/files/types/vue.svg,code,retain,retain-out-of-scope,unresolved-local,path-string,490,Outside documentation inventory or dynamic pattern; no blind string replacement.
UI/qml/shared/AppAssets.qml,143,resources/files/types/word.svg,,,resources/files/types/word.svg,code,retain,retain-out-of-scope,unresolved-local,path-string,491,Outside documentation inventory or dynamic pattern; no blind string replacement.
UI/qml/shared/AppAssets.qml,144,resources/files/types/xml.svg,,,resources/files/types/xml.svg,code,retain,retain-out-of-scope,unresolved-local,path-string,492,Outside documentation inventory or dynamic pattern; no blind string replacement.
UI/qml/shared/AppAssets.qml,145,resources/files/types/yaml.svg,,,resources/files/types/yaml.svg,code,retain,retain-out-of-scope,unresolved-local,path-string,493,Outside documentation inventory or dynamic pattern; no blind string replacement.
UI/qml/shared/AppAssets.qml,147,resources/navigation/arrow-left.svg,,,resources/navigation/arrow-left.svg,code,retain,retain-out-of-scope,unresolved-local,path-string,494,Outside documentation inventory or dynamic pattern; no blind string replacement.
UI/qml/shared/AppAssets.qml,148,resources/navigation/chevron-left.svg,,,resources/navigation/chevron-left.svg,code,retain,retain-out-of-scope,unresolved-local,path-string,495,Outside documentation inventory or dynamic pattern; no blind string replacement.
UI/qml/shared/AppAssets.qml,149,resources/navigation/chevron-down.svg,,,resources/navigation/chevron-down.svg,code,retain,retain-out-of-scope,unresolved-local,path-string,496,Outside documentation inventory or dynamic pattern; no blind string replacement.
UI/qml/shared/AppAssets.qml,150,resources/navigation/chevron-right.svg,,,resources/navigation/chevron-right.svg,code,retain,retain-out-of-scope,unresolved-local,path-string,497,Outside documentation inventory or dynamic pattern; no blind string replacement.
UI/qml/shared/AppAssets.qml,151,resources/navigation/chevron-up.svg,,,resources/navigation/chevron-up.svg,code,retain,retain-out-of-scope,unresolved-local,path-string,498,Outside documentation inventory or dynamic pattern; no blind string replacement.
UI/qml/shared/AppAssets.qml,152,resources/navigation/list-collapse.svg,,,resources/navigation/list-collapse.svg,code,retain,retain-out-of-scope,unresolved-local,path-string,499,Outside documentation inventory or dynamic pattern; no blind string replacement.
UI/qml/shared/AppAssets.qml,153,resources/navigation/list-expand.svg,,,resources/navigation/list-expand.svg,code,retain,retain-out-of-scope,unresolved-local,path-string,500,Outside documentation inventory or dynamic pattern; no blind string replacement.
UI/qml/shared/AppAssets.qml,154,resources/navigation/arrow-down.svg,,,resources/navigation/arrow-down.svg,code,retain,retain-out-of-scope,unresolved-local,path-string,501,Outside documentation inventory or dynamic pattern; no blind string replacement.
UI/qml/shared/AppAssets.qml,155,resources/navigation/arrow-right.svg,,,resources/navigation/arrow-right.svg,code,retain,retain-out-of-scope,unresolved-local,path-string,502,Outside documentation inventory or dynamic pattern; no blind string replacement.
UI/qml/shared/AppAssets.qml,156,resources/navigation/arrow-up.svg,,,resources/navigation/arrow-up.svg,code,retain,retain-out-of-scope,unresolved-local,path-string,503,Outside documentation inventory or dynamic pattern; no blind string replacement.
UI/qml/shared/AppAssets.qml,157,resources/navigation/console-serial.svg,,,resources/navigation/console-serial.svg,code,retain,retain-out-of-scope,unresolved-local,path-string,504,Outside documentation inventory or dynamic pattern; no blind string replacement.
UI/qml/shared/AppAssets.qml,158,resources/navigation/dashboard.svg,,,resources/navigation/dashboard.svg,code,retain,retain-out-of-scope,unresolved-local,path-string,505,Outside documentation inventory or dynamic pattern; no blind string replacement.
UI/qml/shared/AppAssets.qml,159,resources/navigation/database.svg,,,resources/navigation/database.svg,code,retain,retain-out-of-scope,unresolved-local,path-string,506,Outside documentation inventory or dynamic pattern; no blind string replacement.
UI/qml/shared/AppAssets.qml,160,resources/navigation/database-search.svg,,,resources/navigation/database-search.svg,code,retain,retain-out-of-scope,unresolved-local,path-string,507,Outside documentation inventory or dynamic pattern; no blind string replacement.
UI/qml/shared/AppAssets.qml,161,resources/navigation/interface.svg,,,resources/navigation/interface.svg,code,retain,retain-out-of-scope,unresolved-local,path-string,508,Outside documentation inventory or dynamic pattern; no blind string replacement.
UI/qml/shared/AppAssets.qml,162,resources/navigation/logs.svg,,,resources/navigation/logs.svg,code,retain,retain-out-of-scope,unresolved-local,path-string,509,Outside documentation inventory or dynamic pattern; no blind string replacement.
UI/qml/shared/AppAssets.qml,163,resources/navigation/settings.svg,,,resources/navigation/settings.svg,code,retain,retain-out-of-scope,unresolved-local,path-string,510,Outside documentation inventory or dynamic pattern; no blind string replacement.
UI/qml/shared/AppAssets.qml,164,resources/navigation/sftp.svg,,,resources/navigation/sftp.svg,code,retain,retain-out-of-scope,unresolved-local,path-string,511,Outside documentation inventory or dynamic pattern; no blind string replacement.
UI/qml/shared/AppAssets.qml,165,resources/navigation/syslog.svg,,,resources/navigation/syslog.svg,code,retain,retain-out-of-scope,unresolved-local,path-string,512,Outside documentation inventory or dynamic pattern; no blind string replacement.
UI/qml/shared/AppAssets.qml,166,resources/navigation/audit.svg,,,resources/navigation/audit.svg,code,retain,retain-out-of-scope,unresolved-local,path-string,513,Outside documentation inventory or dynamic pattern; no blind string replacement.
UI/qml/shared/AppAssets.qml,167,resources/navigation/terminal.svg,,,resources/navigation/terminal.svg,code,retain,retain-out-of-scope,unresolved-local,path-string,514,Outside documentation inventory or dynamic pattern; no blind string replacement.
UI/qml/shared/AppAssets.qml,168,resources/navigation/topology.svg,,,resources/navigation/topology.svg,code,retain,retain-out-of-scope,unresolved-local,path-string,515,Outside documentation inventory or dynamic pattern; no blind string replacement.
UI/qml/shared/AppAssets.qml,170,resources/status/do-not-disturb.svg,,,resources/status/do-not-disturb.svg,code,retain,retain-out-of-scope,unresolved-local,path-string,516,Outside documentation inventory or dynamic pattern; no blind string replacement.
UI/qml/shared/AppAssets.qml,171,resources/status/error.svg,,,resources/status/error.svg,code,retain,retain-out-of-scope,unresolved-local,path-string,517,Outside documentation inventory or dynamic pattern; no blind string replacement.
UI/qml/shared/AppAssets.qml,172,resources/status/info.svg,,,resources/status/info.svg,code,retain,retain-out-of-scope,unresolved-local,path-string,518,Outside documentation inventory or dynamic pattern; no blind string replacement.
UI/qml/shared/AppAssets.qml,173,resources/status/notification.svg,,,resources/status/notification.svg,code,retain,retain-out-of-scope,unresolved-local,path-string,519,Outside documentation inventory or dynamic pattern; no blind string replacement.
UI/qml/shared/AppAssets.qml,174,resources/status/notification-unread.svg,,,resources/status/notification-unread.svg,code,retain,retain-out-of-scope,unresolved-local,path-string,520,Outside documentation inventory or dynamic pattern; no blind string replacement.
UI/qml/shared/AppAssets.qml,175,resources/status/python.svg,,,resources/status/python.svg,code,retain,retain-out-of-scope,unresolved-local,path-string,521,Outside documentation inventory or dynamic pattern; no blind string replacement.
UI/qml/shared/AppAssets.qml,176,resources/status/success.svg,,,resources/status/success.svg,code,retain,retain-out-of-scope,unresolved-local,path-string,522,Outside documentation inventory or dynamic pattern; no blind string replacement.
UI/qml/shared/AppAssets.qml,177,resources/status/warning.svg,,,resources/status/warning.svg,code,retain,retain-out-of-scope,unresolved-local,path-string,523,Outside documentation inventory or dynamic pattern; no blind string replacement.
UI/resources/licenses/VSCODE-ICONS.txt,9,icons/file_type_python.svg,,,icons/file_type_python.svg,other,retain,retain-out-of-scope,unresolved-local,path-string,524,Outside documentation inventory or dynamic pattern; no blind string replacement.
core/app_paths.py,28,resources/brand/logo.svg,,,resources/brand/logo.svg,code,retain,retain-out-of-scope,unresolved-local,path-string,525,Outside documentation inventory or dynamic pattern; no blind string replacement.
core/app_paths.py,38,resources/brand/logo.svg,,,resources/brand/logo.svg,code,retain,retain-out-of-scope,unresolved-local,path-string,526,Outside documentation inventory or dynamic pattern; no blind string replacement.
docshots/chapter03.py,133,09-status-details.png,,,09-status-details.png,code,retain,retain-out-of-scope,unresolved-local,path-string,527,Outside documentation inventory or dynamic pattern; no blind string replacement.
docshots/chapter04.py,22,01-devices-inventory.png,,,01-devices-inventory.png,code,retain,retain-out-of-scope,unresolved-local,path-string,528,Outside documentation inventory or dynamic pattern; no blind string replacement.
docshots/chapter04.py,22,02-add-device-empty.png,,,02-add-device-empty.png,code,retain,retain-out-of-scope,unresolved-local,path-string,529,Outside documentation inventory or dynamic pattern; no blind string replacement.
docshots/chapter04.py,22,03-add-device-filled.png,,,03-add-device-filled.png,code,retain,retain-out-of-scope,unresolved-local,path-string,530,Outside documentation inventory or dynamic pattern; no blind string replacement.
docshots/chapter04.py,23,04-device-added-waiting.png,,,04-device-added-waiting.png,code,retain,retain-out-of-scope,unresolved-local,path-string,531,Outside documentation inventory or dynamic pattern; no blind string replacement.
docshots/chapter04.py,23,05-ssh-compatibility.png,,,05-ssh-compatibility.png,code,retain,retain-out-of-scope,unresolved-local,path-string,532,Outside documentation inventory or dynamic pattern; no blind string replacement.
docshots/chapter04.py,23,06-add-multiple-devices.png,,,06-add-multiple-devices.png,code,retain,retain-out-of-scope,unresolved-local,path-string,533,Outside documentation inventory or dynamic pattern; no blind string replacement.
docshots/chapter04.py,24,07-batch-devices-filled.png,,,07-batch-devices-filled.png,code,retain,retain-out-of-scope,unresolved-local,path-string,534,Outside documentation inventory or dynamic pattern; no blind string replacement.
docshots/chapter04.py,24,08-search-filter.png,,,08-search-filter.png,code,retain,retain-out-of-scope,unresolved-local,path-string,535,Outside documentation inventory or dynamic pattern; no blind string replacement.
docshots/chapter04.py,24,09-device-context-waiting.png,,,09-device-context-waiting.png,code,retain,retain-out-of-scope,unresolved-local,path-string,536,Outside documentation inventory or dynamic pattern; no blind string replacement.
docshots/chapter04.py,25,10-device-connected.png,,,10-device-connected.png,code,retain,retain-out-of-scope,unresolved-local,path-string,537,Outside documentation inventory or dynamic pattern; no blind string replacement.
docshots/chapter04.py,25,11-device-context-connected.png,,,11-device-context-connected.png,code,retain,retain-out-of-scope,unresolved-local,path-string,538,Outside documentation inventory or dynamic pattern; no blind string replacement.
docshots/chapter04.py,25,12-device-context-disconnected.png,,,12-device-context-disconnected.png,code,retain,retain-out-of-scope,unresolved-local,path-string,539,Outside documentation inventory or dynamic pattern; no blind string replacement.
docshots/chapter04.py,26,13-multi-select.png,,,13-multi-select.png,code,retain,retain-out-of-scope,unresolved-local,path-string,540,Outside documentation inventory or dynamic pattern; no blind string replacement.
docshots/chapter04.py,26,14-multi-select-actions.png,,,14-multi-select-actions.png,code,retain,retain-out-of-scope,unresolved-local,path-string,541,Outside documentation inventory or dynamic pattern; no blind string replacement.
docshots/chapter04.py,26,15-edit-device.png,,,15-edit-device.png,code,retain,retain-out-of-scope,unresolved-local,path-string,542,Outside documentation inventory or dynamic pattern; no blind string replacement.
docshots/chapter04.py,27,16-delete-device-confirmation.png,,,16-delete-device-confirmation.png,code,retain,retain-out-of-scope,unresolved-local,path-string,543,Outside documentation inventory or dynamic pattern; no blind string replacement.
docshots/chapter04.py,27,17-running-config-result.png,,,17-running-config-result.png,code,retain,retain-out-of-scope,unresolved-local,path-string,544,Outside documentation inventory or dynamic pattern; no blind string replacement.
docshots/chapter04.py,28,18-import-result.png,,,18-import-result.png,code,retain,retain-out-of-scope,unresolved-local,path-string,545,Outside documentation inventory or dynamic pattern; no blind string replacement.
docshots/chapter04.py,28,19-batch-table-detail.png,,,19-batch-table-detail.png,code,retain,retain-out-of-scope,unresolved-local,path-string,546,Outside documentation inventory or dynamic pattern; no blind string replacement.
docshots/runtime.py,1058,.png,,,.png,code,retain,retain-out-of-scope,unresolved-local,path-string,547,Outside documentation inventory or dynamic pattern; no blind string replacement.
docshots/runtime.py,1747,{shot.name}.png,,,{shot.name}.png,code,retain,retain-out-of-scope,dynamic-pattern,path-string,548,Outside documentation inventory or dynamic pattern; no blind string replacement.
docshots/shots.py,36,01-select-switch.png,,,01-select-switch.png,code,retain,retain-out-of-scope,unresolved-local,path-string,549,Outside documentation inventory or dynamic pattern; no blind string replacement.
docshots/shots.py,37,02-open-vlan.png,,,02-open-vlan.png,code,retain,retain-out-of-scope,unresolved-local,path-string,550,Outside documentation inventory or dynamic pattern; no blind string replacement.
docshots/shots.py,38,03-add-vlan.png,,,03-add-vlan.png,code,retain,retain-out-of-scope,unresolved-local,path-string,551,Outside documentation inventory or dynamic pattern; no blind string replacement.
docshots/shots.py,39,04-vlan-id.png,,,04-vlan-id.png,code,retain,retain-out-of-scope,unresolved-local,path-string,552,Outside documentation inventory or dynamic pattern; no blind string replacement.
docshots/shots.py,40,05-vlan-name.png,,,05-vlan-name.png,code,retain,retain-out-of-scope,unresolved-local,path-string,553,Outside documentation inventory or dynamic pattern; no blind string replacement.
docshots/shots.py,41,06-vlan-state.png,,,06-vlan-state.png,code,retain,retain-out-of-scope,unresolved-local,path-string,554,Outside documentation inventory or dynamic pattern; no blind string replacement.
docshots/shots.py,42,07-ready-to-save.png,,,07-ready-to-save.png,code,retain,retain-out-of-scope,unresolved-local,path-string,555,Outside documentation inventory or dynamic pattern; no blind string replacement.
docshots/shots.py,43,08-vlan-created.png,,,08-vlan-created.png,code,retain,retain-out-of-scope,unresolved-local,path-string,556,Outside documentation inventory or dynamic pattern; no blind string replacement.
docshots/shots.py,44,09-view-preview.png,,,09-view-preview.png,code,retain,retain-out-of-scope,unresolved-local,path-string,557,Outside documentation inventory or dynamic pattern; no blind string replacement.
docshots/shots.py,48,view-push-dialog.png,,,view-push-dialog.png,code,retain,retain-out-of-scope,unresolved-local,path-string,558,Outside documentation inventory or dynamic pattern; no blind string replacement.
docshots/shots.py,49,snapshot-history-dialog.png,,,snapshot-history-dialog.png,code,retain,retain-out-of-scope,unresolved-local,path-string,559,Outside documentation inventory or dynamic pattern; no blind string replacement.
docshots/shots.py,50,create-project-dialog.png,,,create-project-dialog.png,code,retain,retain-out-of-scope,unresolved-local,path-string,560,Outside documentation inventory or dynamic pattern; no blind string replacement.
docshots/shots.py,51,create-project-password-dialog.png,,,create-project-password-dialog.png,code,retain,retain-out-of-scope,unresolved-local,path-string,561,Outside documentation inventory or dynamic pattern; no blind string replacement.
docshots/shots.py,55,01-workspace-overview.png,,,01-workspace-overview.png,code,retain,retain-out-of-scope,unresolved-local,path-string,562,Outside documentation inventory or dynamic pattern; no blind string replacement.
docshots/shots.py,56,02-menu-bar.png,,,02-menu-bar.png,code,retain,retain-out-of-scope,unresolved-local,path-string,563,Outside documentation inventory or dynamic pattern; no blind string replacement.
docshots/shots.py,57,03-activity-bar.png,,,03-activity-bar.png,code,retain,retain-out-of-scope,unresolved-local,path-string,564,Outside documentation inventory or dynamic pattern; no blind string replacement.
docshots/shots.py,58,04-devices-sidebar.png,,,04-devices-sidebar.png,code,retain,retain-out-of-scope,unresolved-local,path-string,565,Outside documentation inventory or dynamic pattern; no blind string replacement.
docshots/shots.py,59,05-device-tabs.png,,,05-device-tabs.png,code,retain,retain-out-of-scope,unresolved-local,path-string,566,Outside documentation inventory or dynamic pattern; no blind string replacement.
docshots/shots.py,60,06-feature-bar-router.png,,,06-feature-bar-router.png,code,retain,retain-out-of-scope,unresolved-local,path-string,567,Outside documentation inventory or dynamic pattern; no blind string replacement.
docshots/shots.py,61,07-feature-bar-switch.png,,,07-feature-bar-switch.png,code,retain,retain-out-of-scope,unresolved-local,path-string,568,Outside documentation inventory or dynamic pattern; no blind string replacement.
docshots/shots.py,62,08-content-area.png,,,08-content-area.png,code,retain,retain-out-of-scope,unresolved-local,path-string,569,Outside documentation inventory or dynamic pattern; no blind string replacement.
docshots/shots.py,63,09-status-bar.png,,,09-status-bar.png,code,retain,retain-out-of-scope,unresolved-local,path-string,570,Outside documentation inventory or dynamic pattern; no blind string replacement.
docshots/shots.py,64,10-sidebar-collapsed.png,,,10-sidebar-collapsed.png,code,retain,retain-out-of-scope,unresolved-local,path-string,571,Outside documentation inventory or dynamic pattern; no blind string replacement.
install.sh,193,$SOURCE_ROOT/UI/resources/brand/logo.svg,,,$SOURCE_ROOT/UI/resources/brand/logo.svg,code,retain,retain-out-of-scope,dynamic-pattern,path-string,572,Outside documentation inventory or dynamic pattern; no blind string replacement.
install.sh,193,$scalable_icons_dir/cams.svg,,,$scalable_icons_dir/cams.svg,code,retain,retain-out-of-scope,dynamic-pattern,path-string,573,Outside documentation inventory or dynamic pattern; no blind string replacement.
install.sh,194,$SOURCE_ROOT/UI/resources/brand/logo.png,,,$SOURCE_ROOT/UI/resources/brand/logo.png,code,retain,retain-out-of-scope,dynamic-pattern,path-string,574,Outside documentation inventory or dynamic pattern; no blind string replacement.
install.sh,194,$bitmap_icons_dir/cams.png,,,$bitmap_icons_dir/cams.png,code,retain,retain-out-of-scope,dynamic-pattern,path-string,575,Outside documentation inventory or dynamic pattern; no blind string replacement.
mkdocs.yml,48,figures/icons/logo.svg,branding.logos.cams,documentation_assets/branding/logos/cams.svg,assets/branding/logos/cams.svg,config,B02,planned-rewrite,resolved,path-string,576,"MkDocs logo/favicon path is relative to docs_dir, not repository root."
mkdocs.yml,49,figures/icons/logo.svg,branding.logos.cams,documentation_assets/branding/logos/cams.svg,assets/branding/logos/cams.svg,config,B02,planned-rewrite,resolved,path-string,577,"MkDocs logo/favicon path is relative to docs_dir, not repository root."
tests/test_docshots.py,156,{name}.png,,,{name}.png,code,retain,retain-out-of-scope,dynamic-pattern,path-string,578,Outside documentation inventory or dynamic pattern; no blind string replacement.
tests/test_docshots.py,197,*.png,,,*.png,code,retain,retain-out-of-scope,dynamic-pattern,path-string,579,Outside documentation inventory or dynamic pattern; no blind string replacement.
tests/test_docshots.py,243,*.png,,,*.png,code,retain,retain-out-of-scope,dynamic-pattern,path-string,580,Outside documentation inventory or dynamic pattern; no blind string replacement.
tests/test_docshots.py,247,view-push-dialog.png,,,view-push-dialog.png,code,retain,retain-out-of-scope,unresolved-local,path-string,581,Outside documentation inventory or dynamic pattern; no blind string replacement.
tests/test_docshots.py,248,snapshot-history-dialog.png,,,snapshot-history-dialog.png,code,retain,retain-out-of-scope,unresolved-local,path-string,582,Outside documentation inventory or dynamic pattern; no blind string replacement.
tests/test_docshots.py,249,create-project-dialog.png,,,create-project-dialog.png,code,retain,retain-out-of-scope,unresolved-local,path-string,583,Outside documentation inventory or dynamic pattern; no blind string replacement.
tests/test_docshots.py,250,create-project-password-dialog.png,,,create-project-password-dialog.png,code,retain,retain-out-of-scope,unresolved-local,path-string,584,Outside documentation inventory or dynamic pattern; no blind string replacement.
tests/test_docshots_chapter03.py,44,09-status-details.png,,,09-status-details.png,code,retain,retain-out-of-scope,unresolved-local,path-string,585,Outside documentation inventory or dynamic pattern; no blind string replacement.
tests/test_docshots_chapter03.py,45,*.png,,,*.png,code,retain,retain-out-of-scope,dynamic-pattern,path-string,586,Outside documentation inventory or dynamic pattern; no blind string replacement.
tests/test_docshots_chapter04.py,38,*.png,,,*.png,code,retain,retain-out-of-scope,dynamic-pattern,path-string,587,Outside documentation inventory or dynamic pattern; no blind string replacement.
tests/test_launcher_contracts.py,135,share/icons/hicolor/scalable/apps/cams.svg,,,share/icons/hicolor/scalable/apps/cams.svg,code,retain,retain-out-of-scope,unresolved-local,path-string,588,Outside documentation inventory or dynamic pattern; no blind string replacement.
tests/test_launcher_contracts.py,136,share/icons/hicolor/256x256/apps/cams.png,,,share/icons/hicolor/256x256/apps/cams.png,code,retain,retain-out-of-scope,unresolved-local,path-string,589,Outside documentation inventory or dynamic pattern; no blind string replacement.
tests/test_qml_smoke.py,1039,/resources/files/types/docker.svg,,,/resources/files/types/docker.svg,code,retain,retain-out-of-scope,unresolved-local,path-string,590,Outside documentation inventory or dynamic pattern; no blind string replacement.
tests/test_qml_smoke.py,1040,/resources/files/types/tune.svg,,,/resources/files/types/tune.svg,code,retain,retain-out-of-scope,unresolved-local,path-string,591,Outside documentation inventory or dynamic pattern; no blind string replacement.
tests/test_qml_smoke.py,1041,/resources/files/types/license.svg,,,/resources/files/types/license.svg,code,retain,retain-out-of-scope,unresolved-local,path-string,592,Outside documentation inventory or dynamic pattern; no blind string replacement.
tests/test_qml_smoke.py,1042,/resources/files/types/python.svg,,,/resources/files/types/python.svg,code,retain,retain-out-of-scope,unresolved-local,path-string,593,Outside documentation inventory or dynamic pattern; no blind string replacement.
tests/test_qml_smoke.py,1043,/resources/files/types/hex.svg,,,/resources/files/types/hex.svg,code,retain,retain-out-of-scope,unresolved-local,path-string,594,Outside documentation inventory or dynamic pattern; no blind string replacement.
tests/test_qml_smoke.py,1044,/resources/files/types/react_ts.svg,,,/resources/files/types/react_ts.svg,code,retain,retain-out-of-scope,unresolved-local,path-string,595,Outside documentation inventory or dynamic pattern; no blind string replacement.
tests/test_qml_smoke.py,1045,/resources/files/types/table.svg,,,/resources/files/types/table.svg,code,retain,retain-out-of-scope,unresolved-local,path-string,596,Outside documentation inventory or dynamic pattern; no blind string replacement.
tests/test_qml_smoke.py,1046,/resources/files/types/document.svg,,,/resources/files/types/document.svg,code,retain,retain-out-of-scope,unresolved-local,path-string,597,Outside documentation inventory or dynamic pattern; no blind string replacement.
tests/test_qml_smoke.py,1088,/resources/actions/visibility-on.svg,,,/resources/actions/visibility-on.svg,code,retain,retain-out-of-scope,unresolved-local,path-string,598,Outside documentation inventory or dynamic pattern; no blind string replacement.
tests/test_qml_smoke.py,1101,/resources/actions/visibility-off.svg,,,/resources/actions/visibility-off.svg,code,retain,retain-out-of-scope,unresolved-local,path-string,599,Outside documentation inventory or dynamic pattern; no blind string replacement.
tests/test_qml_smoke.py,2147,vpn.svg,,,vpn.svg,code,retain,retain-out-of-scope,unresolved-local,path-string,600,Outside documentation inventory or dynamic pattern; no blind string replacement.
tests/test_qml_smoke.py,2798,/resources/status/do-not-disturb.svg,,,/resources/status/do-not-disturb.svg,code,retain,retain-out-of-scope,unresolved-local,path-string,601,Outside documentation inventory or dynamic pattern; no blind string replacement.
tests/test_qml_smoke.py,3489,save.svg,,,save.svg,code,retain,retain-out-of-scope,unresolved-local,path-string,602,Outside documentation inventory or dynamic pattern; no blind string replacement.
tests/test_ui_contracts.py,313,*.svg,,,*.svg,code,retain,retain-out-of-scope,dynamic-pattern,path-string,603,Outside documentation inventory or dynamic pattern; no blind string replacement.
tests/test_ui_contracts.py,323,resources/[A-Za-z0-9_./-]+\.svg,,,resources/[A-Za-z0-9_./-]+\.svg,code,retain,retain-out-of-scope,dynamic-pattern,path-string,604,Outside documentation inventory or dynamic pattern; no blind string replacement.
tests/test_ui_contracts.py,340,backup.svg,,,backup.svg,code,retain,retain-out-of-scope,unresolved-local,path-string,605,Outside documentation inventory or dynamic pattern; no blind string replacement.
tests/test_ui_contracts.py,341,database-reload.svg,,,database-reload.svg,code,retain,retain-out-of-scope,unresolved-local,path-string,606,Outside documentation inventory or dynamic pattern; no blind string replacement.
tests/test_ui_contracts.py,342,push.svg,,,push.svg,code,retain,retain-out-of-scope,unresolved-local,path-string,607,Outside documentation inventory or dynamic pattern; no blind string replacement.
tests/test_ui_contracts.py,343,save.svg,,,save.svg,code,retain,retain-out-of-scope,unresolved-local,path-string,608,Outside documentation inventory or dynamic pattern; no blind string replacement.
tests/test_ui_contracts.py,572,actions/connect.svg,,,actions/connect.svg,code,retain,retain-out-of-scope,unresolved-local,path-string,609,Outside documentation inventory or dynamic pattern; no blind string replacement.
tests/test_ui_contracts.py,573,actions/disconnect.svg,,,actions/disconnect.svg,code,retain,retain-out-of-scope,unresolved-local,path-string,610,Outside documentation inventory or dynamic pattern; no blind string replacement.
tests/test_ui_contracts.py,574,actions/upload.svg,,,actions/upload.svg,code,retain,retain-out-of-scope,unresolved-local,path-string,611,Outside documentation inventory or dynamic pattern; no blind string replacement.
tests/test_ui_contracts.py,575,actions/download.svg,,,actions/download.svg,code,retain,retain-out-of-scope,unresolved-local,path-string,612,Outside documentation inventory or dynamic pattern; no blind string replacement.
tests/test_ui_contracts.py,576,actions/edit.svg,,,actions/edit.svg,code,retain,retain-out-of-scope,unresolved-local,path-string,613,Outside documentation inventory or dynamic pattern; no blind string replacement.
tests/test_ui_contracts.py,577,actions/delete.svg,,,actions/delete.svg,code,retain,retain-out-of-scope,unresolved-local,path-string,614,Outside documentation inventory or dynamic pattern; no blind string replacement.
tests/test_ui_contracts.py,578,actions/refresh.svg,,,actions/refresh.svg,code,retain,retain-out-of-scope,unresolved-local,path-string,615,Outside documentation inventory or dynamic pattern; no blind string replacement.
tests/test_ui_contracts.py,579,files/folder.svg,,,files/folder.svg,code,retain,retain-out-of-scope,unresolved-local,path-string,616,Outside documentation inventory or dynamic pattern; no blind string replacement.
tests/test_ui_contracts.py,580,files/file.svg,,,files/file.svg,code,retain,retain-out-of-scope,unresolved-local,path-string,617,Outside documentation inventory or dynamic pattern; no blind string replacement.
tests/test_ui_contracts.py,581,files/types/docker.svg,,,files/types/docker.svg,code,retain,retain-out-of-scope,unresolved-local,path-string,618,Outside documentation inventory or dynamic pattern; no blind string replacement.
tests/test_ui_contracts.py,582,files/types/hex.svg,,,files/types/hex.svg,code,retain,retain-out-of-scope,unresolved-local,path-string,619,Outside documentation inventory or dynamic pattern; no blind string replacement.
tests/test_ui_contracts.py,583,files/types/python.svg,,,files/types/python.svg,code,retain,retain-out-of-scope,unresolved-local,path-string,620,Outside documentation inventory or dynamic pattern; no blind string replacement.
tests/test_ui_contracts.py,830,close.svg,,,close.svg,code,retain,retain-out-of-scope,unresolved-local,path-string,621,Outside documentation inventory or dynamic pattern; no blind string replacement.
tests/test_ui_contracts.py,1102,resources/brand/project-file-icon.svg,,,resources/brand/project-file-icon.svg,code,retain,retain-out-of-scope,unresolved-local,path-string,622,Outside documentation inventory or dynamic pattern; no blind string replacement.
tests/test_ui_contracts.py,1215,resources/navigation/list-collapse.svg,,,resources/navigation/list-collapse.svg,code,retain,retain-out-of-scope,unresolved-local,path-string,623,Outside documentation inventory or dynamic pattern; no blind string replacement.
tests/test_ui_contracts.py,1216,resources/navigation/list-expand.svg,,,resources/navigation/list-expand.svg,code,retain,retain-out-of-scope,unresolved-local,path-string,624,Outside documentation inventory or dynamic pattern; no blind string replacement.
tests/test_ui_contracts.py,2626,bell-slash.svg,,,bell-slash.svg,code,retain,retain-out-of-scope,unresolved-local,path-string,625,Outside documentation inventory or dynamic pattern; no blind string replacement.
tests/unit/test_nqv_easter_egg.py,15,logo.png,,,logo.png,code,retain,retain-out-of-scope,unresolved-local,path-string,626,Outside documentation inventory or dynamic pattern; no blind string replacement.
uninstall.sh,40,$data_home/icons/hicolor/scalable/apps/cams.svg,,,$data_home/icons/hicolor/scalable/apps/cams.svg,code,retain,retain-out-of-scope,dynamic-pattern,path-string,627,Outside documentation inventory or dynamic pattern; no blind string replacement.
uninstall.sh,41,$data_home/icons/hicolor/256x256/apps/cams.png,,,$data_home/icons/hicolor/256x256/apps/cams.png,code,retain,retain-out-of-scope,dynamic-pattern,path-string,628,Outside documentation inventory or dynamic pattern; no blind string replacement.
vendor/alacritty/README.md,2,https://raw.githubusercontent.com/alacritty/alacritty/master/extra/logo/compat/alacritty-term%2Bscanlines.png,,,https://raw.githubusercontent.com/alacritty/alacritty/master/extra/logo/compat/alacritty-term%2Bscanlines.png,other,retain,retain-out-of-scope,external,html-img,629,Outside documentation inventory or dynamic pattern; no blind string replacement.
vendor/alacritty/README.md,9,https://raw.githubusercontent.com/alacritty/alacritty/master/extra/promo/alacritty-readme.png,,,https://raw.githubusercontent.com/alacritty/alacritty/master/extra/promo/alacritty-readme.png,other,retain,retain-out-of-scope,external,path-string,630,Outside documentation inventory or dynamic pattern; no blind string replacement.
vendor/alacritty/alacritty/README.md,2,https://raw.githubusercontent.com/alacritty/alacritty/master/extra/logo/compat/alacritty-term%2Bscanlines.png,,,https://raw.githubusercontent.com/alacritty/alacritty/master/extra/logo/compat/alacritty-term%2Bscanlines.png,other,retain,retain-out-of-scope,external,html-img,631,Outside documentation inventory or dynamic pattern; no blind string replacement.
vendor/alacritty/alacritty/README.md,9,https://raw.githubusercontent.com/alacritty/alacritty/master/extra/promo/alacritty-readme.png,,,https://raw.githubusercontent.com/alacritty/alacritty/master/extra/promo/alacritty-readme.png,other,retain,retain-out-of-scope,external,path-string,632,Outside documentation inventory or dynamic pattern; no blind string replacement.
docshots/shots.py,55,01-workspace-overview.png,ui.core.workspace-overview,documentation_assets/ui/docshot/core/workspace-overview.png,workspace-overview.png,code,B03,generator-contract-review,generator-output-legacy-destination,generator-output,633,Registry/render output leaf rename must be coordinated with workflow output-map and canonical destination. Keep temporary --output-dir isolation. Never blindly replace command strings. Non-active mention/generator edge: review context separately.
docshots/shots.py,56,02-menu-bar.png,ui.core.view-menu,documentation_assets/ui/docshot/core/view-menu.png,view-menu.png,code,B03,generator-contract-review,generator-output-legacy-destination,generator-output,634,Registry/render output leaf rename must be coordinated with workflow output-map and canonical destination. Keep temporary --output-dir isolation. Never blindly replace command strings. Non-active mention/generator edge: review context separately.
docshots/shots.py,57,03-activity-bar.png,ui.core.activity-bar,documentation_assets/ui/docshot/core/activity-bar.png,activity-bar.png,code,B03,generator-contract-review,generator-output-legacy-destination,generator-output,635,Registry/render output leaf rename must be coordinated with workflow output-map and canonical destination. Keep temporary --output-dir isolation. Never blindly replace command strings. Non-active mention/generator edge: review context separately.
docshots/shots.py,58,04-devices-sidebar.png,ui.devices.sidebar-status-groups,documentation_assets/ui/docshot/devices/sidebar-status-groups.png,sidebar-status-groups.png,code,B03,generator-contract-review,generator-output-legacy-destination,generator-output,636,Registry/render output leaf rename must be coordinated with workflow output-map and canonical destination. Keep temporary --output-dir isolation. Never blindly replace command strings. Non-active mention/generator edge: review context separately.
docshots/shots.py,59,05-device-tabs.png,ui.devices.tabs-router-active,documentation_assets/ui/docshot/devices/tabs-router-active.png,tabs-router-active.png,code,B03,generator-contract-review,generator-output-legacy-destination,generator-output,637,Registry/render output leaf rename must be coordinated with workflow output-map and canonical destination. Keep temporary --output-dir isolation. Never blindly replace command strings. Non-active mention/generator edge: review context separately.
docshots/shots.py,60,06-feature-bar-router.png,ui.core.feature-bar-router,documentation_assets/ui/docshot/core/feature-bar-router.png,feature-bar-router.png,code,B03,generator-contract-review,generator-output-legacy-destination,generator-output,638,Registry/render output leaf rename must be coordinated with workflow output-map and canonical destination. Keep temporary --output-dir isolation. Never blindly replace command strings. Non-active mention/generator edge: review context separately.
docshots/shots.py,61,07-feature-bar-switch.png,ui.core.feature-bar-switch,documentation_assets/ui/docshot/core/feature-bar-switch.png,feature-bar-switch.png,code,B03,generator-contract-review,generator-output-legacy-destination,generator-output,639,Registry/render output leaf rename must be coordinated with workflow output-map and canonical destination. Keep temporary --output-dir isolation. Never blindly replace command strings. Non-active mention/generator edge: review context separately.
docshots/shots.py,62,08-content-area.png,ui.core.information-empty,documentation_assets/ui/docshot/core/information-empty.png,information-empty.png,code,B03,generator-contract-review,generator-output-legacy-destination,generator-output,640,Registry/render output leaf rename must be coordinated with workflow output-map and canonical destination. Keep temporary --output-dir isolation. Never blindly replace command strings. Non-active mention/generator edge: review context separately.
docshots/shots.py,63,09-status-bar.png,ui.core.status-bar,documentation_assets/ui/docshot/core/status-bar.png,status-bar.png,code,B03,generator-contract-review,generator-output-legacy-destination,generator-output,641,Registry/render output leaf rename must be coordinated with workflow output-map and canonical destination. Keep temporary --output-dir isolation. Never blindly replace command strings. Non-active mention/generator edge: review context separately.
docshots/chapter03.py,133,09-status-details.png,ui.core.status-details,documentation_assets/ui/docshot/core/status-details.png,status-details.png,code,B03,generator-contract-review,generator-output-legacy-destination,generator-output,642,Registry/render output leaf rename must be coordinated with workflow output-map and canonical destination. Keep temporary --output-dir isolation. Never blindly replace command strings. Non-active mention/generator edge: review context separately.
docshots/shots.py,64,10-sidebar-collapsed.png,ui.core.sidebar-collapsed,documentation_assets/ui/docshot/core/sidebar-collapsed.png,sidebar-collapsed.png,code,B03,generator-contract-review,generator-output-legacy-destination,generator-output,643,Registry/render output leaf rename must be coordinated with workflow output-map and canonical destination. Keep temporary --output-dir isolation. Never blindly replace command strings. Non-active mention/generator edge: review context separately.
docshots/chapter04.py,22,01-devices-inventory.png,ui.devices.inventory-waiting,documentation_assets/ui/docshot/devices/inventory-waiting.png,inventory-waiting.png,code,B03,generator-contract-review,generator-output-legacy-destination,generator-output,644,Registry/render output leaf rename must be coordinated with workflow output-map and canonical destination. Keep temporary --output-dir isolation. Never blindly replace command strings. Non-active mention/generator edge: review context separately.
docshots/chapter04.py,22,02-add-device-empty.png,ui.devices.create-empty,documentation_assets/ui/docshot/devices/create-empty.png,create-empty.png,code,B03,generator-contract-review,generator-output-legacy-destination,generator-output,645,Registry/render output leaf rename must be coordinated with workflow output-map and canonical destination. Keep temporary --output-dir isolation. Never blindly replace command strings. Non-active mention/generator edge: review context separately.
docshots/chapter04.py,22,03-add-device-filled.png,ui.devices.create-filled,documentation_assets/ui/docshot/devices/create-filled.png,create-filled.png,code,B03,generator-contract-review,generator-output-legacy-destination,generator-output,646,Registry/render output leaf rename must be coordinated with workflow output-map and canonical destination. Keep temporary --output-dir isolation. Never blindly replace command strings. Non-active mention/generator edge: review context separately.
docshots/chapter04.py,23,04-device-added-waiting.png,ui.devices.created-waiting,documentation_assets/ui/docshot/devices/created-waiting.png,created-waiting.png,code,B03,generator-contract-review,generator-output-legacy-destination,generator-output,647,Registry/render output leaf rename must be coordinated with workflow output-map and canonical destination. Keep temporary --output-dir isolation. Never blindly replace command strings. Non-active mention/generator edge: review context separately.
docshots/chapter04.py,23,05-ssh-compatibility.png,ui.devices.ssh-compatibility,documentation_assets/ui/docshot/devices/ssh-compatibility.png,ssh-compatibility.png,code,B03,generator-contract-review,generator-output-legacy-destination,generator-output,648,Registry/render output leaf rename must be coordinated with workflow output-map and canonical destination. Keep temporary --output-dir isolation. Never blindly replace command strings. Non-active mention/generator edge: review context separately.
docshots/chapter04.py,23,06-add-multiple-devices.png,ui.devices.batch-create-empty,documentation_assets/ui/docshot/devices/batch-create-empty.png,batch-create-empty.png,code,B03,generator-contract-review,generator-output-legacy-destination,generator-output,649,Registry/render output leaf rename must be coordinated with workflow output-map and canonical destination. Keep temporary --output-dir isolation. Never blindly replace command strings. Non-active mention/generator edge: review context separately.
docshots/chapter04.py,24,07-batch-devices-filled.png,ui.devices.batch-create-filled,documentation_assets/ui/docshot/devices/batch-create-filled.png,batch-create-filled.png,code,B03,generator-contract-review,generator-output-legacy-destination,generator-output,650,Registry/render output leaf rename must be coordinated with workflow output-map and canonical destination. Keep temporary --output-dir isolation. Never blindly replace command strings. Non-active mention/generator edge: review context separately.
docshots/chapter04.py,24,08-search-filter.png,ui.devices.search-switches,documentation_assets/ui/docshot/devices/search-switches.png,search-switches.png,code,B03,generator-contract-review,generator-output-legacy-destination,generator-output,651,Registry/render output leaf rename must be coordinated with workflow output-map and canonical destination. Keep temporary --output-dir isolation. Never blindly replace command strings. Non-active mention/generator edge: review context separately.
docshots/chapter04.py,24,09-device-context-waiting.png,ui.devices.context-waiting,documentation_assets/ui/docshot/devices/context-waiting.png,context-waiting.png,code,B03,generator-contract-review,generator-output-legacy-destination,generator-output,652,Registry/render output leaf rename must be coordinated with workflow output-map and canonical destination. Keep temporary --output-dir isolation. Never blindly replace command strings. Non-active mention/generator edge: review context separately.
docshots/chapter04.py,25,10-device-connected.png,ui.devices.connected,documentation_assets/ui/docshot/devices/connected.png,connected.png,code,B03,generator-contract-review,generator-output-legacy-destination,generator-output,653,Registry/render output leaf rename must be coordinated with workflow output-map and canonical destination. Keep temporary --output-dir isolation. Never blindly replace command strings. Non-active mention/generator edge: review context separately.
docshots/chapter04.py,25,11-device-context-connected.png,ui.devices.context-connected,documentation_assets/ui/docshot/devices/context-connected.png,context-connected.png,code,B03,generator-contract-review,generator-output-legacy-destination,generator-output,654,Registry/render output leaf rename must be coordinated with workflow output-map and canonical destination. Keep temporary --output-dir isolation. Never blindly replace command strings. Non-active mention/generator edge: review context separately.
docshots/chapter04.py,25,12-device-context-disconnected.png,ui.devices.context-disconnected,documentation_assets/ui/docshot/devices/context-disconnected.png,context-disconnected.png,code,B03,generator-contract-review,generator-output-legacy-destination,generator-output,655,Registry/render output leaf rename must be coordinated with workflow output-map and canonical destination. Keep temporary --output-dir isolation. Never blindly replace command strings. Non-active mention/generator edge: review context separately.
docshots/chapter04.py,26,13-multi-select.png,ui.devices.multi-select-mixed-status,documentation_assets/ui/docshot/devices/multi-select-mixed-status.png,multi-select-mixed-status.png,code,B03,generator-contract-review,generator-output-legacy-destination,generator-output,656,Registry/render output leaf rename must be coordinated with workflow output-map and canonical destination. Keep temporary --output-dir isolation. Never blindly replace command strings. Non-active mention/generator edge: review context separately.
docshots/chapter04.py,26,14-multi-select-actions.png,ui.devices.multi-select-actions,documentation_assets/ui/docshot/devices/multi-select-actions.png,multi-select-actions.png,code,B03,generator-contract-review,generator-output-legacy-destination,generator-output,657,Registry/render output leaf rename must be coordinated with workflow output-map and canonical destination. Keep temporary --output-dir isolation. Never blindly replace command strings. Non-active mention/generator edge: review context separately.
docshots/chapter04.py,26,15-edit-device.png,ui.devices.edit,documentation_assets/ui/docshot/devices/edit.png,edit.png,code,B03,generator-contract-review,generator-output-legacy-destination,generator-output,658,Registry/render output leaf rename must be coordinated with workflow output-map and canonical destination. Keep temporary --output-dir isolation. Never blindly replace command strings. Non-active mention/generator edge: review context separately.
docshots/chapter04.py,27,16-delete-device-confirmation.png,ui.devices.delete-confirmation,documentation_assets/ui/docshot/devices/delete-confirmation.png,delete-confirmation.png,code,B03,generator-contract-review,generator-output-legacy-destination,generator-output,659,Registry/render output leaf rename must be coordinated with workflow output-map and canonical destination. Keep temporary --output-dir isolation. Never blindly replace command strings. Non-active mention/generator edge: review context separately.
docshots/chapter04.py,27,17-running-config-result.png,ui.devices.running-config-snapshot,documentation_assets/ui/docshot/devices/running-config-snapshot.png,running-config-snapshot.png,code,B03,generator-contract-review,generator-output-legacy-destination,generator-output,660,Registry/render output leaf rename must be coordinated with workflow output-map and canonical destination. Keep temporary --output-dir isolation. Never blindly replace command strings. Non-active mention/generator edge: review context separately.
docshots/chapter04.py,28,18-import-result.png,ui.devices.import-result,documentation_assets/ui/docshot/devices/import-result.png,import-result.png,code,B03,generator-contract-review,generator-output-legacy-destination,generator-output,661,Registry/render output leaf rename must be coordinated with workflow output-map and canonical destination. Keep temporary --output-dir isolation. Never blindly replace command strings. Non-active mention/generator edge: review context separately.
docshots/chapter04.py,28,19-batch-table-detail.png,ui.devices.batch-host-name-detail,documentation_assets/ui/docshot/devices/batch-host-name-detail.png,batch-host-name-detail.png,code,B03,generator-contract-review,generator-output-legacy-destination,generator-output,662,Registry/render output leaf rename must be coordinated with workflow output-map and canonical destination. Keep temporary --output-dir isolation. Never blindly replace command strings. Non-active mention/generator edge: review context separately.
docshots/shots.py,36,01-select-switch.png,ui.switching.vlan.switch-selected,documentation_assets/ui/docshot/switching/vlan/switch-selected.png,switch-selected.png,code,B03,generator-contract-review,generator-output-legacy-destination,generator-output,663,Registry/render output leaf rename must be coordinated with workflow output-map and canonical destination. Keep temporary --output-dir isolation. Never blindly replace command strings. Non-active mention/generator edge: review context separately.
docshots/shots.py,37,02-open-vlan.png,ui.switching.vlan.database,documentation_assets/ui/docshot/switching/vlan/database.png,database.png,code,B03,generator-contract-review,generator-output-legacy-destination,generator-output,664,Registry/render output leaf rename must be coordinated with workflow output-map and canonical destination. Keep temporary --output-dir isolation. Never blindly replace command strings. Non-active mention/generator edge: review context separately.
docshots/shots.py,38,03-add-vlan.png,ui.switching.vlan.create-empty,documentation_assets/ui/docshot/switching/vlan/create-empty.png,create-empty.png,code,B03,generator-contract-review,generator-output-legacy-destination,generator-output,665,Registry/render output leaf rename must be coordinated with workflow output-map and canonical destination. Keep temporary --output-dir isolation. Never blindly replace command strings. Non-active mention/generator edge: review context separately.
docshots/shots.py,39,04-vlan-id.png,ui.switching.vlan.create-id-filled,documentation_assets/ui/docshot/switching/vlan/create-id-filled.png,create-id-filled.png,code,B03,generator-contract-review,generator-output-legacy-destination,generator-output,666,Registry/render output leaf rename must be coordinated with workflow output-map and canonical destination. Keep temporary --output-dir isolation. Never blindly replace command strings. Non-active mention/generator edge: review context separately.
docshots/shots.py,40,05-vlan-name.png,ui.switching.vlan.create-name-filled,documentation_assets/ui/docshot/switching/vlan/create-name-filled.png,create-name-filled.png,code,B03,generator-contract-review,generator-output-legacy-destination,generator-output,667,Registry/render output leaf rename must be coordinated with workflow output-map and canonical destination. Keep temporary --output-dir isolation. Never blindly replace command strings. Non-active mention/generator edge: review context separately.
docshots/shots.py,41,06-vlan-state.png,ui.switching.vlan.create-state-selector,documentation_assets/ui/docshot/switching/vlan/create-state-selector.png,create-state-selector.png,code,B03,generator-contract-review,generator-output-legacy-destination,generator-output,668,Registry/render output leaf rename must be coordinated with workflow output-map and canonical destination. Keep temporary --output-dir isolation. Never blindly replace command strings. Non-active mention/generator edge: review context separately.
docshots/shots.py,42,07-ready-to-save.png,ui.switching.vlan.create-ready,documentation_assets/ui/docshot/switching/vlan/create-ready.png,create-ready.png,code,B03,generator-contract-review,generator-output-legacy-destination,generator-output,669,Registry/render output leaf rename must be coordinated with workflow output-map and canonical destination. Keep temporary --output-dir isolation. Never blindly replace command strings. Non-active mention/generator edge: review context separately.
docshots/shots.py,43,08-vlan-created.png,ui.switching.vlan.created-pending-apply,documentation_assets/ui/docshot/switching/vlan/created-pending-apply.png,created-pending-apply.png,code,B03,generator-contract-review,generator-output-legacy-destination,generator-output,670,Registry/render output leaf rename must be coordinated with workflow output-map and canonical destination. Keep temporary --output-dir isolation. Never blindly replace command strings. Non-active mention/generator edge: review context separately.
docshots/shots.py,44,09-view-preview.png,ui.switching.vlan.view-push-guest,documentation_assets/ui/docshot/switching/vlan/view-push-guest.png,view-push-guest.png,code,B03,generator-contract-review,generator-output-legacy-destination,generator-output,671,Registry/render output leaf rename must be coordinated with workflow output-map and canonical destination. Keep temporary --output-dir isolation. Never blindly replace command strings. Non-active mention/generator edge: review context separately.
docshots/shots.py,1,welcome.png,ui.core.welcome-recent-projects,documentation_assets/ui/docshot/core/welcome-recent-projects.png,welcome-recent-projects.png,code,B03,generator-contract-review,generator-output-legacy-destination,generator-output,672,Registry/render output leaf rename must be coordinated with workflow output-map and canonical destination. Keep temporary --output-dir isolation. Never blindly replace command strings. Non-active mention/generator edge: review context separately.
docshots/shots.py,1,workspace.png,ui.core.workspace-empty,documentation_assets/ui/docshot/core/workspace-empty.png,workspace-empty.png,code,B03,generator-contract-review,generator-output-legacy-destination,generator-output,673,Registry/render output leaf rename must be coordinated with workflow output-map and canonical destination. Keep temporary --output-dir isolation. Never blindly replace command strings. Non-active mention/generator edge: review context separately.
docshots/shots.py,1,devices.png,ui.devices.inventory-router-selected,documentation_assets/ui/docshot/devices/inventory-router-selected.png,inventory-router-selected.png,code,B03,generator-contract-review,generator-output-legacy-destination,generator-output,674,Registry/render output leaf rename must be coordinated with workflow output-map and canonical destination. Keep temporary --output-dir isolation. Never blindly replace command strings. Non-active mention/generator edge: review context separately.
