asset_id,path,extension,manifest_sha,working_tree_sha,git_blob_sha,git_text_attribute,eol_only,action
ui.core.welcome-no-recent-projects,00_book/figures/gui/chapter-02/01-welcome-window.png,.png,6dbe1505c3c741477a8ed92a51076b6d58d4673520013015ef2c04b4cf054bbd,6dbe1505c3c741477a8ed92a51076b6d58d4673520013015ef2c04b4cf054bbd,6dbe1505c3c741477a8ed92a51076b6d58d4673520013015ef2c04b4cf054bbd,auto,false,unchanged
ui.project.create-empty,00_book/figures/gui/chapter-02/02-create-project.png,.png,b3d74cb9f86b0ffac2c4917488008502b5fbe0718d5b4490fd7ec7e7e5cb520f,b3d74cb9f86b0ffac2c4917488008502b5fbe0718d5b4490fd7ec7e7e5cb520f,b3d74cb9f86b0ffac2c4917488008502b5fbe0718d5b4490fd7ec7e7e5cb520f,auto,false,unchanged
ui.project.create-ready,00_book/figures/gui/chapter-02/03-project-details.png,.png,bd1a6892115ed6685deaa15ec146941a4e3331accd1668d3e4ce0e51ff5c6707,bd1a6892115ed6685deaa15ec146941a4e3331accd1668d3e4ce0e51ff5c6707,bd1a6892115ed6685deaa15ec146941a4e3331accd1668d3e4ce0e51ff5c6707,auto,false,unchanged
ui.project.workspace-new-project,00_book/figures/gui/chapter-02/04-workspace-opened.png,.png,e7a687467b959823d749c993c7ad823d65304c9137ea328c734ddd3064705a36,e7a687467b959823d749c993c7ad823d65304c9137ea328c734ddd3064705a36,e7a687467b959823d749c993c7ad823d65304c9137ea328c734ddd3064705a36,auto,false,unchanged
ui.project.open-project-choice,00_book/figures/gui/chapter-02/05-open-project-choice.png,.png,e7e918a348d2203fd68c2c05a579b0d3a423b65ef61644551ace02dcccf6a95f,e7e918a348d2203fd68c2c05a579b0d3a423b65ef61644551ace02dcccf6a95f,e7e918a348d2203fd68c2c05a579b0d3a423b65ef61644551ace02dcccf6a95f,auto,false,unchanged
ui.project.workspace-open-existing,00_book/figures/gui/chapter-02/06-open-existing-project.png,.png,7de27f0a95e1694667be8d4b6d381df7cb4b02e3adc3a2aa334e9739ba3036f4,7de27f0a95e1694667be8d4b6d381df7cb4b02e3adc3a2aa334e9739ba3036f4,7de27f0a95e1694667be8d4b6d381df7cb4b02e3adc3a2aa334e9739ba3036f4,auto,false,unchanged
ui.project.recent-projects,00_book/figures/gui/chapter-02/07-recent-projects.png,.png,212f5ac2dd93d9812961ca1a9665c61e49b02987f1b93fa131148da4d3558cc5,212f5ac2dd93d9812961ca1a9665c61e49b02987f1b93fa131148da4d3558cc5,212f5ac2dd93d9812961ca1a9665c61e49b02987f1b93fa131148da4d3558cc5,auto,false,unchanged
ui.project.save-menu,00_book/figures/gui/chapter-02/08-save-project.png,.png,69ee0d25e8594580fe3226e59301de39abc37d2e0781af922f9a15ddc935b0db,69ee0d25e8594580fe3226e59301de39abc37d2e0781af922f9a15ddc935b0db,69ee0d25e8594580fe3226e59301de39abc37d2e0781af922f9a15ddc935b0db,auto,false,unchanged
ui.project.snapshot-history,00_book/figures/gui/chapter-02/09-snapshot-history.png,.png,cb631f8f1621412d5db5849b5c9c9a581e191de83fea79d87d063089b14b7b98,cb631f8f1621412d5db5849b5c9c9a581e191de83fea79d87d063089b14b7b98,cb631f8f1621412d5db5849b5c9c9a581e191de83fea79d87d063089b14b7b98,auto,false,unchanged
ui.project.workspace-ready,00_book/figures/gui/chapter-02/10-ready-workspace.png,.png,f8ee59d3e04fd060bc069dcd1b0468cc03a6c30619dd848d830254243f108acd,f8ee59d3e04fd060bc069dcd1b0468cc03a6c30619dd848d830254243f108acd,f8ee59d3e04fd060bc069dcd1b0468cc03a6c30619dd848d830254243f108acd,auto,false,unchanged
ui.core.workspace-overview,00_book/figures/gui/chapter-03/01-workspace-overview.png,.png,4c060f15972dc8484bd445882a9a0e07b664e09cc42bd65873af52bc7b1e420f,4c060f15972dc8484bd445882a9a0e07b664e09cc42bd65873af52bc7b1e420f,4c060f15972dc8484bd445882a9a0e07b664e09cc42bd65873af52bc7b1e420f,auto,false,unchanged
ui.core.view-menu,00_book/figures/gui/chapter-03/02-menu-bar.png,.png,051797bbf7e32ae7ad318120d8f55a6ff6333d5fef9a327262f48ae3a67c7ed8,051797bbf7e32ae7ad318120d8f55a6ff6333d5fef9a327262f48ae3a67c7ed8,051797bbf7e32ae7ad318120d8f55a6ff6333d5fef9a327262f48ae3a67c7ed8,auto,false,unchanged
ui.core.activity-bar,00_book/figures/gui/chapter-03/03-activity-bar.png,.png,1e536a74b4b687128ab01a1623d90c835eb5d05fa0328164bed4ce4fd29fd8db,1e536a74b4b687128ab01a1623d90c835eb5d05fa0328164bed4ce4fd29fd8db,1e536a74b4b687128ab01a1623d90c835eb5d05fa0328164bed4ce4fd29fd8db,auto,false,unchanged
ui.devices.sidebar-status-groups,00_book/figures/gui/chapter-03/04-devices-sidebar.png,.png,cfa2fbb557d60aa3dc84af6947a428a61c256c59efafc63f93e6204b33b434c9,cfa2fbb557d60aa3dc84af6947a428a61c256c59efafc63f93e6204b33b434c9,cfa2fbb557d60aa3dc84af6947a428a61c256c59efafc63f93e6204b33b434c9,auto,false,unchanged
ui.devices.tabs-router-active,00_book/figures/gui/chapter-03/05-device-tabs.png,.png,1be478630aa5cb58e9b615f959542147309e172e2bae4fe790eb54dd5479acac,1be478630aa5cb58e9b615f959542147309e172e2bae4fe790eb54dd5479acac,1be478630aa5cb58e9b615f959542147309e172e2bae4fe790eb54dd5479acac,auto,false,unchanged
ui.core.feature-bar-router,00_book/figures/gui/chapter-03/06-feature-bar-router.png,.png,e4698aab0bcd4843d47222efcf7b751c205f0d7d9655c666f13f4b77f80b3045,e4698aab0bcd4843d47222efcf7b751c205f0d7d9655c666f13f4b77f80b3045,e4698aab0bcd4843d47222efcf7b751c205f0d7d9655c666f13f4b77f80b3045,auto,false,unchanged
ui.core.feature-bar-switch,00_book/figures/gui/chapter-03/07-feature-bar-switch.png,.png,2a893694a070c6f6c879da03a4bf9de8ea95a019ccc99a805d5b84366ff8aa4b,2a893694a070c6f6c879da03a4bf9de8ea95a019ccc99a805d5b84366ff8aa4b,2a893694a070c6f6c879da03a4bf9de8ea95a019ccc99a805d5b84366ff8aa4b,auto,false,unchanged
ui.core.information-empty,00_book/figures/gui/chapter-03/08-content-area.png,.png,c12de17bcb410ab7ba96efc231f8bcc2956db08fdd7de5953ad7774860fef206,c12de17bcb410ab7ba96efc231f8bcc2956db08fdd7de5953ad7774860fef206,c12de17bcb410ab7ba96efc231f8bcc2956db08fdd7de5953ad7774860fef206,auto,false,unchanged
ui.core.status-bar,00_book/figures/gui/chapter-03/09-status-bar.png,.png,40a8869ad008c67fd2dd8df66b93df3e52be72188355a14865a82240c884089f,40a8869ad008c67fd2dd8df66b93df3e52be72188355a14865a82240c884089f,40a8869ad008c67fd2dd8df66b93df3e52be72188355a14865a82240c884089f,auto,false,unchanged
ui.core.status-details,00_book/figures/gui/chapter-03/09-status-details.png,.png,3ad3c2c226f6ff0423e782217c73c743b0852c8109589062f7010d1b3355ae3d,3ad3c2c226f6ff0423e782217c73c743b0852c8109589062f7010d1b3355ae3d,3ad3c2c226f6ff0423e782217c73c743b0852c8109589062f7010d1b3355ae3d,auto,false,unchanged
ui.core.sidebar-collapsed,00_book/figures/gui/chapter-03/10-sidebar-collapsed.png,.png,87b6babd912a9ca8e682feb967d0993b3baa86ce8e9b8f542a92ea52f914a64d,87b6babd912a9ca8e682feb967d0993b3baa86ce8e9b8f542a92ea52f914a64d,87b6babd912a9ca8e682feb967d0993b3baa86ce8e9b8f542a92ea52f914a64d,auto,false,unchanged
ui.devices.inventory-waiting,00_book/figures/gui/chapter-04/01-devices-inventory.png,.png,5795b95a2f9da1116c2b884f6aa751855938d18da9ab7696a7632ce80728bf18,5795b95a2f9da1116c2b884f6aa751855938d18da9ab7696a7632ce80728bf18,5795b95a2f9da1116c2b884f6aa751855938d18da9ab7696a7632ce80728bf18,auto,false,unchanged
ui.devices.create-empty,00_book/figures/gui/chapter-04/02-add-device-empty.png,.png,0b2ecd621e3a7ad55dc496f8b16a72a7690daeed3b0d3f7e229f661d1793e7b2,0b2ecd621e3a7ad55dc496f8b16a72a7690daeed3b0d3f7e229f661d1793e7b2,0b2ecd621e3a7ad55dc496f8b16a72a7690daeed3b0d3f7e229f661d1793e7b2,auto,false,unchanged
ui.devices.create-filled,00_book/figures/gui/chapter-04/03-add-device-filled.png,.png,a02d9891d0f55e0241144c01817c22ed190a5e43adfefbfcdd2e8bc4f1074c33,a02d9891d0f55e0241144c01817c22ed190a5e43adfefbfcdd2e8bc4f1074c33,a02d9891d0f55e0241144c01817c22ed190a5e43adfefbfcdd2e8bc4f1074c33,auto,false,unchanged
ui.devices.created-waiting,00_book/figures/gui/chapter-04/04-device-added-waiting.png,.png,6d8c206c275cfc57390585b17d678ebb76ce7f5f59e2ef88486d8bcb103aa7f1,6d8c206c275cfc57390585b17d678ebb76ce7f5f59e2ef88486d8bcb103aa7f1,6d8c206c275cfc57390585b17d678ebb76ce7f5f59e2ef88486d8bcb103aa7f1,auto,false,unchanged
ui.devices.ssh-compatibility,00_book/figures/gui/chapter-04/05-ssh-compatibility.png,.png,d24d229804c949a53ff34b3a69f6002d5245878d168afdc5425dfed8116aff1b,d24d229804c949a53ff34b3a69f6002d5245878d168afdc5425dfed8116aff1b,d24d229804c949a53ff34b3a69f6002d5245878d168afdc5425dfed8116aff1b,auto,false,unchanged
ui.devices.batch-create-empty,00_book/figures/gui/chapter-04/06-add-multiple-devices.png,.png,0779ab2f5ab0eb2af296e2d0e75aefd86c30874d0c6c24aa8d2c9e7980b9cfbe,0779ab2f5ab0eb2af296e2d0e75aefd86c30874d0c6c24aa8d2c9e7980b9cfbe,0779ab2f5ab0eb2af296e2d0e75aefd86c30874d0c6c24aa8d2c9e7980b9cfbe,auto,false,unchanged
ui.devices.batch-create-filled,00_book/figures/gui/chapter-04/07-batch-devices-filled.png,.png,7b8c019d6ea70f79f715b97664655b88e17e87ebf8344fd44e750a32bb72afdb,7b8c019d6ea70f79f715b97664655b88e17e87ebf8344fd44e750a32bb72afdb,7b8c019d6ea70f79f715b97664655b88e17e87ebf8344fd44e750a32bb72afdb,auto,false,unchanged
ui.devices.search-switches,00_book/figures/gui/chapter-04/08-search-filter.png,.png,d0b036bc1c80f8e2ff602e0ac0dbbce0b022ebae313088637c8efb3d8ddde2f0,d0b036bc1c80f8e2ff602e0ac0dbbce0b022ebae313088637c8efb3d8ddde2f0,d0b036bc1c80f8e2ff602e0ac0dbbce0b022ebae313088637c8efb3d8ddde2f0,auto,false,unchanged
ui.devices.context-waiting,00_book/figures/gui/chapter-04/09-device-context-waiting.png,.png,1876fde72c06f6d519d550e495e5131f3b61073a3e4b04e67d105f721c13ba3b,1876fde72c06f6d519d550e495e5131f3b61073a3e4b04e67d105f721c13ba3b,1876fde72c06f6d519d550e495e5131f3b61073a3e4b04e67d105f721c13ba3b,auto,false,unchanged
ui.devices.connected,00_book/figures/gui/chapter-04/10-device-connected.png,.png,832f211649abc08ec638aaeeb901393e142597beb27df3b2fa45b3e213ec2eaa,832f211649abc08ec638aaeeb901393e142597beb27df3b2fa45b3e213ec2eaa,832f211649abc08ec638aaeeb901393e142597beb27df3b2fa45b3e213ec2eaa,auto,false,unchanged
ui.devices.context-connected,00_book/figures/gui/chapter-04/11-device-context-connected.png,.png,0fc0c956706debe4d7b88d7ea8aa6ee37e1c59975589ce779052247c2e1a55c5,0fc0c956706debe4d7b88d7ea8aa6ee37e1c59975589ce779052247c2e1a55c5,0fc0c956706debe4d7b88d7ea8aa6ee37e1c59975589ce779052247c2e1a55c5,auto,false,unchanged
ui.devices.context-disconnected,00_book/figures/gui/chapter-04/12-device-context-disconnected.png,.png,048ab16d3967320faf63ffbed1adf19c047915239eea20768e8adc197b701d60,048ab16d3967320faf63ffbed1adf19c047915239eea20768e8adc197b701d60,048ab16d3967320faf63ffbed1adf19c047915239eea20768e8adc197b701d60,auto,false,unchanged
ui.devices.multi-select-mixed-status,00_book/figures/gui/chapter-04/13-multi-select.png,.png,aaff71c875a43f65edb1c23ce437995dc8fcbab863d742c4fd3a6c991973d921,aaff71c875a43f65edb1c23ce437995dc8fcbab863d742c4fd3a6c991973d921,aaff71c875a43f65edb1c23ce437995dc8fcbab863d742c4fd3a6c991973d921,auto,false,unchanged
ui.devices.multi-select-actions,00_book/figures/gui/chapter-04/14-multi-select-actions.png,.png,32addcf16e0806130c076ad7e61bcc28e8d617b324c3c374712b86b8388695ac,32addcf16e0806130c076ad7e61bcc28e8d617b324c3c374712b86b8388695ac,32addcf16e0806130c076ad7e61bcc28e8d617b324c3c374712b86b8388695ac,auto,false,unchanged
ui.devices.edit,00_book/figures/gui/chapter-04/15-edit-device.png,.png,21540dd91bb9f77961735a68c1533306bcba8e6a34ee0a1c1e07594dfe8ba7c5,21540dd91bb9f77961735a68c1533306bcba8e6a34ee0a1c1e07594dfe8ba7c5,21540dd91bb9f77961735a68c1533306bcba8e6a34ee0a1c1e07594dfe8ba7c5,auto,false,unchanged
ui.devices.delete-confirmation,00_book/figures/gui/chapter-04/16-delete-device-confirmation.png,.png,6c28db6616155d08164b74e1de8925438487ecdc886b109afcca24739151553e,6c28db6616155d08164b74e1de8925438487ecdc886b109afcca24739151553e,6c28db6616155d08164b74e1de8925438487ecdc886b109afcca24739151553e,auto,false,unchanged
ui.devices.running-config-snapshot,00_book/figures/gui/chapter-04/17-running-config-result.png,.png,caf4b73617c7a435f81787d343ea829370e779cc8eca30f89b8c38b5956db633,caf4b73617c7a435f81787d343ea829370e779cc8eca30f89b8c38b5956db633,caf4b73617c7a435f81787d343ea829370e779cc8eca30f89b8c38b5956db633,auto,false,unchanged
ui.devices.import-result,00_book/figures/gui/chapter-04/18-import-result.png,.png,1f17db3fe7e4305d9d22fbae22ecd678ea0293797be613db7229682f3d6db4c9,1f17db3fe7e4305d9d22fbae22ecd678ea0293797be613db7229682f3d6db4c9,1f17db3fe7e4305d9d22fbae22ecd678ea0293797be613db7229682f3d6db4c9,auto,false,unchanged
ui.devices.batch-host-name-detail,00_book/figures/gui/chapter-04/19-batch-table-detail.png,.png,0f0e63db4ad0c0970dff47b8ccfcf5f89c62fb7681c8df1b068fc05e3e506374,0f0e63db4ad0c0970dff47b8ccfcf5f89c62fb7681c8df1b068fc05e3e506374,0f0e63db4ad0c0970dff47b8ccfcf5f89c62fb7681c8df1b068fc05e3e506374,auto,false,unchanged
ui.routing.interfaces.physical-overview,00_book/figures/gui/chapter-05/01-router-interface-overview.png,.png,2e2310fce2f42b2afcc024cee26d5e486cf5481b56db3c1ea292da235d821509,2e2310fce2f42b2afcc024cee26d5e486cf5481b56db3c1ea292da235d821509,2e2310fce2f42b2afcc024cee26d5e486cf5481b56db3c1ea292da235d821509,auto,false,unchanged
ui.routing.interfaces.physical-edit,00_book/figures/gui/chapter-05/02-edit-physical-interface.png,.png,1a9790a063d51cd57b0593b22918bee5b0feefec3a9b13e6236e804e3c89a16c,1a9790a063d51cd57b0593b22918bee5b0feefec3a9b13e6236e804e3c89a16c,1a9790a063d51cd57b0593b22918bee5b0feefec3a9b13e6236e804e3c89a16c,auto,false,unchanged
ui.routing.interfaces.physical-configured,00_book/figures/gui/chapter-05/03-physical-interface-configured.png,.png,09216d4d3ed7f35e976d757577f36b2b6241fb7ee2f536104547004bcf9bd8b4,09216d4d3ed7f35e976d757577f36b2b6241fb7ee2f536104547004bcf9bd8b4,09216d4d3ed7f35e976d757577f36b2b6241fb7ee2f536104547004bcf9bd8b4,auto,false,unchanged
ui.routing.interfaces.loopback,00_book/figures/gui/chapter-05/04-loopback-interface.png,.png,89d33ec99c36a9e31a03f71bad12cb5fae05239db690f616086c8a6f3e774e92,89d33ec99c36a9e31a03f71bad12cb5fae05239db690f616086c8a6f3e774e92,89d33ec99c36a9e31a03f71bad12cb5fae05239db690f616086c8a6f3e774e92,auto,false,unchanged
ui.routing.interfaces.tunnel,00_book/figures/gui/chapter-05/05-tunnel-interface.png,.png,170165e3e3e7427fdf90f4b765353653d31b29e7df7f1486760399e262a067b5,170165e3e3e7427fdf90f4b765353653d31b29e7df7f1486760399e262a067b5,170165e3e3e7427fdf90f4b765353653d31b29e7df7f1486760399e262a067b5,auto,false,unchanged
ui.routing.interfaces.subinterface,00_book/figures/gui/chapter-05/06-subinterface.png,.png,f618e2adefce7efc10a19521bf733e44a0668e1122ff7e947b2ea5687fbb6fd0,f618e2adefce7efc10a19521bf733e44a0668e1122ff7e947b2ea5687fbb6fd0,f618e2adefce7efc10a19521bf733e44a0668e1122ff7e947b2ea5687fbb6fd0,auto,false,unchanged
ui.routing.interfaces.view-push,00_book/figures/gui/chapter-05/07-view-push-preview.png,.png,4416d22732ca55b909edd07c0f9f20d4ac9586aeb802a249735ae57232f8eb27,4416d22732ca55b909edd07c0f9f20d4ac9586aeb802a249735ae57232f8eb27,4416d22732ca55b909edd07c0f9f20d4ac9586aeb802a249735ae57232f8eb27,auto,false,unchanged
ui.routing.static.routes,00_book/figures/gui/chapter-06/01-static-routes.png,.png,b4818caf697400f602a18232f758de3da68ab528ca7404c07ef91a00391ddaf8,b4818caf697400f602a18232f758de3da68ab528ca7404c07ef91a00391ddaf8,b4818caf697400f602a18232f758de3da68ab528ca7404c07ef91a00391ddaf8,auto,false,unchanged
ui.routing.static.default-routes,00_book/figures/gui/chapter-06/02-default-routes.png,.png,2ec93b9225b828d2d5dd521489d21ac4b360c4dac4ab847ed26dd0fd8ffc2297,2ec93b9225b828d2d5dd521489d21ac4b360c4dac4ab847ed26dd0fd8ffc2297,2ec93b9225b828d2d5dd521489d21ac4b360c4dac4ab847ed26dd0fd8ffc2297,auto,false,unchanged
ui.routing.ospf.process,00_book/figures/gui/chapter-06/03-ospf-process.png,.png,dcb1e8b9fc31989a85d6889824d0c22996ed7690d2a6f299a8426c0f445c7d37,dcb1e8b9fc31989a85d6889824d0c22996ed7690d2a6f299a8426c0f445c7d37,dcb1e8b9fc31989a85d6889824d0c22996ed7690d2a6f299a8426c0f445c7d37,auto,false,unchanged
ui.routing.ospf.networks,00_book/figures/gui/chapter-06/04-ospf-networks.png,.png,8f2cd52023ee1d9c90e84af2d07be0b2703ddbe26096d28edae3aea7c0796631,8f2cd52023ee1d9c90e84af2d07be0b2703ddbe26096d28edae3aea7c0796631,8f2cd52023ee1d9c90e84af2d07be0b2703ddbe26096d28edae3aea7c0796631,auto,false,unchanged
ui.routing.ospf.areas,00_book/figures/gui/chapter-06/05-ospf-areas.png,.png,d98b0a6400604bf5740b7925ea4c8992fa166a739f5420451bab4ac9d765daf0,d98b0a6400604bf5740b7925ea4c8992fa166a739f5420451bab4ac9d765daf0,d98b0a6400604bf5740b7925ea4c8992fa166a739f5420451bab4ac9d765daf0,auto,false,unchanged
ui.routing.ospf.distance,00_book/figures/gui/chapter-06/06-ospf-distance.png,.png,d2c895afc92441dd85e26ddb95ca24c18f3c5f3924203ead8e12f919acd3b502,d2c895afc92441dd85e26ddb95ca24c18f3c5f3924203ead8e12f919acd3b502,d2c895afc92441dd85e26ddb95ca24c18f3c5f3924203ead8e12f919acd3b502,auto,false,unchanged
ui.routing.ospf.redistribute,00_book/figures/gui/chapter-06/07-ospf-redistribute.png,.png,c6528011fc08509e1bde849a15bdd78c16398a0b66e8effdab05ebd983385b03,c6528011fc08509e1bde849a15bdd78c16398a0b66e8effdab05ebd983385b03,c6528011fc08509e1bde849a15bdd78c16398a0b66e8effdab05ebd983385b03,auto,false,unchanged
ui.routing.ospf.interfaces,00_book/figures/gui/chapter-06/08-ospf-interfaces.png,.png,0d6d274a335dfe031d49342c140c46f3d37bee40d7436fd5e16bf2e691d5363d,0d6d274a335dfe031d49342c140c46f3d37bee40d7436fd5e16bf2e691d5363d,0d6d274a335dfe031d49342c140c46f3d37bee40d7436fd5e16bf2e691d5363d,auto,false,unchanged
ui.routing.ospf.passive-interfaces,00_book/figures/gui/chapter-06/09-ospf-passive-interface.png,.png,11f4713e1924d4813cb8a70acfed6dcc57904a25cb6f64ac853341308dd7f988,11f4713e1924d4813cb8a70acfed6dcc57904a25cb6f64ac853341308dd7f988,11f4713e1924d4813cb8a70acfed6dcc57904a25cb6f64ac853341308dd7f988,auto,false,unchanged
ui.routing.ospf.tuning,00_book/figures/gui/chapter-06/10-ospf-tuning.png,.png,e422f2cbc42a6e3125031c7015ab7d403f4acd45244b343d99e50114fbd0e35d,e422f2cbc42a6e3125031c7015ab7d403f4acd45244b343d99e50114fbd0e35d,e422f2cbc42a6e3125031c7015ab7d403f4acd45244b343d99e50114fbd0e35d,auto,false,unchanged
ui.routing.eigrp.process,00_book/figures/gui/chapter-06/11-eigrp-process.png,.png,3994c8b87d243d362c169ad68c5654c6c54b30005ce9d5b6e7bd79b542181138,3994c8b87d243d362c169ad68c5654c6c54b30005ce9d5b6e7bd79b542181138,3994c8b87d243d362c169ad68c5654c6c54b30005ce9d5b6e7bd79b542181138,auto,false,unchanged
ui.routing.eigrp.networks,00_book/figures/gui/chapter-06/12-eigrp-networks.png,.png,7e4366a4fbe722b388e1eddcfaf90dbbb22321000e1d99029af4fbd56b7f8387,7e4366a4fbe722b388e1eddcfaf90dbbb22321000e1d99029af4fbd56b7f8387,7e4366a4fbe722b388e1eddcfaf90dbbb22321000e1d99029af4fbd56b7f8387,auto,false,unchanged
ui.routing.eigrp.interfaces,00_book/figures/gui/chapter-06/13-eigrp-interfaces.png,.png,a9456f8f09771ea7438375d1677a9e9920b09dc4180835ec35967234dbf73732,a9456f8f09771ea7438375d1677a9e9920b09dc4180835ec35967234dbf73732,a9456f8f09771ea7438375d1677a9e9920b09dc4180835ec35967234dbf73732,auto,false,unchanged
ui.routing.eigrp.passive-interfaces,00_book/figures/gui/chapter-06/14-eigrp-passive-interface.png,.png,4a40f76dbb3ac61f1b2f9b8486be7f77121a52135d7593887e75f3281d61f21c,4a40f76dbb3ac61f1b2f9b8486be7f77121a52135d7593887e75f3281d61f21c,4a40f76dbb3ac61f1b2f9b8486be7f77121a52135d7593887e75f3281d61f21c,auto,false,unchanged
ui.routing.eigrp.redistribute,00_book/figures/gui/chapter-06/15-eigrp-redistribute.png,.png,b4f391440ee2eb89adb1b91a5566d0e7cdce53b2603db9ba6b4d445edc5c31e5,b4f391440ee2eb89adb1b91a5566d0e7cdce53b2603db9ba6b4d445edc5c31e5,b4f391440ee2eb89adb1b91a5566d0e7cdce53b2603db9ba6b4d445edc5c31e5,auto,false,unchanged
ui.routing.eigrp.distribute-list,00_book/figures/gui/chapter-06/16-eigrp-distribute-list.png,.png,e0b629e319c417d0981d4dc7b240d90e4c7f086d714c4f7712fd15c01fe53d00,e0b629e319c417d0981d4dc7b240d90e4c7f086d714c4f7712fd15c01fe53d00,e0b629e319c417d0981d4dc7b240d90e4c7f086d714c4f7712fd15c01fe53d00,auto,false,unchanged
ui.routing.eigrp.offset-list,00_book/figures/gui/chapter-06/17-eigrp-offset-list.png,.png,b796882da0f2b406fa004f100c9e96c2512fe0b6976b0c229b744ca7cbc0c15e,b796882da0f2b406fa004f100c9e96c2512fe0b6976b0c229b744ca7cbc0c15e,b796882da0f2b406fa004f100c9e96c2512fe0b6976b0c229b744ca7cbc0c15e,auto,false,unchanged
ui.routing.eigrp.key-chains,00_book/figures/gui/chapter-06/18-eigrp-key-chains.png,.png,cdfbe301669b9c35804600d085d8c2ea3eaf9e7ad30447fccfd65ba267d441f2,cdfbe301669b9c35804600d085d8c2ea3eaf9e7ad30447fccfd65ba267d441f2,cdfbe301669b9c35804600d085d8c2ea3eaf9e7ad30447fccfd65ba267d441f2,auto,false,unchanged
ui.routing.ospf.routing-group-hosts,00_book/figures/gui/chapter-06/19-routing-group-hosts.png,.png,cd88574c5e2f83895cfd1edfefbefc56fdf36fde12242e8df561c258c0c3a057,cd88574c5e2f83895cfd1edfefbefc56fdf36fde12242e8df561c258c0c3a057,cd88574c5e2f83895cfd1edfefbefc56fdf36fde12242e8df561c258c0c3a057,auto,false,unchanged
ui.routing.ospf.routing-group-identity,00_book/figures/gui/chapter-06/20-routing-group-identity.png,.png,56b95e5d7ca78612b0e2c3e7e34db36d3f11d53c95e7c4e364d58b9e59c8d977,56b95e5d7ca78612b0e2c3e7e34db36d3f11d53c95e7c4e364d58b9e59c8d977,56b95e5d7ca78612b0e2c3e7e34db36d3f11d53c95e7c4e364d58b9e59c8d977,auto,false,unchanged
ui.routing.ospf.routing-group-common,00_book/figures/gui/chapter-06/21-routing-group-common.png,.png,c5a620d0f5f17d0977925e0724ee39197290c6c07dfdc40889f7b6eddb3acdb3,c5a620d0f5f17d0977925e0724ee39197290c6c07dfdc40889f7b6eddb3acdb3,c5a620d0f5f17d0977925e0724ee39197290c6c07dfdc40889f7b6eddb3acdb3,auto,false,unchanged
ui.routing.ospf.routing-group-networks,00_book/figures/gui/chapter-06/22-routing-group-networks.png,.png,9e7a2523e922bb35fc2790a27c4f2b137e5726a6d9a8092593658bd2c9835163,9e7a2523e922bb35fc2790a27c4f2b137e5726a6d9a8092593658bd2c9835163,9e7a2523e922bb35fc2790a27c4f2b137e5726a6d9a8092593658bd2c9835163,auto,false,unchanged
ui.routing.static.view-push,00_book/figures/gui/chapter-06/23-static-view-push.png,.png,82a3024cf56a4adde5eafd1e49dbf5707a0d13d388b99595e626fb11d529a3f7,82a3024cf56a4adde5eafd1e49dbf5707a0d13d388b99595e626fb11d529a3f7,82a3024cf56a4adde5eafd1e49dbf5707a0d13d388b99595e626fb11d529a3f7,auto,false,unchanged
ui.routing.ospf.view-push,00_book/figures/gui/chapter-06/24-ospf-view-push.png,.png,3eea7873d6d76b25b029ba03b89852528243e1b9821f76e635bde326498fb558,3eea7873d6d76b25b029ba03b89852528243e1b9821f76e635bde326498fb558,3eea7873d6d76b25b029ba03b89852528243e1b9821f76e635bde326498fb558,auto,false,unchanged
ui.routing.eigrp.view-push,00_book/figures/gui/chapter-06/25-eigrp-view-push.png,.png,966cfb49cfe4df8538ec4c779e202d1dbcc62c8f7197c7a72332bb6a520a7b74,966cfb49cfe4df8538ec4c779e202d1dbcc62c8f7197c7a72332bb6a520a7b74,966cfb49cfe4df8538ec4c779e202d1dbcc62c8f7197c7a72332bb6a520a7b74,auto,false,unchanged
ui.routing.ospf.routing-group-view-push,00_book/figures/gui/chapter-06/26-routing-group-view-push.png,.png,281941875e99da4bdb57544a4c425e7046f8587d25285b125a71a06ca155609f,281941875e99da4bdb57544a4c425e7046f8587d25285b125a71a06ca155609f,281941875e99da4bdb57544a4c425e7046f8587d25285b125a71a06ca155609f,auto,false,unchanged
ui.routing.dhcp.pools,00_book/figures/gui/chapter-07/01-dhcp-pools.png,.png,b53eff3cd8433087ec8fb6d2dc4889144e2067ce5223e9f7586573dc2cce10b2,b53eff3cd8433087ec8fb6d2dc4889144e2067ce5223e9f7586573dc2cce10b2,b53eff3cd8433087ec8fb6d2dc4889144e2067ce5223e9f7586573dc2cce10b2,auto,false,unchanged
ui.routing.dhcp.excluded-addresses,00_book/figures/gui/chapter-07/02-dhcp-excluded-addresses.png,.png,0ee20eb9a6a0c53d5bbea6059ca2bd69990fa7183f6bb9dbe9f066879af53d27,0ee20eb9a6a0c53d5bbea6059ca2bd69990fa7183f6bb9dbe9f066879af53d27,0ee20eb9a6a0c53d5bbea6059ca2bd69990fa7183f6bb9dbe9f066879af53d27,auto,false,unchanged
ui.routing.dhcp.helper-addresses,00_book/figures/gui/chapter-07/03-dhcp-helper-addresses.png,.png,54ca3589fe1f5d199b88bacb7fbc2d8c3c47d9fd831e92b49bdda60f5bdef8aa,54ca3589fe1f5d199b88bacb7fbc2d8c3c47d9fd831e92b49bdda60f5bdef8aa,54ca3589fe1f5d199b88bacb7fbc2d8c3c47d9fd831e92b49bdda60f5bdef8aa,auto,false,unchanged
ui.routing.dhcp.view-push,00_book/figures/gui/chapter-07/04-dhcp-view-push.png,.png,a928bb17aaf306441065736fa2fb6b9c557b17292f7c17ce4cc1968f39ed8be7,a928bb17aaf306441065736fa2fb6b9c557b17292f7c17ce4cc1968f39ed8be7,a928bb17aaf306441065736fa2fb6b9c557b17292f7c17ce4cc1968f39ed8be7,auto,false,unchanged
ui.routing.acl.standard,00_book/figures/gui/chapter-08/01-acl-standard.png,.png,959e8a8d3777948b29b761bfe485fedb4d0dfa6386c9b105a640b1109bcd8cba,959e8a8d3777948b29b761bfe485fedb4d0dfa6386c9b105a640b1109bcd8cba,959e8a8d3777948b29b761bfe485fedb4d0dfa6386c9b105a640b1109bcd8cba,auto,false,unchanged
ui.routing.acl.extended,00_book/figures/gui/chapter-08/02-acl-extended.png,.png,aae1c02ef39cfe1b8c1f607f5d6fd527fd654186e5230ee668cd514afc250a2d,aae1c02ef39cfe1b8c1f607f5d6fd527fd654186e5230ee668cd514afc250a2d,aae1c02ef39cfe1b8c1f607f5d6fd527fd654186e5230ee668cd514afc250a2d,auto,false,unchanged
ui.routing.acl.dynamic,00_book/figures/gui/chapter-08/03-acl-dynamic.png,.png,a2a5ba78ccff7a615ae9b9496d5b3c9869f4e96e83ae93d56e6d316a07cec5ac,a2a5ba78ccff7a615ae9b9496d5b3c9869f4e96e83ae93d56e6d316a07cec5ac,a2a5ba78ccff7a615ae9b9496d5b3c9869f4e96e83ae93d56e6d316a07cec5ac,auto,false,unchanged
ui.routing.acl.reflexive,00_book/figures/gui/chapter-08/04-acl-reflexive.png,.png,9e7d725669115554b85eddd535918d669389f90de4c890ca3abaf51c3b8fc958,9e7d725669115554b85eddd535918d669389f90de4c890ca3abaf51c3b8fc958,9e7d725669115554b85eddd535918d669389f90de4c890ca3abaf51c3b8fc958,auto,false,unchanged
ui.routing.acl.mac,00_book/figures/gui/chapter-08/05-acl-mac.png,.png,87842fa704cf2b9d17486f95a6c77f7f9837eba31ddc64fd6ac356338c0c6a80,87842fa704cf2b9d17486f95a6c77f7f9837eba31ddc64fd6ac356338c0c6a80,87842fa704cf2b9d17486f95a6c77f7f9837eba31ddc64fd6ac356338c0c6a80,auto,false,unchanged
ui.routing.acl.bindings,00_book/figures/gui/chapter-08/06-acl-bindings.png,.png,e217b31908eaa91a45695da04dc2d0f355a7d7f02b83ec44b20c6415482b4589,e217b31908eaa91a45695da04dc2d0f355a7d7f02b83ec44b20c6415482b4589,e217b31908eaa91a45695da04dc2d0f355a7d7f02b83ec44b20c6415482b4589,auto,false,unchanged
ui.routing.acl.view-push,00_book/figures/gui/chapter-08/07-acl-view-push.png,.png,8996a94b15baa2cdffcf35e735ecd5c62bc9ba22cb1de5813e1b9fe00980ba9d,8996a94b15baa2cdffcf35e735ecd5c62bc9ba22cb1de5813e1b9fe00980ba9d,8996a94b15baa2cdffcf35e735ecd5c62bc9ba22cb1de5813e1b9fe00980ba9d,auto,false,unchanged
ui.routing.fhrp.hsrp-gateway-members,00_book/figures/gui/chapter-09/01-hsrp-gateway-members.png,.png,fdf5e2db431b6dd0fc2d1e618f3804620481677ceb2390268ec0053a82c5efc3,fdf5e2db431b6dd0fc2d1e618f3804620481677ceb2390268ec0053a82c5efc3,fdf5e2db431b6dd0fc2d1e618f3804620481677ceb2390268ec0053a82c5efc3,auto,false,unchanged
ui.routing.fhrp.hsrp-authentication-timers,00_book/figures/gui/chapter-09/02-hsrp-authentication-timers.png,.png,5ff0d3046bf14600dbc56063ac838ddf48e33fcc5627ca458f6b3245e7b06b26,5ff0d3046bf14600dbc56063ac838ddf48e33fcc5627ca458f6b3245e7b06b26,5ff0d3046bf14600dbc56063ac838ddf48e33fcc5627ca458f6b3245e7b06b26,auto,false,unchanged
ui.routing.fhrp.hsrp-member-policy,00_book/figures/gui/chapter-09/03-hsrp-member-policy.png,.png,e65e8ff2e6f96c361a5c26dd4c5b2510410e0a6b609626a5e67e6af55838f1bc,e65e8ff2e6f96c361a5c26dd4c5b2510410e0a6b609626a5e67e6af55838f1bc,e65e8ff2e6f96c361a5c26dd4c5b2510410e0a6b609626a5e67e6af55838f1bc,auto,false,unchanged
ui.routing.fhrp.vrrp-configuration,00_book/figures/gui/chapter-09/04-vrrp-configuration.png,.png,b579f0b7b54c9d9592b041c654b0432152403cdf1dc152dde0a96c9d476defdf,b579f0b7b54c9d9592b041c654b0432152403cdf1dc152dde0a96c9d476defdf,b579f0b7b54c9d9592b041c654b0432152403cdf1dc152dde0a96c9d476defdf,auto,false,unchanged
ui.routing.fhrp.glbp-configuration,00_book/figures/gui/chapter-09/05-glbp-configuration.png,.png,6e3ce6b99c8c531107cfd3afebf0dea460902c6751f569e4f689094488756e9e,6e3ce6b99c8c531107cfd3afebf0dea460902c6751f569e4f689094488756e9e,6e3ce6b99c8c531107cfd3afebf0dea460902c6751f569e4f689094488756e9e,auto,false,unchanged
ui.routing.fhrp.hsrp-view-push,00_book/figures/gui/chapter-09/06-hsrp-view-push.png,.png,86416aa0c67182445df2280b3e4a7ba7e62bc4fe83bd3c024d9492816d46ebc5,86416aa0c67182445df2280b3e4a7ba7e62bc4fe83bd3c024d9492816d46ebc5,86416aa0c67182445df2280b3e4a7ba7e62bc4fe83bd3c024d9492816d46ebc5,auto,false,unchanged
ui.routing.fhrp.vrrp-view-push,00_book/figures/gui/chapter-09/07-vrrp-view-push.png,.png,b5159a46cfe67487896a961285aee40510c752b2187a068623e0de59d4be0b7f,b5159a46cfe67487896a961285aee40510c752b2187a068623e0de59d4be0b7f,b5159a46cfe67487896a961285aee40510c752b2187a068623e0de59d4be0b7f,auto,false,unchanged
ui.routing.fhrp.glbp-view-push,00_book/figures/gui/chapter-09/08-glbp-view-push.png,.png,99fb8220e323e1677df02375b4aad5c117e61c0b15d6d55208d3ca40b38a0daa,99fb8220e323e1677df02375b4aad5c117e61c0b15d6d55208d3ca40b38a0daa,99fb8220e323e1677df02375b4aad5c117e61c0b15d6d55208d3ca40b38a0daa,auto,false,unchanged
ui.routing.fhrp.hsrp-gateway-form-detail,00_book/figures/gui/chapter-09/09-hsrp-gateway-form-zoom.png,.png,5e6ea174da7f934c63ff106bde7335dafb3c23ef6f13c5d5a809189b07686195,5e6ea174da7f934c63ff106bde7335dafb3c23ef6f13c5d5a809189b07686195,5e6ea174da7f934c63ff106bde7335dafb3c23ef6f13c5d5a809189b07686195,auto,false,unchanged
ui.routing.fhrp.hsrp-primary-member-detail,00_book/figures/gui/chapter-09/11-hsrp-primary-member-zoom.png,.png,31c76d976763d796420249c2625f263d23c94be1e096a5ae0ad87add5be3df34,31c76d976763d796420249c2625f263d23c94be1e096a5ae0ad87add5be3df34,31c76d976763d796420249c2625f263d23c94be1e096a5ae0ad87add5be3df34,auto,false,unchanged
ui.routing.fhrp.hsrp-secondary-member-detail,00_book/figures/gui/chapter-09/12-hsrp-secondary-member-zoom.png,.png,4de5cd89957250e13027f9992835b11a7f2ea0b8d72b0ad3fbb1f9666ee61101,4de5cd89957250e13027f9992835b11a7f2ea0b8d72b0ad3fbb1f9666ee61101,4de5cd89957250e13027f9992835b11a7f2ea0b8d72b0ad3fbb1f9666ee61101,auto,false,unchanged
ui.routing.fhrp.vrrp-options-member-detail,00_book/figures/gui/chapter-09/13-vrrp-options-member-zoom.png,.png,98eb42828e6135eafa519369749721549dfc2f862b55e26a37667f61278d957c,98eb42828e6135eafa519369749721549dfc2f862b55e26a37667f61278d957c,98eb42828e6135eafa519369749721549dfc2f862b55e26a37667f61278d957c,auto,false,unchanged
ui.routing.fhrp.glbp-weighting-detail,00_book/figures/gui/chapter-09/14-glbp-weighting-zoom.png,.png,af39006ff2316d3c4dd481fdd20c7f721055d0d350f047afd2596906d71335ba,af39006ff2316d3c4dd481fdd20c7f721055d0d350f047afd2596906d71335ba,af39006ff2316d3c4dd481fdd20c7f721055d0d350f047afd2596906d71335ba,auto,false,unchanged
ui.routing.fhrp.hsrp-auth-protocol-detail,00_book/figures/gui/chapter-09/15-hsrp-auth-protocol-detail.png,.png,f61b6367ed4a04aa0ec68c2aa0c965086ec83d40f6dea995a6a5e96b7c0b2624,f61b6367ed4a04aa0ec68c2aa0c965086ec83d40f6dea995a6a5e96b7c0b2624,f61b6367ed4a04aa0ec68c2aa0c965086ec83d40f6dea995a6a5e96b7c0b2624,auto,false,unchanged
ui.routing.syslog.destinations,00_book/figures/gui/chapter-10/01-syslog-destinations.png,.png,732d1c80dd41b96d234ab154af34d3215c9e3e3fd99a80b50843a566c517526a,732d1c80dd41b96d234ab154af34d3215c9e3e3fd99a80b50843a566c517526a,732d1c80dd41b96d234ab154af34d3215c9e3e3fd99a80b50843a566c517526a,auto,false,unchanged
ui.routing.syslog.server-editor,00_book/figures/gui/chapter-10/02-syslog-server-editor.png,.png,0a96b7578eddc654194957eecd17785490ff61db443c9e0d567ae92a6a319cbd,0a96b7578eddc654194957eecd17785490ff61db443c9e0d567ae92a6a319cbd,0a96b7578eddc654194957eecd17785490ff61db443c9e0d567ae92a6a319cbd,auto,false,unchanged
ui.routing.syslog.group-hosts,00_book/figures/gui/chapter-10/03-syslog-group-hosts.png,.png,119b6f6b56a56be80cf0e4d5dbf87584e29453cdb92c4d6af1c289290c2a7775,119b6f6b56a56be80cf0e4d5dbf87584e29453cdb92c4d6af1c289290c2a7775,119b6f6b56a56be80cf0e4d5dbf87584e29453cdb92c4d6af1c289290c2a7775,auto,false,unchanged
ui.routing.syslog.group-interfaces,00_book/figures/gui/chapter-10/04-syslog-group-interfaces.png,.png,0cee4ad8e56e47cf6d7d181f83073252a31f014227ffa5cc7ecae235d3c5b971,0cee4ad8e56e47cf6d7d181f83073252a31f014227ffa5cc7ecae235d3c5b971,0cee4ad8e56e47cf6d7d181f83073252a31f014227ffa5cc7ecae235d3c5b971,auto,false,unchanged
ui.routing.syslog.group-policy,00_book/figures/gui/chapter-10/05-syslog-group-policy.png,.png,084c5636472f801bfa1ffa354b7da005a34b46eba26dad1e217e6794cd4f0202,084c5636472f801bfa1ffa354b7da005a34b46eba26dad1e217e6794cd4f0202,084c5636472f801bfa1ffa354b7da005a34b46eba26dad1e217e6794cd4f0202,auto,false,unchanged
ui.routing.syslog.view-push,00_book/figures/gui/chapter-10/06-syslog-view-push.png,.png,22b193933a166ab35e89587c66b7c114d1531cca987024857ba2781beed11665,22b193933a166ab35e89587c66b7c114d1531cca987024857ba2781beed11665,22b193933a166ab35e89587c66b7c114d1531cca987024857ba2781beed11665,auto,false,unchanged
ui.routing.nat.quick-pat-setup,00_book/figures/gui/chapter-11/01-quick-pat-setup.png,.png,d1e7dd528035fd50fb6fd2c9e4d943f34171a7c2739460a4871f0f75ad80d4f6,d1e7dd528035fd50fb6fd2c9e4d943f34171a7c2739460a4871f0f75ad80d4f6,d1e7dd528035fd50fb6fd2c9e4d943f34171a7c2739460a4871f0f75ad80d4f6,auto,false,unchanged
ui.routing.nat.interfaces-form-detail,00_book/figures/gui/chapter-11/02-interfaces-form-zoom.png,.png,f068814327b2112861b4e120b9c00764778ea84d756f4f3e8f2d900a2ab81c28,f068814327b2112861b4e120b9c00764778ea84d756f4f3e8f2d900a2ab81c28,f068814327b2112861b4e120b9c00764778ea84d756f4f3e8f2d900a2ab81c28,auto,false,unchanged
ui.routing.nat.interfaces-overview,00_book/figures/gui/chapter-11/03-interfaces-overview.png,.png,ff19688ef94f420a22c5692797fdb645f8e367ca12a9a6a31fd62aa4b2ffe14b,ff19688ef94f420a22c5692797fdb645f8e367ca12a9a6a31fd62aa4b2ffe14b,ff19688ef94f420a22c5692797fdb645f8e367ca12a9a6a31fd62aa4b2ffe14b,auto,false,unchanged
ui.routing.nat.acl-form-detail,00_book/figures/gui/chapter-11/04-acl-form-zoom.png,.png,a870d8f3d240e09774fbe92cd3e5f81018d5fd3dd9858160eff2d6780769f38a,a870d8f3d240e09774fbe92cd3e5f81018d5fd3dd9858160eff2d6780769f38a,a870d8f3d240e09774fbe92cd3e5f81018d5fd3dd9858160eff2d6780769f38a,auto,false,unchanged
ui.routing.nat.acl-overview,00_book/figures/gui/chapter-11/05-acl-overview.png,.png,5cbc8c70b69506a473a3bd2efb4664217b06efc7b3c404ee7e129e96fafbb147,5cbc8c70b69506a473a3bd2efb4664217b06efc7b3c404ee7e129e96fafbb147,5cbc8c70b69506a473a3bd2efb4664217b06efc7b3c404ee7e129e96fafbb147,auto,false,unchanged
ui.routing.nat.static-form-detail,00_book/figures/gui/chapter-11/06-static-form-zoom.png,.png,387c743d956abfe4dcd2068bc379ae6688fe6dedffe1306d74cc5f8275c08fdf,387c743d956abfe4dcd2068bc379ae6688fe6dedffe1306d74cc5f8275c08fdf,387c743d956abfe4dcd2068bc379ae6688fe6dedffe1306d74cc5f8275c08fdf,auto,false,unchanged
ui.routing.nat.static-overview,00_book/figures/gui/chapter-11/07-static-overview.png,.png,afbbf4040acf7726a3cce1ccf7573e9fd7115bc946e499862652291608565cfd,afbbf4040acf7726a3cce1ccf7573e9fd7115bc946e499862652291608565cfd,afbbf4040acf7726a3cce1ccf7573e9fd7115bc946e499862652291608565cfd,auto,false,unchanged
ui.routing.nat.dynamic-form-detail,00_book/figures/gui/chapter-11/08-dynamic-form-zoom.png,.png,4fa8ec7d804919528c22686e658d88d485bbf9c08f69fff1af533513a640c015,4fa8ec7d804919528c22686e658d88d485bbf9c08f69fff1af533513a640c015,4fa8ec7d804919528c22686e658d88d485bbf9c08f69fff1af533513a640c015,auto,false,unchanged
ui.routing.nat.dynamic-overview,00_book/figures/gui/chapter-11/09-dynamic-overview.png,.png,298846c0cf9ae1b5d3611816be42aa6efe968b84d0538ad8cf6382e0fdc7b307,298846c0cf9ae1b5d3611816be42aa6efe968b84d0538ad8cf6382e0fdc7b307,298846c0cf9ae1b5d3611816be42aa6efe968b84d0538ad8cf6382e0fdc7b307,auto,false,unchanged
ui.routing.nat.pat-form-detail,00_book/figures/gui/chapter-11/10-pat-form-zoom.png,.png,bd481f22f7e411405e42f1b7a1764695a28a88637b558a2a018096301f99a8be,bd481f22f7e411405e42f1b7a1764695a28a88637b558a2a018096301f99a8be,bd481f22f7e411405e42f1b7a1764695a28a88637b558a2a018096301f99a8be,auto,false,unchanged
ui.routing.nat.pat-overview,00_book/figures/gui/chapter-11/11-pat-overview.png,.png,e9ba0d5f0021205bd12246116b822a49e42b14f5f9c25d6aeeb808cae9c1da56,e9ba0d5f0021205bd12246116b822a49e42b14f5f9c25d6aeeb808cae9c1da56,e9ba0d5f0021205bd12246116b822a49e42b14f5f9c25d6aeeb808cae9c1da56,auto,false,unchanged
ui.routing.nat.route-map-form-detail,00_book/figures/gui/chapter-11/12-route-map-form-zoom.png,.png,baefad2af9bdfa0f8d3d83dedd98b87254af4d9170bc0c62b28203b9ebc46a78,baefad2af9bdfa0f8d3d83dedd98b87254af4d9170bc0c62b28203b9ebc46a78,baefad2af9bdfa0f8d3d83dedd98b87254af4d9170bc0c62b28203b9ebc46a78,auto,false,unchanged
ui.routing.nat.route-map-overview,00_book/figures/gui/chapter-11/13-route-map-overview.png,.png,7aa79faf4142dcff3f7678962d0ce1eb7a5b76d975df986e64cc5c800f64bf9e,7aa79faf4142dcff3f7678962d0ce1eb7a5b76d975df986e64cc5c800f64bf9e,7aa79faf4142dcff3f7678962d0ce1eb7a5b76d975df986e64cc5c800f64bf9e,auto,false,unchanged
ui.routing.nat.view-push,00_book/figures/gui/chapter-11/14-nat-view-push.png,.png,57f7a4bb6177eb716b63d0bd15861bb750d484ede52ff99041c5ce435c5433b7,57f7a4bb6177eb716b63d0bd15861bb750d484ede52ff99041c5ce435c5433b7,57f7a4bb6177eb716b63d0bd15861bb750d484ede52ff99041c5ce435c5433b7,auto,false,unchanged
ui.transfer.sftp.connection-form,00_book/figures/gui/chapter-12/01-sftp-connection-form.png,.png,9c55cfd14a7971abf99250d062b0ab902a871b6d86d66e47d2bd19d7fae0b017,9c55cfd14a7971abf99250d062b0ab902a871b6d86d66e47d2bd19d7fae0b017,9c55cfd14a7971abf99250d062b0ab902a871b6d86d66e47d2bd19d7fae0b017,auto,false,unchanged
ui.transfer.sftp.workspace-overview,00_book/figures/gui/chapter-12/02-sftp-workspace-overview.png,.png,ae918986fe845d6a950a2bdbc7a60e71f993fd72580d450c54df12669c561f3a,ae918986fe845d6a950a2bdbc7a60e71f993fd72580d450c54df12669c561f3a,ae918986fe845d6a950a2bdbc7a60e71f993fd72580d450c54df12669c561f3a,auto,false,unchanged
ui.transfer.sftp.connection-bar,00_book/figures/gui/chapter-12/03-sftp-connection-bar.png,.png,dc2f894c01f78d4463fad6c30ee2543d481021da2cdcdc11d928df919edea133,dc2f894c01f78d4463fad6c30ee2543d481021da2cdcdc11d928df919edea133,dc2f894c01f78d4463fad6c30ee2543d481021da2cdcdc11d928df919edea133,auto,false,unchanged
ui.transfer.sftp.local-files,00_book/figures/gui/chapter-12/04-sftp-local-files.png,.png,38e559b1d671cfed250e90bc7b19702ae3688c30ccce50ff1ee1027c9ad31770,38e559b1d671cfed250e90bc7b19702ae3688c30ccce50ff1ee1027c9ad31770,38e559b1d671cfed250e90bc7b19702ae3688c30ccce50ff1ee1027c9ad31770,auto,false,unchanged
ui.transfer.sftp.remote-files,00_book/figures/gui/chapter-12/05-sftp-remote-files.png,.png,13962ec5e4f79da3be794f18ce99e837c2f5393b695c984c83a8cb5bc0c5a478,13962ec5e4f79da3be794f18ce99e837c2f5393b695c984c83a8cb5bc0c5a478,13962ec5e4f79da3be794f18ce99e837c2f5393b695c984c83a8cb5bc0c5a478,auto,false,unchanged
ui.transfer.sftp.transfer-queue,00_book/figures/gui/chapter-12/06-sftp-transfer-queue.png,.png,95c37b1114d82f89144b94689cbc51f09cba7214b1afe4d18634ff2e5f4692d0,95c37b1114d82f89144b94689cbc51f09cba7214b1afe4d18634ff2e5f4692d0,95c37b1114d82f89144b94689cbc51f09cba7214b1afe4d18634ff2e5f4692d0,auto,false,unchanged
ui.transfer.sftp.host-key-confirmation,00_book/figures/gui/chapter-12/07-sftp-host-key-confirmation.png,.png,88a5d8a1909a0946099726a2e6a7aaf1612bd49dae8717da64353d034765ff09,88a5d8a1909a0946099726a2e6a7aaf1612bd49dae8717da64353d034765ff09,88a5d8a1909a0946099726a2e6a7aaf1612bd49dae8717da64353d034765ff09,auto,false,unchanged
ui.transfer.sftp.connection-paths,00_book/figures/gui/chapter-12/08-sftp-connection-paths.png,.png,d494d8f2364ff1c690a1090db687823981a855018abbdff13b5cad5d534b1ae3,d494d8f2364ff1c690a1090db687823981a855018abbdff13b5cad5d534b1ae3,d494d8f2364ff1c690a1090db687823981a855018abbdff13b5cad5d534b1ae3,auto,false,unchanged
ui.transfer.scp.workspace,00_book/figures/gui/chapter-12/09-scp-workspace.png,.png,e05ab05ea95d662f9ef0f41db7a00a39ef3f7f1e99ffcdd86c20c2b35a0d9f43,e05ab05ea95d662f9ef0f41db7a00a39ef3f7f1e99ffcdd86c20c2b35a0d9f43,e05ab05ea95d662f9ef0f41db7a00a39ef3f7f1e99ffcdd86c20c2b35a0d9f43,auto,false,unchanged
ui.transfer.snapshots.sync-notifications,00_book/figures/gui/chapter-12/10-sync-notifications.png,.png,2f5bef377ace7f3e995cebae215326d315b8da3c755233035ce2dd71894fe4d8,2f5bef377ace7f3e995cebae215326d315b8da3c755233035ce2dd71894fe4d8,2f5bef377ace7f3e995cebae215326d315b8da3c755233035ce2dd71894fe4d8,auto,false,unchanged
ui.transfer.snapshots.running-config-history,00_book/figures/gui/chapter-12/11-running-config-history.png,.png,ccfde9059620f47c32c6627b20f1a6940853c4db04965b6f2e985bbea3dbb2f2,ccfde9059620f47c32c6627b20f1a6940853c4db04965b6f2e985bbea3dbb2f2,ccfde9059620f47c32c6627b20f1a6940853c4db04965b6f2e985bbea3dbb2f2,auto,false,unchanged
ui.transfer.snapshots.running-config-diff,00_book/figures/gui/chapter-12/12-running-config-diff.png,.png,98b1064a3c3262d8053914bbf329c7ab772536467aef2ed87f9be9645ef3daee,98b1064a3c3262d8053914bbf329c7ab772536467aef2ed87f9be9645ef3daee,98b1064a3c3262d8053914bbf329c7ab772536467aef2ed87f9be9645ef3daee,auto,false,unchanged
ui.system-logs.overview,00_book/figures/gui/chapter-13/01-system-logs-overview.png,.png,7aad4c0b82115780bd325b98846e5a6f6f8cf5a2cf35fcffe9802436c8fedc44,7aad4c0b82115780bd325b98846e5a6f6f8cf5a2cf35fcffe9802436c8fedc44,7aad4c0b82115780bd325b98846e5a6f6f8cf5a2cf35fcffe9802436c8fedc44,auto,false,unchanged
ui.system-logs.listener-status,00_book/figures/gui/chapter-13/02-listener-status.png,.png,971289795b5b5438e3ee32a6a46f7e2a3867cc63fe999eada3211c52433a4e6f,971289795b5b5438e3ee32a6a46f7e2a3867cc63fe999eada3211c52433a4e6f,971289795b5b5438e3ee32a6a46f7e2a3867cc63fe999eada3211c52433a4e6f,auto,false,unchanged
ui.system-logs.filter-bar,00_book/figures/gui/chapter-13/03-log-filter-bar.png,.png,0e8a5faed5aa396d684d78a56f603f2126316037430e3efae8f4a63056655243,0e8a5faed5aa396d684d78a56f603f2126316037430e3efae8f4a63056655243,0e8a5faed5aa396d684d78a56f603f2126316037430e3efae8f4a63056655243,auto,false,unchanged
ui.system-logs.severity-levels,00_book/figures/gui/chapter-13/04-severity-levels.png,.png,a1cca606a6b41a0af2c0d1c7d9433958a49214ffcbdf714cee7b7342fdede644,a1cca606a6b41a0af2c0d1c7d9433958a49214ffcbdf714cee7b7342fdede644,a1cca606a6b41a0af2c0d1c7d9433958a49214ffcbdf714cee7b7342fdede644,auto,false,unchanged
ui.system-logs.critical-filter-result,00_book/figures/gui/chapter-13/05-critical-filter-result.png,.png,3af5f3a82cf14ed45d6f674e73e9f94c38545a76945fd9ca3400ad937e0a0454,3af5f3a82cf14ed45d6f674e73e9f94c38545a76945fd9ca3400ad937e0a0454,3af5f3a82cf14ed45d6f674e73e9f94c38545a76945fd9ca3400ad937e0a0454,auto,false,unchanged
ui.system-logs.smart-filter-builder,00_book/figures/gui/chapter-13/06-smart-filter-builder.png,.png,665b32e0c820cbfa3fc3aedcdf5b4f8dcb85da53ff633f3f89e643faf8eba4d5,665b32e0c820cbfa3fc3aedcdf5b4f8dcb85da53ff633f3f89e643faf8eba4d5,665b32e0c820cbfa3fc3aedcdf5b4f8dcb85da53ff633f3f89e643faf8eba4d5,auto,false,unchanged
ui.system-logs.message-details,00_book/figures/gui/chapter-13/07-log-message-details.png,.png,1e4ac6e63479e22bbdbfe154d76279945b0a91c9d8f041c832e69d70d0b23926,1e4ac6e63479e22bbdbfe154d76279945b0a91c9d8f041c832e69d70d0b23926,1e4ac6e63479e22bbdbfe154d76279945b0a91c9d8f041c832e69d70d0b23926,auto,false,unchanged
ui.switching.interfaces-l2.overview,00_book/figures/gui/chapter-14/01-switch-ports-overview.png,.png,ee9c060c5627f5efd574324714294e05f350eba73176061798988fab2ccb4822,ee9c060c5627f5efd574324714294e05f350eba73176061798988fab2ccb4822,ee9c060c5627f5efd574324714294e05f350eba73176061798988fab2ccb4822,auto,false,unchanged
ui.switching.interfaces-l2.access-port-form,00_book/figures/gui/chapter-14/02-access-port-form.png,.png,d8af8a6d546913cc1c332aed53b9fad022a68476feacee416f09f5ca401a0a4a,d8af8a6d546913cc1c332aed53b9fad022a68476feacee416f09f5ca401a0a4a,d8af8a6d546913cc1c332aed53b9fad022a68476feacee416f09f5ca401a0a4a,auto,false,unchanged
ui.switching.interfaces-l2.access-loop-protection,00_book/figures/gui/chapter-14/03-access-loop-protection.png,.png,c3cfc6239a4610a417849460c1b0b4976b1e50d5a359edee95ebfc58c13a60fa,c3cfc6239a4610a417849460c1b0b4976b1e50d5a359edee95ebfc58c13a60fa,c3cfc6239a4610a417849460c1b0b4976b1e50d5a359edee95ebfc58c13a60fa,auto,false,unchanged
ui.switching.interfaces-l2.trunk-port-form,00_book/figures/gui/chapter-14/04-trunk-port-form.png,.png,7d7a9f9dcd06102e8f754432257f27ce9cf9f48d50acb7ec55e149a057b86c19,7d7a9f9dcd06102e8f754432257f27ce9cf9f48d50acb7ec55e149a057b86c19,7d7a9f9dcd06102e8f754432257f27ce9cf9f48d50acb7ec55e149a057b86c19,auto,false,unchanged
ui.switching.interfaces-l2.trunk-loop-protection,00_book/figures/gui/chapter-14/05-trunk-loop-protection.png,.png,934cbe5a165ae84eb3c50c6b383aae9470637587a84279c692ed03293dece1d5,934cbe5a165ae84eb3c50c6b383aae9470637587a84279c692ed03293dece1d5,934cbe5a165ae84eb3c50c6b383aae9470637587a84279c692ed03293dece1d5,auto,false,unchanged
ui.switching.interfaces-l2.view-push,00_book/figures/gui/chapter-14/06-interfaces-view-push.png,.png,528c00145cb9a1cc009cab42f1eb48add115a6beb3281f37f7e4dd71062c750a,528c00145cb9a1cc009cab42f1eb48add115a6beb3281f37f7e4dd71062c750a,528c00145cb9a1cc009cab42f1eb48add115a6beb3281f37f7e4dd71062c750a,auto,false,unchanged
ui.switching.vlan.form,00_book/figures/gui/chapter-15/01-vlan-form.png,.png,62b08fedbcc42246e6152d1cb25777d6a794f9457e7ca6317756599c11e31c4a,62b08fedbcc42246e6152d1cb25777d6a794f9457e7ca6317756599c11e31c4a,62b08fedbcc42246e6152d1cb25777d6a794f9457e7ca6317756599c11e31c4a,auto,false,unchanged
ui.switching.vlan.overview,00_book/figures/gui/chapter-15/02-vlan-overview.png,.png,b381146e88fa99867d9f2577a43396e27710d519dde932f429618aab445bd7f5,b381146e88fa99867d9f2577a43396e27710d519dde932f429618aab445bd7f5,b381146e88fa99867d9f2577a43396e27710d519dde932f429618aab445bd7f5,auto,false,unchanged
ui.switching.vlan.view-push-users,00_book/figures/gui/chapter-15/03-vlan-view-push.png,.png,f225b6528b1d29ed4a56e64547623a5d5de0854e6909365133fb8bc7e953a6df,f225b6528b1d29ed4a56e64547623a5d5de0854e6909365133fb8bc7e953a6df,f225b6528b1d29ed4a56e64547623a5d5de0854e6909365133fb8bc7e953a6df,auto,false,unchanged
ui.switching.etherchannel.form,00_book/figures/gui/chapter-15/04-etherchannel-form.png,.png,942c45f7fd1af0d8c7cf0a9fb78cc0f7f3563048e509f7f3946ea1a2f34fc23b,942c45f7fd1af0d8c7cf0a9fb78cc0f7f3563048e509f7f3946ea1a2f34fc23b,942c45f7fd1af0d8c7cf0a9fb78cc0f7f3563048e509f7f3946ea1a2f34fc23b,auto,false,unchanged
ui.switching.etherchannel.quick-link,00_book/figures/gui/chapter-15/05-quick-etherchannel.png,.png,614ddce2d8885a3c91ad522238a04dd9cc6cdf75a25940fbf48da5c50e002a84,614ddce2d8885a3c91ad522238a04dd9cc6cdf75a25940fbf48da5c50e002a84,614ddce2d8885a3c91ad522238a04dd9cc6cdf75a25940fbf48da5c50e002a84,auto,false,unchanged
ui.switching.etherchannel.view-push,00_book/figures/gui/chapter-15/06-etherchannel-view-push.png,.png,a0870e791020ff5edf0f53660b84f2823a56a5e2584d21f8b2cbf7636d1c7bd4,a0870e791020ff5edf0f53660b84f2823a56a5e2584d21f8b2cbf7636d1c7bd4,a0870e791020ff5edf0f53660b84f2823a56a5e2584d21f8b2cbf7636d1c7bd4,auto,false,unchanged
ui.switching.stp.form,00_book/figures/gui/chapter-15/07-stp-form.png,.png,5ad68bed64e8d932f4966a1cc7896c56f00e80300fcbb98ea2d8404983c0d1c4,5ad68bed64e8d932f4966a1cc7896c56f00e80300fcbb98ea2d8404983c0d1c4,5ad68bed64e8d932f4966a1cc7896c56f00e80300fcbb98ea2d8404983c0d1c4,auto,false,unchanged
ui.switching.stp.view-push,00_book/figures/gui/chapter-15/08-stp-view-push.png,.png,121aeff8b04645cf6267d3bf92e6dcb548bd616b20db645f820d0aee10bdb330,121aeff8b04645cf6267d3bf92e6dcb548bd616b20db645f820d0aee10bdb330,121aeff8b04645cf6267d3bf92e6dcb548bd616b20db645f820d0aee10bdb330,auto,false,unchanged
ui.switching.vtp.group-top,00_book/figures/gui/chapter-15/09-vtp-group-top.png,.png,467bcec49ffde478b34fc916594e7a94d3c43af8718f4a5aa332f49c489de1b1,467bcec49ffde478b34fc916594e7a94d3c43af8718f4a5aa332f49c489de1b1,467bcec49ffde478b34fc916594e7a94d3c43af8718f4a5aa332f49c489de1b1,auto,false,unchanged
ui.switching.vtp.member-policy,00_book/figures/gui/chapter-15/10-vtp-member-policy.png,.png,ec69d8fba81b3d0cd22e9fb8d3721658d173bf2c43ee092fb03e3ec7ae4647b3,ec69d8fba81b3d0cd22e9fb8d3721658d173bf2c43ee092fb03e3ec7ae4647b3,ec69d8fba81b3d0cd22e9fb8d3721658d173bf2c43ee092fb03e3ec7ae4647b3,auto,false,unchanged
ui.switching.vtp.view-push,00_book/figures/gui/chapter-15/11-vtp-view-push.png,.png,6a1a22d6318c29312e2456dbcb5f9b5c79f9ab3726e2cb1034a0fb91924863b2,6a1a22d6318c29312e2456dbcb5f9b5c79f9ab3726e2cb1034a0fb91924863b2,6a1a22d6318c29312e2456dbcb5f9b5c79f9ab3726e2cb1034a0fb91924863b2,auto,false,unchanged
ui.switching.etherchannel.quick-link-peer,00_book/figures/gui/chapter-15/12-quick-etherchannel-peer.png,.png,7f6a2cd987d280ce4bac9a25ef03cff6f6075dd50935c3fc702adffcef7d3c9c,7f6a2cd987d280ce4bac9a25ef03cff6f6075dd50935c3fc702adffcef7d3c9c,7f6a2cd987d280ce4bac9a25ef03cff6f6075dd50935c3fc702adffcef7d3c9c,auto,false,unchanged
ui.switching.etherchannel.quick-link-link-mode,00_book/figures/gui/chapter-15/13-quick-etherchannel-link-mode.png,.png,73ade767a40f219cd2591db2877759131f3690a5164321c142327a189027047c,73ade767a40f219cd2591db2877759131f3690a5164321c142327a189027047c,73ade767a40f219cd2591db2877759131f3690a5164321c142327a189027047c,auto,false,unchanged
ui.switching.security.vlan-protection,00_book/figures/gui/chapter-16/01-vlan-protection.png,.png,08055981a5058e6cc64d0f72b0a6674fdb3cd5c0403f6a9a31baf2e8b4c756d7,08055981a5058e6cc64d0f72b0a6674fdb3cd5c0403f6a9a31baf2e8b4c756d7,08055981a5058e6cc64d0f72b0a6674fdb3cd5c0403f6a9a31baf2e8b4c756d7,auto,false,unchanged
ui.switching.security.trusted-uplinks,00_book/figures/gui/chapter-16/02-trusted-uplinks.png,.png,ee45d6bf7df83ed73ee8f8f9736272d0a4e5a040b9b0f12fd7c6e01abd209b24,ee45d6bf7df83ed73ee8f8f9736272d0a4e5a040b9b0f12fd7c6e01abd209b24,ee45d6bf7df83ed73ee8f8f9736272d0a4e5a040b9b0f12fd7c6e01abd209b24,auto,false,unchanged
ui.switching.security.static-mac-form,00_book/figures/gui/chapter-16/03-static-mac-form.png,.png,91810f4d8405dc6507cff1225e9f709cd117f596349abd01ba928f08f6b55596,91810f4d8405dc6507cff1225e9f709cd117f596349abd01ba928f08f6b55596,91810f4d8405dc6507cff1225e9f709cd117f596349abd01ba928f08f6b55596,auto,false,unchanged
ui.switching.security.view-push,00_book/figures/gui/chapter-16/04-l2-security-view-push.png,.png,1365ebb5ce66547a679f1bf353f3e2c29021b632faea0731969afbe5d39d3d01,1365ebb5ce66547a679f1bf353f3e2c29021b632faea0731969afbe5d39d3d01,1365ebb5ce66547a679f1bf353f3e2c29021b632faea0731969afbe5d39d3d01,auto,false,unchanged
ui.switching.security.port-security-form,00_book/figures/gui/chapter-16/05-port-security-form.png,.png,8136393fa2e89d817449aa17c9d2b4796ae556c28b564f924679fe45f73d73f3,8136393fa2e89d817449aa17c9d2b4796ae556c28b564f924679fe45f73d73f3,8136393fa2e89d817449aa17c9d2b4796ae556c28b564f924679fe45f73d73f3,auto,false,unchanged
ui.switching.security.port-security-view-push,00_book/figures/gui/chapter-16/07-port-security-view-push.png,.png,52dd47fc6484f3d4c6c45b10eefec52b642c10428f01213cc78e4127b2321e54,52dd47fc6484f3d4c6c45b10eefec52b642c10428f01213cc78e4127b2321e54,52dd47fc6484f3d4c6c45b10eefec52b642c10428f01213cc78e4127b2321e54,auto,false,unchanged
ui.switching.monitoring.port-counters,00_book/figures/gui/chapter-17/01-port-counters.png,.png,2ac571be779a5c38669e5921f7b8143c2a56b7bb8213356ba6925b5a0a35f30c,2ac571be779a5c38669e5921f7b8143c2a56b7bb8213356ba6925b5a0a35f30c,2ac571be779a5c38669e5921f7b8143c2a56b7bb8213356ba6925b5a0a35f30c,auto,false,unchanged
ui.switching.monitoring.mac-address-table,00_book/figures/gui/chapter-17/02-mac-address-table.png,.png,289db01405922fbd58c774c5b70918c70c075bb2a3fbc5757fed6c7d8dc5ada9,289db01405922fbd58c774c5b70918c70c075bb2a3fbc5757fed6c7d8dc5ada9,289db01405922fbd58c774c5b70918c70c075bb2a3fbc5757fed6c7d8dc5ada9,auto,false,unchanged
ui.switching.interfaces-l3.routed-port-form,00_book/figures/gui/chapter-18/01-routed-port-form.png,.png,00c0952ae5375c2051fd7acf4532cb0aaec58bb37f16d2c64350835b54edae48,00c0952ae5375c2051fd7acf4532cb0aaec58bb37f16d2c64350835b54edae48,00c0952ae5375c2051fd7acf4532cb0aaec58bb37f16d2c64350835b54edae48,auto,false,unchanged
ui.switching.interfaces-l3.routed-ports-overview,00_book/figures/gui/chapter-18/02-routed-ports-overview.png,.png,f3d43b41cd0f06b91366258299e1e99da1afc5c113e78e6aaffdb9fef8d6b1a8,f3d43b41cd0f06b91366258299e1e99da1afc5c113e78e6aaffdb9fef8d6b1a8,f3d43b41cd0f06b91366258299e1e99da1afc5c113e78e6aaffdb9fef8d6b1a8,auto,false,unchanged
ui.switching.interfaces-l3.interfaces-view-push-routed,00_book/figures/gui/chapter-18/03-interfaces-view-push-routed.png,.png,3df8cac43797c64df368b4c0c607e1895fbbd7ddf26848b65b286d407b1eef37,3df8cac43797c64df368b4c0c607e1895fbbd7ddf26848b65b286d407b1eef37,3df8cac43797c64df368b4c0c607e1895fbbd7ddf26848b65b286d407b1eef37,auto,false,unchanged
ui.switching.interfaces-l3.svi-form,00_book/figures/gui/chapter-18/04-svi-form.png,.png,608bbe7541bc2b14d91254f15519aced5ea724cf312240e724ed8a23fcbda706,608bbe7541bc2b14d91254f15519aced5ea724cf312240e724ed8a23fcbda706,608bbe7541bc2b14d91254f15519aced5ea724cf312240e724ed8a23fcbda706,auto,false,unchanged
ui.switching.interfaces-l3.svi-overview-ip-routing,00_book/figures/gui/chapter-18/05-svi-overview-ip-routing.png,.png,3163df212bbed606b3b0f96a4cceacaae1521846f4776ddd5ccf0e265692daca,3163df212bbed606b3b0f96a4cceacaae1521846f4776ddd5ccf0e265692daca,3163df212bbed606b3b0f96a4cceacaae1521846f4776ddd5ccf0e265692daca,auto,false,unchanged
ui.switching.interfaces-l3.svi-view-push,00_book/figures/gui/chapter-18/06-svi-view-push.png,.png,b674498b75f4aa2838a53046939bf85cb02d4cb5e6ca56d965401f44bed02d40,b674498b75f4aa2838a53046939bf85cb02d4cb5e6ca56d965401f44bed02d40,b674498b75f4aa2838a53046939bf85cb02d4cb5e6ca56d965401f44bed02d40,auto,false,unchanged
ui.switching.dhcp.pool-form,00_book/figures/gui/chapter-19/01-dhcp-pool-form.png,.png,77ff69b42cfaad25d1309f34c7dca5ba530b59b6e36256a43d2144bfe7964e51,77ff69b42cfaad25d1309f34c7dca5ba530b59b6e36256a43d2144bfe7964e51,77ff69b42cfaad25d1309f34c7dca5ba530b59b6e36256a43d2144bfe7964e51,auto,false,unchanged
ui.switching.dhcp.server-overview,00_book/figures/gui/chapter-19/02-dhcp-server-overview.png,.png,87819b297a88d60d364fa8154692d2f4bb4b3af92395869cd5cf5754b132083a,87819b297a88d60d364fa8154692d2f4bb4b3af92395869cd5cf5754b132083a,87819b297a88d60d364fa8154692d2f4bb4b3af92395869cd5cf5754b132083a,auto,false,unchanged
ui.switching.dhcp.server-view-push,00_book/figures/gui/chapter-19/03-dhcp-server-view-push.png,.png,383298790e2b2384d6268079de27b915b7d139ab2228591464748266cbc0b469,383298790e2b2384d6268079de27b915b7d139ab2228591464748266cbc0b469,383298790e2b2384d6268079de27b915b7d139ab2228591464748266cbc0b469,auto,false,unchanged
ui.switching.dhcp.relay-form,00_book/figures/gui/chapter-19/04-dhcp-relay-form.png,.png,1ef568cec41217727e17e4ab7790ab81626609e8d5fdd737a90c750ab533d75f,1ef568cec41217727e17e4ab7790ab81626609e8d5fdd737a90c750ab533d75f,1ef568cec41217727e17e4ab7790ab81626609e8d5fdd737a90c750ab533d75f,auto,false,unchanged
ui.switching.dhcp.relay-view-push,00_book/figures/gui/chapter-19/05-dhcp-relay-view-push.png,.png,83f237120029d3266c4eaebde7250df405f7f3e0cd336ff2b768ae523704d65f,83f237120029d3266c4eaebde7250df405f7f3e0cd336ff2b768ae523704d65f,83f237120029d3266c4eaebde7250df405f7f3e0cd336ff2b768ae523704d65f,auto,false,unchanged
ui.switching.acl.extended-form,00_book/figures/gui/chapter-19/06-acl-extended-form.png,.png,7e1632315b0e4e4a57875fe5d7e945e9e8576522109db47e46957393c89a322e,7e1632315b0e4e4a57875fe5d7e945e9e8576522109db47e46957393c89a322e,7e1632315b0e4e4a57875fe5d7e945e9e8576522109db47e46957393c89a322e,auto,false,unchanged
ui.switching.acl.bindings,00_book/figures/gui/chapter-19/07-acl-bindings.png,.png,56c41fcac5c3fdbd48f9494b784725b0f378c68395b1291ff0c0580e6a3001ae,56c41fcac5c3fdbd48f9494b784725b0f378c68395b1291ff0c0580e6a3001ae,56c41fcac5c3fdbd48f9494b784725b0f378c68395b1291ff0c0580e6a3001ae,auto,false,unchanged
ui.switching.acl.view-push,00_book/figures/gui/chapter-19/08-acl-view-push.png,.png,b9ba271648c09b02f828ab7ebf1f5f440bcb3d5e7dfd3a58bdfedf9afb6dda15,b9ba271648c09b02f828ab7ebf1f5f440bcb3d5e7dfd3a58bdfedf9afb6dda15,b9ba271648c09b02f828ab7ebf1f5f440bcb3d5e7dfd3a58bdfedf9afb6dda15,auto,false,unchanged
ui.devices.inventory-router-selected,00_book/figures/gui/devices.png,.png,9758acbbd2cc2d88226208f379aee912bb2cdf3e0b4df38654260aab660a994b,9758acbbd2cc2d88226208f379aee912bb2cdf3e0b4df38654260aab660a994b,9758acbbd2cc2d88226208f379aee912bb2cdf3e0b4df38654260aab660a994b,auto,false,unchanged
ui.switching.vlan.switch-selected,00_book/figures/gui/vlan/01-select-switch.png,.png,cf24a7fbbba46d9088dd5f5da5edaf35d7fdeeaeb5c8d34f49000f6aa7163d0f,cf24a7fbbba46d9088dd5f5da5edaf35d7fdeeaeb5c8d34f49000f6aa7163d0f,cf24a7fbbba46d9088dd5f5da5edaf35d7fdeeaeb5c8d34f49000f6aa7163d0f,auto,false,unchanged
ui.switching.vlan.database,00_book/figures/gui/vlan/02-open-vlan.png,.png,9336953482ba9a73b1acf80c46f4298e5603690cf2314e7815910a72e5976ba1,9336953482ba9a73b1acf80c46f4298e5603690cf2314e7815910a72e5976ba1,9336953482ba9a73b1acf80c46f4298e5603690cf2314e7815910a72e5976ba1,auto,false,unchanged
ui.switching.vlan.create-empty,00_book/figures/gui/vlan/03-add-vlan.png,.png,ae54201903b5b6ad52fe46b17a44f17b263c376181327f0e2cf96a414e2de519,ae54201903b5b6ad52fe46b17a44f17b263c376181327f0e2cf96a414e2de519,ae54201903b5b6ad52fe46b17a44f17b263c376181327f0e2cf96a414e2de519,auto,false,unchanged
ui.switching.vlan.create-id-filled,00_book/figures/gui/vlan/04-vlan-id.png,.png,02e61c1ccee536d42960238aad6ac5e64a616a1daa1e2f5a42199f397d380409,02e61c1ccee536d42960238aad6ac5e64a616a1daa1e2f5a42199f397d380409,02e61c1ccee536d42960238aad6ac5e64a616a1daa1e2f5a42199f397d380409,auto,false,unchanged
ui.switching.vlan.create-name-filled,00_book/figures/gui/vlan/05-vlan-name.png,.png,62af2f6273b62e6de8d5410c47369479ca15680ec039a53958d4c787eaf2bf3b,62af2f6273b62e6de8d5410c47369479ca15680ec039a53958d4c787eaf2bf3b,62af2f6273b62e6de8d5410c47369479ca15680ec039a53958d4c787eaf2bf3b,auto,false,unchanged
ui.switching.vlan.create-state-selector,00_book/figures/gui/vlan/06-vlan-state.png,.png,759ea094c1dce98a65151510dc7f8851f6446f4eda8bb8e459a050d4e31cebf9,759ea094c1dce98a65151510dc7f8851f6446f4eda8bb8e459a050d4e31cebf9,759ea094c1dce98a65151510dc7f8851f6446f4eda8bb8e459a050d4e31cebf9,auto,false,unchanged
ui.switching.vlan.create-ready,00_book/figures/gui/vlan/07-ready-to-save.png,.png,0a7c7eb72b86f96cb068603b514b0b6ba2f8a645069ce9a7de8e3f25aeaf8db3,0a7c7eb72b86f96cb068603b514b0b6ba2f8a645069ce9a7de8e3f25aeaf8db3,0a7c7eb72b86f96cb068603b514b0b6ba2f8a645069ce9a7de8e3f25aeaf8db3,auto,false,unchanged
ui.switching.vlan.created-pending-apply,00_book/figures/gui/vlan/08-vlan-created.png,.png,90db856f56f03644217919c723cb628473bf45f8c5ae8d9c3a62ed5f38b5cba2,90db856f56f03644217919c723cb628473bf45f8c5ae8d9c3a62ed5f38b5cba2,90db856f56f03644217919c723cb628473bf45f8c5ae8d9c3a62ed5f38b5cba2,auto,false,unchanged
ui.switching.vlan.view-push-guest,00_book/figures/gui/vlan/09-view-preview.png,.png,e7ef4353aad6cb2ec90cd6177c8dedbec9a8fc87d85a833ff459058659379264,e7ef4353aad6cb2ec90cd6177c8dedbec9a8fc87d85a833ff459058659379264,e7ef4353aad6cb2ec90cd6177c8dedbec9a8fc87d85a833ff459058659379264,auto,false,unchanged
ui.core.welcome-recent-projects,00_book/figures/gui/welcome.png,.png,392902698e7ce8906d3a61a93fad0fdf5b1e59e33569de56ee4343a38474a8e2,392902698e7ce8906d3a61a93fad0fdf5b1e59e33569de56ee4343a38474a8e2,392902698e7ce8906d3a61a93fad0fdf5b1e59e33569de56ee4343a38474a8e2,auto,false,unchanged
ui.core.workspace-empty,00_book/figures/gui/workspace.png,.png,a5cfe6a96859e0c75538c80c30f3446c7b4fcbb472fde5dd584ec1515ddfd2a5,a5cfe6a96859e0c75538c80c30f3446c7b4fcbb472fde5dd584ec1515ddfd2a5,a5cfe6a96859e0c75538c80c30f3446c7b4fcbb472fde5dd584ec1515ddfd2a5,auto,false,unchanged
branding.logos.cams,00_book/figures/icons/logo.svg,.svg,682fd9b406a46e6a2f6bf0f5e5fdfd47a16e7bc7768f1f149ea49d5b0c4424b4,682fd9b406a46e6a2f6bf0f5e5fdfd47a16e7bc7768f1f149ea49d5b0c4424b4,da754f1488d129cb48c1fb2452adb421f4145bf05609c094b981c9a51b140612,auto,true,correct-manifest-to-repository-blob; restore-blob-bytes
branding.logos.ptit,00_book/figures/icons/ptit-logo.svg,.svg,93a30384e825e1b4754e1d636ecfbacfb8658bcb98456aa9d7dc0550781f4646,93a30384e825e1b4754e1d636ecfbacfb8658bcb98456aa9d7dc0550781f4646,4e07a38c561762af59c0dd17806127a08a465ffaaad91c4bdac4d4906e5b2f99,auto,true,correct-manifest-to-repository-blob; restore-blob-bytes
diagrams.architecture.application-source-tree,00_book/figures/report/appendix/project-structure.svg,.svg,c94c656ab5b4666bd7270eed9491b84c6a18f276ce720977abadbfd232439443,c94c656ab5b4666bd7270eed9491b84c6a18f276ce720977abadbfd232439443,c94c656ab5b4666bd7270eed9491b84c6a18f276ce720977abadbfd232439443,auto,false,unchanged
diagrams.workflow.configuration-automation,00_book/figures/report/diagrams/01_pipeline_automation.svg,.svg,3195c12010c7ae0d2e21ad167f97c16f92b90cc6fe9e74cff369a9ce84fa8cb8,3195c12010c7ae0d2e21ad167f97c16f92b90cc6fe9e74cff369a9ce84fa8cb8,ee8407fcbe37c578f1013ec785c52822132da03913424056e7ea2ab50d333a0e,auto,true,correct-manifest-to-repository-blob; restore-blob-bytes
diagrams.workflow.configuration-state-flow,00_book/figures/report/diagrams/02_state_flow.svg,.svg,bb2e39cf56422866dee5953a1bd156683bc3de3cdfa3a6150f0fa4e837f39e09,bb2e39cf56422866dee5953a1bd156683bc3de3cdfa3a6150f0fa4e837f39e09,5b71aaddc018cb70ace76eb9c29e8cbe38048659416fe34a90f686decb94b758,auto,true,correct-manifest-to-repository-blob; restore-blob-bytes
diagrams.workflow.cisco-cli-modes,00_book/figures/report/diagrams/03_cli_modes.svg,.svg,36cb622dc36176dd5ce5dbb711f6bac4a6aa923bb8aea6995b697561a090f8bb,36cb622dc36176dd5ce5dbb711f6bac4a6aa923bb8aea6995b697561a090f8bb,ca947bc7e2ab144fa1474a3ba5a8aa0d29cb8fce9e21f0d658cf87ad4095b8af,auto,true,correct-manifest-to-repository-blob; restore-blob-bytes
diagrams.architecture.ssh-session-connection,00_book/figures/report/diagrams/04_ssh_connection.svg,.svg,a3399f73db7f12a91049884ea393af24226f90c2fb7de2745fe0594b3b365b71,a3399f73db7f12a91049884ea393af24226f90c2fb7de2745fe0594b3b365b71,84577fbc9a3ba39d05b987a271d6808789045445f3574db9c2ca5b258e15e9e2,auto,true,correct-manifest-to-repository-blob; restore-blob-bytes
diagrams.workflow.device-session-lifecycle,00_book/figures/report/diagrams/05_session_lifecycle.svg,.svg,da01ad6b25b426a5c509d80dd18440069dfe5c9a6f134a6b81e832cd38173127,da01ad6b25b426a5c509d80dd18440069dfe5c9a6f134a6b81e832cd38173127,4cec229e2bd1ccb222dc68a02ee134f6339ed1bb6f879f9e09cd38b69d60c268,auto,true,correct-manifest-to-repository-blob; restore-blob-bytes
diagrams.workflow.dhcp-dora-sequence,00_book/figures/report/diagrams/06_dhcp_dora.svg,.svg,dd2126790f3ea0000f4416d765e5cd0d1c94765601a4bde1ebf49e08f1a446f4,dd2126790f3ea0000f4416d765e5cd0d1c94765601a4bde1ebf49e08f1a446f4,7b59bbe060b25d43511b42c7b5d80e2b98e8c5c2b938a56f8fe222560e87e234,auto,true,correct-manifest-to-repository-blob; restore-blob-bytes
diagrams.network.ospf-multi-area-backbone,00_book/figures/report/diagrams/07_ospf_area.png,.png,dea09ba6f077a224486145c079a7a7499f1f8115937021ff7bd4673ee7804b13,dea09ba6f077a224486145c079a7a7499f1f8115937021ff7bd4673ee7804b13,dea09ba6f077a224486145c079a7a7499f1f8115937021ff7bd4673ee7804b13,auto,false,unchanged
diagrams.network.ospf-area-zero-router-chain,00_book/figures/report/diagrams/07_ospf_area.svg,.svg,f80af3b8cd4e8d1af5287f3d9f0e39116d3d6c4faf583cd517e0c07b7128dca4,f80af3b8cd4e8d1af5287f3d9f0e39116d3d6c4faf583cd517e0c07b7128dca4,e3f9553bdd82f7088e30c87fa805bc5bb8ae8825b1426c7dfd5d7130a4fb21e4,auto,true,correct-manifest-to-repository-blob; restore-blob-bytes
diagrams.workflow.inbound-acl-tests,00_book/figures/report/diagrams/08_acl_packet_flow.jpg,.jpg,40a0fa5ad7b02350772deebba6cb38f630e799c083ddb58f17ba0de0836cd323,40a0fa5ad7b02350772deebba6cb38f630e799c083ddb58f17ba0de0836cd323,40a0fa5ad7b02350772deebba6cb38f630e799c083ddb58f17ba0de0836cd323,auto,false,unchanged
diagrams.workflow.acl-rule-evaluation,00_book/figures/report/diagrams/08_acl_packet_flow.svg,.svg,4bed4ebe3db618336b4da32c3be430d5de0a281cd970c48375409b1571bf24af,4bed4ebe3db618336b4da32c3be430d5de0a281cd970c48375409b1571bf24af,afc15902c049eb3c28ffdbdc15d71ca8e4941168af6eefe38d61422573e6ae34,auto,true,correct-manifest-to-repository-blob; restore-blob-bytes
diagrams.network.nat-pat-internet-topology,00_book/figures/report/diagrams/09_nat_pat.svg,.svg,cecbbe82c940626672f57e8a8344282a56cbe902743eb9028f4a5805389b580a,cecbbe82c940626672f57e8a8344282a56cbe902743eb9028f4a5805389b580a,2b53056aa4162191a2f4d71a916d359cfd76317df3f1dfbbe91a7586ba3c01e0,auto,true,correct-manifest-to-repository-blob; restore-blob-bytes
diagrams.network.fhrp-virtual-gateway,00_book/figures/report/diagrams/10_fhrp_gateway.svg,.svg,b48ca1d3c3b8eb0a7a0e4e6d9e10abd47aede5d9445fed505f4b33acba0ae997,b48ca1d3c3b8eb0a7a0e4e6d9e10abd47aede5d9445fed505f4b33acba0ae997,d3be707ec2bdafb2d9d565dac9f111c85508a290f79f0e3809b50c2317c94bbb,auto,true,correct-manifest-to-repository-blob; restore-blob-bytes
diagrams.database.device-entity-relations,00_book/figures/report/diagrams/11_db_schema.svg,.svg,ec321d390306fca80952cbe45b4ff676041957ba5c6918a4723867603c7cffe5,ec321d390306fca80952cbe45b4ff676041957ba5c6918a4723867603c7cffe5,04b583315e577bd5a22d9278f6ed7d16323624c2b43b3c3ebfbcdab113516c40,auto,true,correct-manifest-to-repository-blob; restore-blob-bytes
diagrams.architecture.netmiko-ssh-stack,00_book/figures/report/diagrams/12_netmiko_stack.svg,.svg,9d7ef6efe57fe4eec73b6bd4e547a0c1d98beb20154371aae7eab9999850260a,9d7ef6efe57fe4eec73b6bd4e547a0c1d98beb20154371aae7eab9999850260a,45c43f585959167310e1b32820c462160f8683641875e21f6254c22e90d4622a,auto,true,correct-manifest-to-repository-blob; restore-blob-bytes
diagrams.architecture.qtquick-component-tree,00_book/figures/report/diagrams/13_qtquick_tree.svg,.svg,4f9d0f2f6c38b9b0ad69ac6e13a06ab500642be1bc1b5274a86e856340796ae8,4f9d0f2f6c38b9b0ad69ac6e13a06ab500642be1bc1b5274a86e856340796ae8,81a1a53810e29033833b03d72833b0228606c6dfe986a3ebd3e5ec88e45c6166,auto,true,correct-manifest-to-repository-blob; restore-blob-bytes
diagrams.architecture.qml-python-signal-flow,00_book/figures/report/diagrams/14_qml_signal_slot.svg,.svg,49b008c962334736a8b04316d9153dee4fb96ab4ad3685812372b0e5dacfd10b,49b008c962334736a8b04316d9153dee4fb96ab4ad3685812372b0e5dacfd10b,5156f0f1d43de24be91a6362bdeb569938fb0c26157fa082b38ca46fa861227d,auto,true,correct-manifest-to-repository-blob; restore-blob-bytes
diagrams.architecture.ui-thread-worker-dispatch,00_book/figures/report/diagrams/15_ui_thread_workers.svg,.svg,56885763ba043a60d013a532dcaace27eb90ef3cb5fff4574deb35b1f815d7b5,56885763ba043a60d013a532dcaace27eb90ef3cb5fff4574deb35b1f815d7b5,4b708c40abde264d9594aeb076923863d6206f015d58cf1a6a7e1b84aa905f04,auto,true,correct-manifest-to-repository-blob; restore-blob-bytes
diagrams.architecture.per-host-session-lock,00_book/figures/report/diagrams/16_host_lock.svg,.svg,a064764606773503177710294dc73cc2571cf890368f60ef3b54ffccc9fa128d,a064764606773503177710294dc73cc2571cf890368f60ef3b54ffccc9fa128d,94dc544c6f716773c4c724a52427a73f7eae3c94c8805b1b59c20a5f0848f453,auto,true,correct-manifest-to-repository-blob; restore-blob-bytes
diagrams.workflow.per-host-serial-cross-host-parallel,00_book/figures/report/diagrams/17_serialize_parallel.svg,.svg,0e6d558baf42544be512c7f330d7674cf27fdeaa3afaea67a8763f8d4e016733,0e6d558baf42544be512c7f330d7674cf27fdeaa3afaea67a8763f8d4e016733,87e9417b44573f659c8e4d5b8975b9dae83c2bb10d85e211328f8c0736041662,auto,true,correct-manifest-to-repository-blob; restore-blob-bytes
diagrams.workflow.syslog-processing-pipeline,00_book/figures/report/diagrams/18_syslog_pipeline.svg,.svg,b838b6a36efb9dcf9649e981fddc7a81ac3407593c55e154d6499f8b42e05157,b838b6a36efb9dcf9649e981fddc7a81ac3407593c55e154d6499f8b42e05157,354129d8bc1b63ba77564ca848ea0032cd011e74527e51698c045984e448fd9a,auto,true,correct-manifest-to-repository-blob; restore-blob-bytes
diagrams.workflow.service-repository-test,00_book/figures/report/diagrams/19_testing_flow_a.svg,.svg,832ad6644fb2d061ffeba2530bc896d9bde01b3e8aa94523f0fe7f0c640454f7,832ad6644fb2d061ffeba2530bc896d9bde01b3e8aa94523f0fe7f0c640454f7,d3bc4c6eaf599d3e339d987697bda945d6cbf78497717fc0fbea78f235aa8bc2,auto,true,correct-manifest-to-repository-blob; restore-blob-bytes
diagrams.workflow.worker-fake-connector-test,00_book/figures/report/diagrams/20_testing_flow_b.svg,.svg,dd0df982429289ced4144dd67d10b0e05cbca30a9cf8c634632c16541754a211,dd0df982429289ced4144dd67d10b0e05cbca30a9cf8c634632c16541754a211,3a8fa203c4095bce53f4522d98459b4eb770fafcd3495323c2a5848398d82768,auto,true,correct-manifest-to-repository-blob; restore-blob-bytes
diagrams.workflow.network-lab-verification,00_book/figures/report/diagrams/21_lab_test_flow.svg,.svg,157f7c29cecc337f5e66cc07fda35a7662ee3da69f17f005861c4e3001a825f2,157f7c29cecc337f5e66cc07fda35a7662ee3da69f17f005861c4e3001a825f2,b8b7702cab219a62c8fdc4ccc82d34f57d93a55cc1bc60a69396173680b1b3ac,auto,true,correct-manifest-to-repository-blob; restore-blob-bytes
diagrams.architecture.cams-layered-system,00_book/figures/report/diagrams/22_architecture_overview.svg,.svg,d106f9418af8eb1cfbd4f94c49c5a1a473ab0c33191b7983db7e0bb102b3ade8,d106f9418af8eb1cfbd4f94c49c5a1a473ab0c33191b7983db7e0bb102b3ade8,610a56c16256dadaa9cccf09d9ab13a68bd8146353b105eb17c49dad1fdc5787,auto,true,correct-manifest-to-repository-blob; restore-blob-bytes
diagrams.network.etherchannel-redundant-uplinks,00_book/figures/report/diagrams/Etherchannel.jpg,.jpg,14f22ddd7e0e43dc1ea6424974709d62308c5aca2f57bb088747475cd4f3003d,14f22ddd7e0e43dc1ea6424974709d62308c5aca2f57bb088747475cd4f3003d,14f22ddd7e0e43dc1ea6424974709d62308c5aca2f57bb088747475cd4f3003d,auto,false,unchanged
diagrams.lab-topology.routing-ospf.multi-area-branches-raster,00_book/figures/report/diagrams/LAB_2-report.png,.png,afc05beaf1831559eea82e2289614826202267d50014adc562ba6d4c59230f9b,afc05beaf1831559eea82e2289614826202267d50014adc562ba6d4c59230f9b,afc05beaf1831559eea82e2289614826202267d50014adc562ba6d4c59230f9b,auto,false,unchanged
diagrams.lab-topology.routing-ospf.multi-area-branches-vector,00_book/figures/report/diagrams/LAB_2.svg,.svg,6326172229c7292d4311e33d451c4d8742b114a42461eea014cd86651ccd86e9,6326172229c7292d4311e33d451c4d8742b114a42461eea014cd86651ccd86e9,b047ac8a8eacd8d4a3495bfb809be60085587cf7cbe86e14909fd9decbc13081,auto,true,correct-manifest-to-repository-blob; restore-blob-bytes
diagrams.lab-topology.switching.layer-two-security,00_book/figures/report/diagrams/LAB_KICH_BAN_1.svg,.svg,e1cb07210d48c59fb0c201785e4cfa06c6eefedbf6f7ad3168782dcb74dc1bb8,e1cb07210d48c59fb0c201785e4cfa06c6eefedbf6f7ad3168782dcb74dc1bb8,3401ecff4fd6d4f9bb7c586b8c468891d1d96af4de2e60170f08b44640bf91ce,auto,true,correct-manifest-to-repository-blob; restore-blob-bytes
diagrams.network.stp-root-port-election,00_book/figures/report/diagrams/STP.jpg,.jpg,3fd4b632264b567cf9f32bad3669021d5d94231fd7b79a00e8cfc9d990125a98,3fd4b632264b567cf9f32bad3669021d5d94231fd7b79a00e8cfc9d990125a98,3fd4b632264b567cf9f32bad3669021d5d94231fd7b79a00e8cfc9d990125a98,auto,false,unchanged
diagrams.network.vtp-server-clients,00_book/figures/report/diagrams/VTP.jpg,.jpg,7d0492e745c74fbf8c8aaadd6d1489430cfbcfcb533a20cd2cb58f776e9f3fbf,7d0492e745c74fbf8c8aaadd6d1489430cfbcfcb533a20cd2cb58f776e9f3fbf,7d0492e745c74fbf8c8aaadd6d1489430cfbcfcb533a20cd2cb58f776e9f3fbf,auto,false,unchanged
diagrams.network.dhcp-snooping-rogue-server,00_book/figures/report/diagrams/dhcp-snooping.jpg,.jpg,486f0fb4c8afc061d1855421c82cc44c3f4b73b57293e1a9a39af7a6b20f7d7f,486f0fb4c8afc061d1855421c82cc44c3f4b73b57293e1a9a39af7a6b20f7d7f,486f0fb4c8afc061d1855421c82cc44c3f4b73b57293e1a9a39af7a6b20f7d7f,auto,false,unchanged
diagrams.workflow.dhcp-dora-client-server-illustration,00_book/figures/report/diagrams/dhcp_dora.png,.png,58934859e6675f6a5c0cad8224296397aea97588cc708a8b0f38d1fcdb53c6fa,58934859e6675f6a5c0cad8224296397aea97588cc708a8b0f38d1fcdb53c6fa,58934859e6675f6a5c0cad8224296397aea97588cc708a8b0f38d1fcdb53c6fa,auto,false,unchanged
evidence.fhrp-nat-dhcp.nat-interfaces,00_book/figures/report/diagrams/fhrp-nat-dhcp-lab/01-nat-interfaces.png,.png,8d1a2348fe89613f32a92efa57f41ab01f4384ff1da086f453f5fb5d21355ca8,8d1a2348fe89613f32a92efa57f41ab01f4384ff1da086f453f5fb5d21355ca8,8d1a2348fe89613f32a92efa57f41ab01f4384ff1da086f453f5fb5d21355ca8,auto,false,unchanged
evidence.fhrp-nat-dhcp.nat-acl,00_book/figures/report/diagrams/fhrp-nat-dhcp-lab/02-nat-acl.png,.png,699c2c2f491c06117029ab2f28a0224c223f546b01e2f781a57ce12198bb8435,699c2c2f491c06117029ab2f28a0224c223f546b01e2f781a57ce12198bb8435,699c2c2f491c06117029ab2f28a0224c223f546b01e2f781a57ce12198bb8435,auto,false,unchanged
evidence.fhrp-nat-dhcp.nat-config-preview,00_book/figures/report/diagrams/fhrp-nat-dhcp-lab/03-nat-config-preview.png,.png,4302dbda91b90c7c7a62366a7e2a26b4a2a5c5c51b5ed4c6884bc882745dd1c2,4302dbda91b90c7c7a62366a7e2a26b4a2a5c5c51b5ed4c6884bc882745dd1c2,4302dbda91b90c7c7a62366a7e2a26b4a2a5c5c51b5ed4c6884bc882745dd1c2,auto,false,unchanged
evidence.fhrp-nat-dhcp.nat-pat,00_book/figures/report/diagrams/fhrp-nat-dhcp-lab/04-nat-pat.png,.png,6dc3e087c6352642b3bfb4b0b5de34df18901118ff9cf0ca8bb670cd5ab20c6e,6dc3e087c6352642b3bfb4b0b5de34df18901118ff9cf0ca8bb670cd5ab20c6e,6dc3e087c6352642b3bfb4b0b5de34df18901118ff9cf0ca8bb670cd5ab20c6e,auto,false,unchanged
evidence.fhrp-nat-dhcp.nat-pat-preview,00_book/figures/report/diagrams/fhrp-nat-dhcp-lab/05-nat-pat-preview.png,.png,1e8bdabd2ba18e62ffd67d4eb748222bbe4b15639f95c83022f4a582f5c2800c,1e8bdabd2ba18e62ffd67d4eb748222bbe4b15639f95c83022f4a582f5c2800c,1e8bdabd2ba18e62ffd67d4eb748222bbe4b15639f95c83022f4a582f5c2800c,auto,false,unchanged
evidence.fhrp-nat-dhcp.nat-interface-verify,00_book/figures/report/diagrams/fhrp-nat-dhcp-lab/06-nat-interface-verify.png,.png,0720dcfcc7a8e5b6c994d3531d90099d6d10684754df006bd25065e31de4b7df,0720dcfcc7a8e5b6c994d3531d90099d6d10684754df006bd25065e31de4b7df,0720dcfcc7a8e5b6c994d3531d90099d6d10684754df006bd25065e31de4b7df,auto,false,unchanged
evidence.fhrp-nat-dhcp.nat-config-verify,00_book/figures/report/diagrams/fhrp-nat-dhcp-lab/07-nat-config-verify.png,.png,5e8e630d1e29980bb5e517108e14486bbe83734bd9aa03704b5276aceefeb6eb,5e8e630d1e29980bb5e517108e14486bbe83734bd9aa03704b5276aceefeb6eb,5e8e630d1e29980bb5e517108e14486bbe83734bd9aa03704b5276aceefeb6eb,auto,false,unchanged
evidence.fhrp-nat-dhcp.glbp-setup,00_book/figures/report/diagrams/fhrp-nat-dhcp-lab/08-glbp-setup.png,.png,08047607c73b07c299f8ae39765747ca346b31b9402ceed5f021c46a526419f4,08047607c73b07c299f8ae39765747ca346b31b9402ceed5f021c46a526419f4,08047607c73b07c299f8ae39765747ca346b31b9402ceed5f021c46a526419f4,auto,false,unchanged
evidence.fhrp-nat-dhcp.glbp-member-policy,00_book/figures/report/diagrams/fhrp-nat-dhcp-lab/09-glbp-member-policy.png,.png,6e2622e687c2ec9a3f64445808a20f90a69454daf3cbfe538ad15c12d364e32a,6e2622e687c2ec9a3f64445808a20f90a69454daf3cbfe538ad15c12d364e32a,6e2622e687c2ec9a3f64445808a20f90a69454daf3cbfe538ad15c12d364e32a,auto,false,unchanged
evidence.fhrp-nat-dhcp.glbp-config-preview,00_book/figures/report/diagrams/fhrp-nat-dhcp-lab/10-glbp-config-preview.png,.png,79d0629dc4d1494339c143ad4d248febcfd16d826715982ae8b5f87886beb185,79d0629dc4d1494339c143ad4d248febcfd16d826715982ae8b5f87886beb185,79d0629dc4d1494339c143ad4d248febcfd16d826715982ae8b5f87886beb185,auto,false,unchanged
evidence.fhrp-nat-dhcp.dhcp-pool,00_book/figures/report/diagrams/fhrp-nat-dhcp-lab/11-dhcp-pool.png,.png,c03293618d751e255d873678cad4f8c1f955c361fd37f74070b59cd8981b70fd,c03293618d751e255d873678cad4f8c1f955c361fd37f74070b59cd8981b70fd,c03293618d751e255d873678cad4f8c1f955c361fd37f74070b59cd8981b70fd,auto,false,unchanged
evidence.fhrp-nat-dhcp.dhcp-config-preview,00_book/figures/report/diagrams/fhrp-nat-dhcp-lab/13-dhcp-config-preview.png,.png,bcd6702acfff472d037dc4ad00b86baf6d168ef2c49915245634d8613e7b4935,bcd6702acfff472d037dc4ad00b86baf6d168ef2c49915245634d8613e7b4935,bcd6702acfff472d037dc4ad00b86baf6d168ef2c49915245634d8613e7b4935,auto,false,unchanged
evidence.fhrp-nat-dhcp.dhcp-glbp-r1-verify,00_book/figures/report/diagrams/fhrp-nat-dhcp-lab/14-dhcp-glbp-r1-verify.png,.png,0d664b402e1c4404aa4454792942d9e4ad8140bc30f3535644bc45ac5b709d7c,0d664b402e1c4404aa4454792942d9e4ad8140bc30f3535644bc45ac5b709d7c,0d664b402e1c4404aa4454792942d9e4ad8140bc30f3535644bc45ac5b709d7c,auto,false,unchanged
evidence.fhrp-nat-dhcp.glbp-r2-verify,00_book/figures/report/diagrams/fhrp-nat-dhcp-lab/15-glbp-r2-verify.png,.png,40ce025beda153157589bf0d6d8086a212b5db3c5f100dfc78be7a25ece0c805,40ce025beda153157589bf0d6d8086a212b5db3c5f100dfc78be7a25ece0c805,40ce025beda153157589bf0d6d8086a212b5db3c5f100dfc78be7a25ece0c805,auto,false,unchanged
evidence.fhrp-nat-dhcp.client-connectivity-test,00_book/figures/report/diagrams/fhrp-nat-dhcp-lab/16-client-connectivity-test.png,.png,7717d1dd21db8ed67104f75e6978ef928018c87699fe6bc2de19199bf6a0f3c0,7717d1dd21db8ed67104f75e6978ef928018c87699fe6bc2de19199bf6a0f3c0,7717d1dd21db8ed67104f75e6978ef928018c87699fe6bc2de19199bf6a0f3c0,auto,false,unchanged
diagrams.lab-topology.fhrp-nat-dhcp.glbp-dhcp-pat-raster,00_book/figures/report/diagrams/fhrp-nat-dhcp-lab/fhrp-nat-dhcp-report.png,.png,10f0de904299f8ab03845c4f093d7c8872e3e2f2d0e6a13ada1b975e70068ade,10f0de904299f8ab03845c4f093d7c8872e3e2f2d0e6a13ada1b975e70068ade,10f0de904299f8ab03845c4f093d7c8872e3e2f2d0e6a13ada1b975e70068ade,auto,false,unchanged
diagrams.lab-topology.fhrp-nat-dhcp.glbp-dhcp-pat-vector,00_book/figures/report/diagrams/fhrp-nat-dhcp-lab/fhrp-nat-dhcp.svg,.svg,7eb6b7385f7cd6ae561c4e9deded31e240b92aa0fb9d30cc5dea6b205bac9838,7eb6b7385f7cd6ae561c4e9deded31e240b92aa0fb9d30cc5dea6b205bac9838,bdfef3c1c78b1271ed41c9bf02ea032c017d8eb6e7fc3cc1349de22efa697b0a,auto,true,correct-manifest-to-repository-blob; restore-blob-bytes
evidence.ci.jenkins-pipeline-stages,00_book/figures/report/diagrams/jenkins_pipeline_stages.png,.png,c5608385461b674bee5cc5f41731a7f08747073cbe14d3df1b3e48955a151399,c5608385461b674bee5cc5f41731a7f08747073cbe14d3df1b3e48955a151399,c5608385461b674bee5cc5f41731a7f08747073cbe14d3df1b3e48955a151399,auto,false,unchanged
diagrams.lab-topology.multi-router-branch-routing,00_book/figures/report/diagrams/lab_4.svg,.svg,b8e138de584332e75f982909aab388cbbbe556c07bd8fd3301de2256cbf244e3,b8e138de584332e75f982909aab388cbbbe556c07bd8fd3301de2256cbf244e3,209a543e229c90af9448fe34e2ea83dc718f79af94b3c6f20b30d3dc8f42cc7d,auto,true,correct-manifest-to-repository-blob; restore-blob-bytes
evidence.routing-ospf.router-interfaces-overview,00_book/figures/report/diagrams/routing-ospf-lab/1.png,.png,98426b2a12db4173473253eb032d97d61995349bfb5660b686b0dadec6c68b28,98426b2a12db4173473253eb032d97d61995349bfb5660b686b0dadec6c68b28,98426b2a12db4173473253eb032d97d61995349bfb5660b686b0dadec6c68b28,auto,false,unchanged
evidence.routing-ospf.routing-group-hosts,00_book/figures/report/diagrams/routing-ospf-lab/10.png,.png,3a5bb49ff629e349cc22076db1e5ea41ab9d877e9cd30c9ffd7e47ce137d74bb,3a5bb49ff629e349cc22076db1e5ea41ab9d877e9cd30c9ffd7e47ce137d74bb,3a5bb49ff629e349cc22076db1e5ea41ab9d877e9cd30c9ffd7e47ce137d74bb,auto,false,unchanged
evidence.routing-ospf.routing-group-networks,00_book/figures/report/diagrams/routing-ospf-lab/11.png,.png,20a3ce2f004c74f6f5abcc65b7467d0ab15de9483ab800926fd3c364c80b3fff,20a3ce2f004c74f6f5abcc65b7467d0ab15de9483ab800926fd3c364c80b3fff,20a3ce2f004c74f6f5abcc65b7467d0ab15de9483ab800926fd3c364c80b3fff,auto,false,unchanged
evidence.routing-ospf.multi-router-ospf-running-config,00_book/figures/report/diagrams/routing-ospf-lab/12.png,.png,b272ce9f5c1a3ec87febcfc2414f2fc7eb7578eb674ce5e877e852dd5360be4e,b272ce9f5c1a3ec87febcfc2414f2fc7eb7578eb674ce5e877e852dd5360be4e,b272ce9f5c1a3ec87febcfc2414f2fc7eb7578eb674ce5e877e852dd5360be4e,auto,false,unchanged
evidence.routing-ospf.r1-process-dark,00_book/figures/report/diagrams/routing-ospf-lab/13.png,.png,ee6d2598a92e0bd90edc49ffc052f798bd99353095602bfb09696e75e903c377,ee6d2598a92e0bd90edc49ffc052f798bd99353095602bfb09696e75e903c377,ee6d2598a92e0bd90edc49ffc052f798bd99353095602bfb09696e75e903c377,auto,false,unchanged
evidence.routing-ospf.routing-group-push-progress,00_book/figures/report/diagrams/routing-ospf-lab/14.png,.png,065c74740c78dc733b43ee1988871a0323f1caad082cc8d9508aa15fe7924489,065c74740c78dc733b43ee1988871a0323f1caad082cc8d9508aa15fe7924489,065c74740c78dc733b43ee1988871a0323f1caad082cc8d9508aa15fe7924489,auto,false,unchanged
evidence.routing-ospf.r1-view-push-dark,00_book/figures/report/diagrams/routing-ospf-lab/15.png,.png,ee6f2ccd24b40a51839de0202e0c2c0edb91efd9aae1e1db97159c9b856f67a2,ee6f2ccd24b40a51839de0202e0c2c0edb91efd9aae1e1db97159c9b856f67a2,ee6f2ccd24b40a51839de0202e0c2c0edb91efd9aae1e1db97159c9b856f67a2,auto,false,unchanged
evidence.routing-ospf.r2-process,00_book/figures/report/diagrams/routing-ospf-lab/16.png,.png,37519446cc4abc8f75b64f03ba9781b7eec4dab0b517da642cc5bb1230dadabb,37519446cc4abc8f75b64f03ba9781b7eec4dab0b517da642cc5bb1230dadabb,37519446cc4abc8f75b64f03ba9781b7eec4dab0b517da642cc5bb1230dadabb,auto,false,unchanged
evidence.routing-ospf.r1-ospf-routing-verification,00_book/figures/report/diagrams/routing-ospf-lab/17.png,.png,5740dd739ba8407f8346d490a777b2ff8e53dfef5734ecb549a0b72c5bb2deeb,5740dd739ba8407f8346d490a777b2ff8e53dfef5734ecb549a0b72c5bb2deeb,5740dd739ba8407f8346d490a777b2ff8e53dfef5734ecb549a0b72c5bb2deeb,auto,false,unchanged
evidence.routing-ospf.r2-ospf-routing-verification,00_book/figures/report/diagrams/routing-ospf-lab/18.png,.png,83aecc39dce6a550f5163fdd43d394ae2f97d3874e324bf771552d939a312e28,83aecc39dce6a550f5163fdd43d394ae2f97d3874e324bf771552d939a312e28,83aecc39dce6a550f5163fdd43d394ae2f97d3874e324bf771552d939a312e28,auto,false,unchanged
evidence.routing-ospf.r3-ospf-routing-verification,00_book/figures/report/diagrams/routing-ospf-lab/19.png,.png,107a14881202c7369470e01d2f6b8bd6016a4712c5f8758ac18a93cf6cb58cfe,107a14881202c7369470e01d2f6b8bd6016a4712c5f8758ac18a93cf6cb58cfe,107a14881202c7369470e01d2f6b8bd6016a4712c5f8758ac18a93cf6cb58cfe,auto,false,unchanged
evidence.routing-ospf.router-interface-editor-dark,00_book/figures/report/diagrams/routing-ospf-lab/2.png,.png,e67bf4ab1c89813323bfae2e089b0811a82b64bd27fe7b4feadbb7c330dbfe9f,e67bf4ab1c89813323bfae2e089b0811a82b64bd27fe7b4feadbb7c330dbfe9f,e67bf4ab1c89813323bfae2e089b0811a82b64bd27fe7b4feadbb7c330dbfe9f,auto,false,unchanged
evidence.routing-ospf.r6-ospf-routing-verification,00_book/figures/report/diagrams/routing-ospf-lab/20.png,.png,97434d4df89d72e95f691186de48b5b906de4aa0a26b9c89296b22f29deb72ec,97434d4df89d72e95f691186de48b5b906de4aa0a26b9c89296b22f29deb72ec,97434d4df89d72e95f691186de48b5b906de4aa0a26b9c89296b22f29deb72ec,auto,false,unchanged
evidence.routing-ospf.vpc11-ip-configuration,00_book/figures/report/diagrams/routing-ospf-lab/21.png,.png,d9042a3b90c9d6a95837e60061ecc573f27571e5989e2d84474d3e1615a72826,d9042a3b90c9d6a95837e60061ecc573f27571e5989e2d84474d3e1615a72826,d9042a3b90c9d6a95837e60061ecc573f27571e5989e2d84474d3e1615a72826,auto,false,unchanged
evidence.routing-ospf.vpc12-ip-configuration,00_book/figures/report/diagrams/routing-ospf-lab/22.png,.png,b7c9b4ede430cfd8c4feb2df0852578666d8722692fff048d7181f94d4b4d364,b7c9b4ede430cfd8c4feb2df0852578666d8722692fff048d7181f94d4b4d364,b7c9b4ede430cfd8c4feb2df0852578666d8722692fff048d7181f94d4b4d364,auto,false,unchanged
evidence.routing-ospf.vpc14-ip-configuration,00_book/figures/report/diagrams/routing-ospf-lab/23.png,.png,ea865b77d3e98ce51a790e052ae144ba0db641fc6dd44de30c7993a4f5dc194f,ea865b77d3e98ce51a790e052ae144ba0db641fc6dd44de30c7993a4f5dc194f,ea865b77d3e98ce51a790e052ae144ba0db641fc6dd44de30c7993a4f5dc194f,auto,false,unchanged
evidence.routing-ospf.vpc13-ip-configuration,00_book/figures/report/diagrams/routing-ospf-lab/24.png,.png,4c0fa44c496407b5ae45c92c912cdbc02faf7f0680f01ed6f7c1eb560acbc0f0,4c0fa44c496407b5ae45c92c912cdbc02faf7f0680f01ed6f7c1eb560acbc0f0,4c0fa44c496407b5ae45c92c912cdbc02faf7f0680f01ed6f7c1eb560acbc0f0,auto,false,unchanged
evidence.routing-ospf.vpc11-ping-verification,00_book/figures/report/diagrams/routing-ospf-lab/25.png,.png,b02fb1c18aa7fc90487beb819f396cc6730105736db55f1869d30ebdaeef576f,b02fb1c18aa7fc90487beb819f396cc6730105736db55f1869d30ebdaeef576f,b02fb1c18aa7fc90487beb819f396cc6730105736db55f1869d30ebdaeef576f,auto,false,unchanged
evidence.routing-ospf.vpc13-ping-verification,00_book/figures/report/diagrams/routing-ospf-lab/26.png,.png,a412334fc16be88e9703b6bfd4d23963609c59b3ace60b9d315566a73ddb38e1,a412334fc16be88e9703b6bfd4d23963609c59b3ace60b9d315566a73ddb38e1,a412334fc16be88e9703b6bfd4d23963609c59b3ace60b9d315566a73ddb38e1,auto,false,unchanged
evidence.routing-ospf.vpc15-ping-verification,00_book/figures/report/diagrams/routing-ospf-lab/27.png,.png,99b8ade3d63eab26aeb7a9db47c0147f5b40ba5d6a5c6732969af4f81fe2b587,99b8ade3d63eab26aeb7a9db47c0147f5b40ba5d6a5c6732969af4f81fe2b587,99b8ade3d63eab26aeb7a9db47c0147f5b40ba5d6a5c6732969af4f81fe2b587,auto,false,unchanged
evidence.routing-ospf.router-interface-addresses-dark,00_book/figures/report/diagrams/routing-ospf-lab/3.png,.png,86643a83be2ae67f2d69a2fb24903bcc3cd38814e7bd448b5be567dee9ff51b4,86643a83be2ae67f2d69a2fb24903bcc3cd38814e7bd448b5be567dee9ff51b4,86643a83be2ae67f2d69a2fb24903bcc3cd38814e7bd448b5be567dee9ff51b4,auto,false,unchanged
evidence.routing-ospf.router-interface-policy-dark,00_book/figures/report/diagrams/routing-ospf-lab/4.png,.png,24f016f0b5616d0ca43205ba6a21fd7f9be403e2d4a6a318adb60055dd06f533,24f016f0b5616d0ca43205ba6a21fd7f9be403e2d4a6a318adb60055dd06f533,24f016f0b5616d0ca43205ba6a21fd7f9be403e2d4a6a318adb60055dd06f533,auto,false,unchanged
evidence.routing-ospf.router-interfaces-inventory-dark,00_book/figures/report/diagrams/routing-ospf-lab/5.png,.png,a8ed481f986f55dcc980e01237a56e61316eee7f0583de797d91bab9c7e221b0,a8ed481f986f55dcc980e01237a56e61316eee7f0583de797d91bab9c7e221b0,a8ed481f986f55dcc980e01237a56e61316eee7f0583de797d91bab9c7e221b0,auto,false,unchanged
evidence.routing-ospf.router-interfaces-selected-dark,00_book/figures/report/diagrams/routing-ospf-lab/6.png,.png,abcd6a0193d81de9914c664fda62eff319cf7d7883bbec1dd5296c7500849b10,abcd6a0193d81de9914c664fda62eff319cf7d7883bbec1dd5296c7500849b10,abcd6a0193d81de9914c664fda62eff319cf7d7883bbec1dd5296c7500849b10,auto,false,unchanged
evidence.routing-ospf.router-interface-edit-dark,00_book/figures/report/diagrams/routing-ospf-lab/7.png,.png,27f5ce0fd345aa2a75fc522e646bb0ce532636fa3a1cb79d6186ddc84703eb30,27f5ce0fd345aa2a75fc522e646bb0ce532636fa3a1cb79d6186ddc84703eb30,27f5ce0fd345aa2a75fc522e646bb0ce532636fa3a1cb79d6186ddc84703eb30,auto,false,unchanged
evidence.routing-ospf.router-interface-counters-dark,00_book/figures/report/diagrams/routing-ospf-lab/8.png,.png,6c9868113f76ae48569d11d9e2ed40466c7352e55a0e2944afdfd8f3708ef838,6c9868113f76ae48569d11d9e2ed40466c7352e55a0e2944afdfd8f3708ef838,6c9868113f76ae48569d11d9e2ed40466c7352e55a0e2944afdfd8f3708ef838,auto,false,unchanged
evidence.routing-ospf.router-process-overview-dark,00_book/figures/report/diagrams/routing-ospf-lab/9.png,.png,614946c0b125eedc2654d2a62a9253f6c15ef5e17ca73fa284e2f6a25af1d0e5,614946c0b125eedc2654d2a62a9253f6c15ef5e17ca73fa284e2f6a25af1d0e5,614946c0b125eedc2654d2a62a9253f6c15ef5e17ca73fa284e2f6a25af1d0e5,auto,false,unchanged
evidence.switching.sw1-vlan-ten-access-assignments,00_book/figures/report/diagrams/switching-lab/1_1.png,.png,bbbde45e507e3073251bcce6f3b32f3cf72f83b0eaddcd2ce0222767ba51e058,bbbde45e507e3073251bcce6f3b32f3cf72f83b0eaddcd2ce0222767ba51e058,bbbde45e507e3073251bcce6f3b32f3cf72f83b0eaddcd2ce0222767ba51e058,auto,false,unchanged
evidence.switching.sw1-trunks-pending-apply,00_book/figures/report/diagrams/switching-lab/1_10.png,.png,22b8eac4767def77575fce18f21a827b1057d62327e51d22f0a62b4883752867,22b8eac4767def77575fce18f21a827b1057d62327e51d22f0a62b4883752867,22b8eac4767def77575fce18f21a827b1057d62327e51d22f0a62b4883752867,auto,false,unchanged
evidence.switching.sw2-trunks-synchronized,00_book/figures/report/diagrams/switching-lab/1_11.png,.png,994ec1c65545ff08770796df0513d6d6f473fc035767ebd26297f600cdc23ce8,994ec1c65545ff08770796df0513d6d6f473fc035767ebd26297f600cdc23ce8,994ec1c65545ff08770796df0513d6d6f473fc035767ebd26297f600cdc23ce8,auto,false,unchanged
evidence.switching.sw3-trunks-synchronized,00_book/figures/report/diagrams/switching-lab/1_12.png,.png,363d132d762906925b1b8e82ce040fd872b69bf16941b758e627f91ab5886326,363d132d762906925b1b8e82ce040fd872b69bf16941b758e627f91ab5886326,363d132d762906925b1b8e82ce040fd872b69bf16941b758e627f91ab5886326,auto,false,unchanged
evidence.switching.sw4-trunks-synchronized,00_book/figures/report/diagrams/switching-lab/1_13.png,.png,428f51d0ea5c130979c39626153032448d5fa439e663990386db6dd249b66cd0,428f51d0ea5c130979c39626153032448d5fa439e663990386db6dd249b66cd0,428f51d0ea5c130979c39626153032448d5fa439e663990386db6dd249b66cd0,auto,false,unchanged
evidence.switching.sw5-trunks-synchronized,00_book/figures/report/diagrams/switching-lab/1_14.png,.png,dde0547aa221edeea9b24ae52efbc5ee3aab750ee415a4083e33078844788b03,dde0547aa221edeea9b24ae52efbc5ee3aab750ee415a4083e33078844788b03,dde0547aa221edeea9b24ae52efbc5ee3aab750ee415a4083e33078844788b03,auto,false,unchanged
evidence.switching.sw6-trunks-synchronized,00_book/figures/report/diagrams/switching-lab/1_15.png,.png,fe15e98c298f5c2004d792ea964455148c0051b3486fc0c7cc226260b29a0aa0,fe15e98c298f5c2004d792ea964455148c0051b3486fc0c7cc226260b29a0aa0,fe15e98c298f5c2004d792ea964455148c0051b3486fc0c7cc226260b29a0aa0,auto,false,unchanged
evidence.switching.vtp-group-identity,00_book/figures/report/diagrams/switching-lab/1_16.png,.png,2809933f285b06a0e2a96f913e022893afea839028c0c4d832d264eee8426cdd,2809933f285b06a0e2a96f913e022893afea839028c0c4d832d264eee8426cdd,2809933f285b06a0e2a96f913e022893afea839028c0c4d832d264eee8426cdd,auto,false,unchanged
evidence.switching.vtp-group-member-policy,00_book/figures/report/diagrams/switching-lab/1_17.png,.png,747af0238c071b00854d1b67e1199425a3b4026b19dd58dae185fee2080845df,747af0238c071b00854d1b67e1199425a3b4026b19dd58dae185fee2080845df,747af0238c071b00854d1b67e1199425a3b4026b19dd58dae185fee2080845df,auto,false,unchanged
evidence.switching.sw1-vlan-five-access-assignments,00_book/figures/report/diagrams/switching-lab/1_18.png,.png,0207beffe4c488278454751867280dfd38da788930fed8dcceb9cd991dcb1a1e,0207beffe4c488278454751867280dfd38da788930fed8dcceb9cd991dcb1a1e,0207beffe4c488278454751867280dfd38da788930fed8dcceb9cd991dcb1a1e,auto,false,unchanged
evidence.switching.sw1-vlan-data-network-selected,00_book/figures/report/diagrams/switching-lab/1_19.png,.png,f9c0ca800a6a3ebf780d7af3bc4c5e4dd0cbde560c64c9e5b22d221408e49afd,f9c0ca800a6a3ebf780d7af3bc4c5e4dd0cbde560c64c9e5b22d221408e49afd,f9c0ca800a6a3ebf780d7af3bc4c5e4dd0cbde560c64c9e5b22d221408e49afd,auto,false,unchanged
evidence.switching.sw1-lacp-port-channel-editing,00_book/figures/report/diagrams/switching-lab/1_2.png,.png,ed2571d0a296fa0e4986285e4ff1c31e460fb998178745814c0e959e6b110736,ed2571d0a296fa0e4986285e4ff1c31e460fb998178745814c0e959e6b110736,ed2571d0a296fa0e4986285e4ff1c31e460fb998178745814c0e959e6b110736,auto,false,unchanged
evidence.switching.vlan-view-push,00_book/figures/report/diagrams/switching-lab/1_20.png,.png,44583fe722181386d801d4d231944ea6062ac324b0b1083a90aa97829afafa68,44583fe722181386d801d4d231944ea6062ac324b0b1083a90aa97829afafa68,44583fe722181386d801d4d231944ea6062ac324b0b1083a90aa97829afafa68,auto,false,unchanged
evidence.switching.vlan-security-policy,00_book/figures/report/diagrams/switching-lab/1_21.png,.png,4a8af469b3a7f60848adf3a45a564d6ca47faab5256c961272480166f7841a0a,4a8af469b3a7f60848adf3a45a564d6ca47faab5256c961272480166f7841a0a,4a8af469b3a7f60848adf3a45a564d6ca47faab5256c961272480166f7841a0a,auto,false,unchanged
evidence.switching.trusted-uplinks,00_book/figures/report/diagrams/switching-lab/1_22.png,.png,9c804dbfb282f469ac41d67d2d9a8214039e0f8f8458687ff4f9438c27b0c64d,9c804dbfb282f469ac41d67d2d9a8214039e0f8f8458687ff4f9438c27b0c64d,9c804dbfb282f469ac41d67d2d9a8214039e0f8f8458687ff4f9438c27b0c64d,auto,false,unchanged
evidence.switching.l2-security-view-push,00_book/figures/report/diagrams/switching-lab/1_23.png,.png,ae9f766e11b132cbaf999d0b675046542ae3b1f37ba1d2061f10daf288fff1fc,ae9f766e11b132cbaf999d0b675046542ae3b1f37ba1d2061f10daf288fff1fc,ae9f766e11b132cbaf999d0b675046542ae3b1f37ba1d2061f10daf288fff1fc,auto,false,unchanged
evidence.switching.port-security-editor,00_book/figures/report/diagrams/switching-lab/1_24.png,.png,4a7ab12e559af457d41b73564b67ed4da27683f56426353d110f74ac68dd3b72,4a7ab12e559af457d41b73564b67ed4da27683f56426353d110f74ac68dd3b72,4a7ab12e559af457d41b73564b67ed4da27683f56426353d110f74ac68dd3b72,auto,false,unchanged
evidence.switching.port-security-view-push,00_book/figures/report/diagrams/switching-lab/1_25.png,.png,64eae1293341df8234925ec6bc96606f6b13331eb61f71861ee95bec0717132f,64eae1293341df8234925ec6bc96606f6b13331eb61f71861ee95bec0717132f,64eae1293341df8234925ec6bc96606f6b13331eb61f71861ee95bec0717132f,auto,false,unchanged
evidence.switching.port-security-configured,00_book/figures/report/diagrams/switching-lab/1_26.png,.png,fb753538ab1592640307ae2ed925ab32478440da260c7bc880e2d5e04a89faa2,fb753538ab1592640307ae2ed925ab32478440da260c7bc880e2d5e04a89faa2,fb753538ab1592640307ae2ed925ab32478440da260c7bc880e2d5e04a89faa2,auto,false,unchanged
evidence.switching.sw1-vtp-status,00_book/figures/report/diagrams/switching-lab/1_27.png,.png,1f79031317db8da9f975d4a0a998c21ffda69b94c268413d87bc80837ec8cb90,1f79031317db8da9f975d4a0a998c21ffda69b94c268413d87bc80837ec8cb90,1f79031317db8da9f975d4a0a998c21ffda69b94c268413d87bc80837ec8cb90,auto,false,unchanged
evidence.switching.sw2-vtp-status,00_book/figures/report/diagrams/switching-lab/1_28.png,.png,463ed3e658fe587992fe294d4916b7d9d3f8c0e78341c0009733b1d9bf878b66,463ed3e658fe587992fe294d4916b7d9d3f8c0e78341c0009733b1d9bf878b66,463ed3e658fe587992fe294d4916b7d9d3f8c0e78341c0009733b1d9bf878b66,auto,false,unchanged
evidence.switching.sw2-vtp-trunk-verification,00_book/figures/report/diagrams/switching-lab/1_29.png,.png,591d4f7cfae450a62e8be1a282982243b92d5253590df9ea41a61bb79a1054a7,591d4f7cfae450a62e8be1a282982243b92d5253590df9ea41a61bb79a1054a7,591d4f7cfae450a62e8be1a282982243b92d5253590df9ea41a61bb79a1054a7,auto,false,unchanged
evidence.switching.etherchannel-view-push,00_book/figures/report/diagrams/switching-lab/1_3.png,.png,e570bc1d4ed0c65eae3dbfdcc05b179af3e27908a9ccdf7a3147aff8924fbb71,e570bc1d4ed0c65eae3dbfdcc05b179af3e27908a9ccdf7a3147aff8924fbb71,e570bc1d4ed0c65eae3dbfdcc05b179af3e27908a9ccdf7a3147aff8924fbb71,auto,false,unchanged
evidence.switching.multi-switch-etherchannel-verification,00_book/figures/report/diagrams/switching-lab/1_30.png,.png,45d6530be20d713fb6799e9d88774fa1c994b27b3a1fbe6be10b72832c7f7819,45d6530be20d713fb6799e9d88774fa1c994b27b3a1fbe6be10b72832c7f7819,45d6530be20d713fb6799e9d88774fa1c994b27b3a1fbe6be10b72832c7f7819,auto,false,unchanged
evidence.switching.sw2-vtp-trunk-alternate-capture,00_book/figures/report/diagrams/switching-lab/1_31.png,.png,1787137221051cd6e779ab1ec538d5cb41dd38c4f130273ad5b8dfeae335f523,1787137221051cd6e779ab1ec538d5cb41dd38c4f130273ad5b8dfeae335f523,1787137221051cd6e779ab1ec538d5cb41dd38c4f130273ad5b8dfeae335f523,auto,false,unchanged
evidence.switching.mac-address-table,00_book/figures/report/diagrams/switching-lab/1_32.png,.png,37146e37a9b4febb0fc9bed107ba957170ff600d494e95d0c61c8f1bf85ed550,37146e37a9b4febb0fc9bed107ba957170ff600d494e95d0c61c8f1bf85ed550,37146e37a9b4febb0fc9bed107ba957170ff600d494e95d0c61c8f1bf85ed550,auto,false,unchanged
evidence.switching.sw5-port-security-verification,00_book/figures/report/diagrams/switching-lab/1_33.png,.png,82ab183bf8cdc3a9d10a5182bbbd731d33be8d1621f4d8ecdce504f186a72226,82ab183bf8cdc3a9d10a5182bbbd731d33be8d1621f4d8ecdce504f186a72226,82ab183bf8cdc3a9d10a5182bbbd731d33be8d1621f4d8ecdce504f186a72226,auto,false,unchanged
evidence.switching.sw3-lacp-inventory-reloaded,00_book/figures/report/diagrams/switching-lab/1_4.png,.png,3fd658c84bf6466120bd2d60361f848f86c10a40c725bfd3e5ef40fee336e68b,3fd658c84bf6466120bd2d60361f848f86c10a40c725bfd3e5ef40fee336e68b,3fd658c84bf6466120bd2d60361f848f86c10a40c725bfd3e5ef40fee336e68b,auto,false,unchanged
evidence.switching.sw1-lacp-inventory-reloaded,00_book/figures/report/diagrams/switching-lab/1_5.png,.png,3c859b89c9c4c78c5b211ec7f92785b3c5f53d4ff5d8e456740f26779e8a119d,3c859b89c9c4c78c5b211ec7f92785b3c5f53d4ff5d8e456740f26779e8a119d,3c859b89c9c4c78c5b211ec7f92785b3c5f53d4ff5d8e456740f26779e8a119d,auto,false,unchanged
evidence.switching.sw3-lacp-later-capture,00_book/figures/report/diagrams/switching-lab/1_6.png,.png,f39954911fd7549af46cd42373b8abb14792b19df072535b28a4388ba32f4d2e,f39954911fd7549af46cd42373b8abb14792b19df072535b28a4388ba32f4d2e,f39954911fd7549af46cd42373b8abb14792b19df072535b28a4388ba32f4d2e,auto,false,unchanged
evidence.switching.sw2-pagp-synchronized,00_book/figures/report/diagrams/switching-lab/1_7.png,.png,dedb6deb08193e38e84bbebead2af995a078a115fca74f0acf53f89cb8e39252,dedb6deb08193e38e84bbebead2af995a078a115fca74f0acf53f89cb8e39252,dedb6deb08193e38e84bbebead2af995a078a115fca74f0acf53f89cb8e39252,auto,false,unchanged
evidence.switching.sw4-pagp-synchronized,00_book/figures/report/diagrams/switching-lab/1_8.png,.png,df02c9a5fa468fd5d37eeecdb165da6f7e27ff2d69a89e19f74dfc1866c1a787,df02c9a5fa468fd5d37eeecdb165da6f7e27ff2d69a89e19f74dfc1866c1a787,df02c9a5fa468fd5d37eeecdb165da6f7e27ff2d69a89e19f74dfc1866c1a787,auto,false,unchanged
evidence.switching.sw1-port-mode-editing,00_book/figures/report/diagrams/switching-lab/1_9.png,.png,96df1218bdb35b2c11f851213763cadfe3258cdcbfea8fd39469d4ad86b50f90,96df1218bdb35b2c11f851213763cadfe3258cdcbfea8fd39469d4ad86b50f90,96df1218bdb35b2c11f851213763cadfe3258cdcbfea8fd39469d4ad86b50f90,auto,false,unchanged
evidence.syslog.configuration,00_book/figures/report/diagrams/syslog-lab/01-syslog-configuration.png,.png,51181d736a2a2ced1d3840299b68cb2e48b84488d3feae8adbaa4840d6d9b5fe,51181d736a2a2ced1d3840299b68cb2e48b84488d3feae8adbaa4840d6d9b5fe,51181d736a2a2ced1d3840299b68cb2e48b84488d3feae8adbaa4840d6d9b5fe,auto,false,unchanged
evidence.syslog.select-hosts,00_book/figures/report/diagrams/syslog-lab/02-syslog-select-hosts.png,.png,7afe77c12c13f9fe152aee040f0af29b341423b0057ebb0386b00e5d423e9c2a,7afe77c12c13f9fe152aee040f0af29b341423b0057ebb0386b00e5d423e9c2a,7afe77c12c13f9fe152aee040f0af29b341423b0057ebb0386b00e5d423e9c2a,auto,false,unchanged
evidence.syslog.source-interfaces,00_book/figures/report/diagrams/syslog-lab/03-syslog-source-interfaces.png,.png,7ecdf0c4a43c0ba388723e93f0ccebc173133f7984ed6b759885d97c069effdd,7ecdf0c4a43c0ba388723e93f0ccebc173133f7984ed6b759885d97c069effdd,7ecdf0c4a43c0ba388723e93f0ccebc173133f7984ed6b759885d97c069effdd,auto,false,unchanged
evidence.syslog.policy,00_book/figures/report/diagrams/syslog-lab/04-syslog-policy.png,.png,4f1eda866dd3eb5bacbc2fdaed3a169468e09b7f2e6ff4c1a6102c806058f93c,4f1eda866dd3eb5bacbc2fdaed3a169468e09b7f2e6ff4c1a6102c806058f93c,4f1eda866dd3eb5bacbc2fdaed3a169468e09b7f2e6ff4c1a6102c806058f93c,auto,false,unchanged
evidence.syslog.config-preview,00_book/figures/report/diagrams/syslog-lab/05-syslog-config-preview.png,.png,18943f1005c33da824d4fb3f926757ccebe6686716594b8f5cff7c86512ae5be,18943f1005c33da824d4fb3f926757ccebe6686716594b8f5cff7c86512ae5be,18943f1005c33da824d4fb3f926757ccebe6686716594b8f5cff7c86512ae5be,auto,false,unchanged
evidence.syslog.r1-verify,00_book/figures/report/diagrams/syslog-lab/06-syslog-r1-verify.png,.png,e464fb805a52d0dff05099a045e896136ab1c49e58cd35f315996c08dc2ec795,e464fb805a52d0dff05099a045e896136ab1c49e58cd35f315996c08dc2ec795,e464fb805a52d0dff05099a045e896136ab1c49e58cd35f315996c08dc2ec795,auto,false,unchanged
evidence.syslog.r2-verify,00_book/figures/report/diagrams/syslog-lab/07-syslog-r2-verify.png,.png,475b3a652fd8f872d89b053e40122b032d6aad4c2b6633432aca27b544feb44f,475b3a652fd8f872d89b053e40122b032d6aad4c2b6633432aca27b544feb44f,475b3a652fd8f872d89b053e40122b032d6aad4c2b6633432aca27b544feb44f,auto,false,unchanged
evidence.syslog.r3-verify,00_book/figures/report/diagrams/syslog-lab/08-syslog-r3-verify.png,.png,50dc89bb8e87624ab477e260cfe93c4ff445208ebb04979818d51827fd854250,50dc89bb8e87624ab477e260cfe93c4ff445208ebb04979818d51827fd854250,50dc89bb8e87624ab477e260cfe93c4ff445208ebb04979818d51827fd854250,auto,false,unchanged
evidence.syslog.sw1-verify,00_book/figures/report/diagrams/syslog-lab/09-syslog-sw1-verify.png,.png,bd0e98a6c516845e809b04173228114abc6450ed48dc7c5ef775739cf494311f,bd0e98a6c516845e809b04173228114abc6450ed48dc7c5ef775739cf494311f,bd0e98a6c516845e809b04173228114abc6450ed48dc7c5ef775739cf494311f,auto,false,unchanged
evidence.syslog.listener-before-start,00_book/figures/report/diagrams/syslog-lab/10-syslog-listener-before-start.png,.png,edb43fe3150642711521940644439771acfd38318227560a95a7393862578eb9,edb43fe3150642711521940644439771acfd38318227560a95a7393862578eb9,edb43fe3150642711521940644439771acfd38318227560a95a7393862578eb9,auto,false,unchanged
evidence.syslog.listener-receiving,00_book/figures/report/diagrams/syslog-lab/11-syslog-listener-receiving.png,.png,ce02038cc5dfe04872310878f812c8d483475e6e8486e235bedce402c6290446,ce02038cc5dfe04872310878f812c8d483475e6e8486e235bedce402c6290446,ce02038cc5dfe04872310878f812c8d483475e6e8486e235bedce402c6290446,auto,false,unchanged
evidence.syslog.message-detail,00_book/figures/report/diagrams/syslog-lab/12-syslog-message-detail.png,.png,5a4bf790e665263e15d0e1e43bad53465fe1789a20cf792f49db1b49e6dc57f6,5a4bf790e665263e15d0e1e43bad53465fe1789a20cf792f49db1b49e6dc57f6,5a4bf790e665263e15d0e1e43bad53465fe1789a20cf792f49db1b49e6dc57f6,auto,false,unchanged
evidence.syslog.r1-device-logs,00_book/figures/report/diagrams/syslog-lab/13-syslog-r1-device-logs.png,.png,e675147f607b1798c993af00025e8655f3822035d7f02c7bb085fbdb4e7a8acf,e675147f607b1798c993af00025e8655f3822035d7f02c7bb085fbdb4e7a8acf,e675147f607b1798c993af00025e8655f3822035d7f02c7bb085fbdb4e7a8acf,auto,false,unchanged
evidence.syslog.r2-device-logs,00_book/figures/report/diagrams/syslog-lab/14-syslog-r2-device-logs.png,.png,3f37e39c36cc4be8fc0c0b48a99a5e33a6e67243d6d6fada5bb416bcc527e572,3f37e39c36cc4be8fc0c0b48a99a5e33a6e67243d6d6fada5bb416bcc527e572,3f37e39c36cc4be8fc0c0b48a99a5e33a6e67243d6d6fada5bb416bcc527e572,auto,false,unchanged
evidence.syslog.r3-device-logs,00_book/figures/report/diagrams/syslog-lab/15-syslog-r3-device-logs.png,.png,7cdb3559149de2d91bd8a0392834a42a109a002a29433c79eedebb36d19f5ea4,7cdb3559149de2d91bd8a0392834a42a109a002a29433c79eedebb36d19f5ea4,7cdb3559149de2d91bd8a0392834a42a109a002a29433c79eedebb36d19f5ea4,auto,false,unchanged
evidence.syslog.sw1-device-logs,00_book/figures/report/diagrams/syslog-lab/16-syslog-sw1-device-logs.png,.png,b95109940a7f52aa47823daf57eb5b60c086c420ae83cb2ee6fd4c422c6d4e16,b95109940a7f52aa47823daf57eb5b60c086c420ae83cb2ee6fd4c422c6d4e16,b95109940a7f52aa47823daf57eb5b60c086c420ae83cb2ee6fd4c422c6d4e16,auto,false,unchanged
evidence.syslog.email-alert-settings,00_book/figures/report/diagrams/syslog-lab/17-email-alert-settings.png,.png,86ff34aae8825786d57c6ee17c6c77dca85f70c7ae0d2f91783e3752242cc438,86ff34aae8825786d57c6ee17c6c77dca85f70c7ae0d2f91783e3752242cc438,86ff34aae8825786d57c6ee17c6c77dca85f70c7ae0d2f91783e3752242cc438,auto,false,unchanged
evidence.syslog.email-error-sw1-cropped,00_book/figures/report/diagrams/syslog-lab/18-email-critical.png,.png,b2e5baf00620b43f71fd2a72a508a17206754e13cd561bc0f58fb4aef420366e,b2e5baf00620b43f71fd2a72a508a17206754e13cd561bc0f58fb4aef420366e,b2e5baf00620b43f71fd2a72a508a17206754e13cd561bc0f58fb4aef420366e,auto,false,unchanged
evidence.syslog.email-warning-r1-cropped,00_book/figures/report/diagrams/syslog-lab/19-email-warning.png,.png,f3378b357dbfa41b04fae28940becc98f7779dcc97de523d88553afad464fab6,f3378b357dbfa41b04fae28940becc98f7779dcc97de523d88553afad464fab6,f3378b357dbfa41b04fae28940becc98f7779dcc97de523d88553afad464fab6,auto,false,unchanged
diagrams.lab-topology.syslog.centralized-logging-raster,00_book/figures/report/diagrams/syslog-lab/syslog-lab-topology-report.png,.png,fe2ee6aa95ad828e517f4d5f8bb974340ae3d447cc18f9f8927acfe5ddf66dd2,fe2ee6aa95ad828e517f4d5f8bb974340ae3d447cc18f9f8927acfe5ddf66dd2,fe2ee6aa95ad828e517f4d5f8bb974340ae3d447cc18f9f8927acfe5ddf66dd2,auto,false,unchanged
diagrams.lab-topology.syslog.centralized-logging-vector,00_book/figures/report/diagrams/syslog-lab/syslog-lab-topology.svg,.svg,f9599f89d5a29a964084addc839d730dbbd6c7cd5ebd6181ebcb19da74527e94,f9599f89d5a29a964084addc839d730dbbd6c7cd5ebd6181ebcb19da74527e94,1da0963d029afc75dbece7f5fa17c5291a7c80a12de78fd3b40b821d93ef63e3,auto,true,correct-manifest-to-repository-blob; restore-blob-bytes
diagrams.network.vlan-trunk-segmentation,00_book/figures/report/diagrams/vlan.png,.png,9fa7718ceb23b369c5a2c5b14817acf3e9fb423c0feb68b2968b7922b70ee2d0,9fa7718ceb23b369c5a2c5b14817acf3e9fb423c0feb68b2968b7922b70ee2d0,9fa7718ceb23b369c5a2c5b14817acf3e9fb423c0feb68b2968b7922b70ee2d0,auto,false,unchanged
evidence.project-format.project-package-json-inspection,00_book/figures/report/misc/cams-screenshot-2026-09-13-18-17-17.png,.png,6959c9797d52630233fec989d45ddfe8f119e65b855675f6e8c6f50974163061,6959c9797d52630233fec989d45ddfe8f119e65b855675f6e8c6f50974163061,6959c9797d52630233fec989d45ddfe8f119e65b855675f6e8c6f50974163061,auto,false,unchanged
evidence.project-format.encrypted-package-hex-header,00_book/figures/report/misc/xxd-ntp.png,.png,c373623ed7f3f94e1896f6fe79885bb2b08a8d1bf8d9e4f834d42a849fa575b8,c373623ed7f3f94e1896f6fe79885bb2b08a8d1bf8d9e4f834d42a849fa575b8,c373623ed7f3f94e1896f6fe79885bb2b08a8d1bf8d9e4f834d42a849fa575b8,auto,false,unchanged
source-material.lab1.lab-overview-and-objectives,00_report/Tai_lieu_lab/LAB1/1.png,.png,6aa41e80ce608c6b09c21e5600b777bde5c4d2512a93dd7ff26d5857e8cbfd84,6aa41e80ce608c6b09c21e5600b777bde5c4d2512a93dd7ff26d5857e8cbfd84,6aa41e80ce608c6b09c21e5600b777bde5c4d2512a93dd7ff26d5857e8cbfd84,auto,false,unchanged
source-material.lab1.interface-lifecycle-and-validation,00_report/Tai_lieu_lab/LAB1/10.png,.png,828533ead3cd57400e0e5283746d00161b21c6e07059384ab59ade84a8e39c40,828533ead3cd57400e0e5283746d00161b21c6e07059384ab59ade84a8e39c40,828533ead3cd57400e0e5283746d00161b21c6e07059384ab59ade84a8e39c40,auto,false,unchanged
source-material.lab1.cli-output-and-result-analysis,00_report/Tai_lieu_lab/LAB1/11.png,.png,eb6025386ea56806dd0b0920d077825ec70c62ce0000d17d9b447987aca0956d,eb6025386ea56806dd0b0920d077825ec70c62ce0000d17d9b447987aca0956d,eb6025386ea56806dd0b0920d077825ec70c62ce0000d17d9b447987aca0956d,auto,false,unchanged
source-material.lab1.results-summary,00_report/Tai_lieu_lab/LAB1/12.png,.png,946d740fe99320c44e4888b74729519a000b7ed922563c6d099f83ff7f33bee1,946d740fe99320c44e4888b74729519a000b7ed922563c6d099f83ff7f33bee1,946d740fe99320c44e4888b74729519a000b7ed922563c6d099f83ff7f33bee1,auto,false,unchanged
source-material.lab1.device-access-and-basic-configuration,00_report/Tai_lieu_lab/LAB1/2.png,.png,8596a6c164db878a4ece2230ac8151e58a32a4283edc5608d1e49db5e1ae3bb1,8596a6c164db878a4ece2230ac8151e58a32a4283edc5608d1e49db5e1ae3bb1,8596a6c164db878a4ece2230ac8151e58a32a4283edc5608d1e49db5e1ae3bb1,auto,false,unchanged
source-material.lab1.loopback-and-log-tests,00_report/Tai_lieu_lab/LAB1/3.png,.png,35b14269f906eb7ccb69262e61fe064d7d250cd9d5e5094388cd999212dbe411,35b14269f906eb7ccb69262e61fe064d7d250cd9d5e5094388cd999212dbe411,35b14269f906eb7ccb69262e61fe064d7d250cd9d5e5094388cd999212dbe411,auto,false,unchanged
source-material.lab1.interface-configuration-procedure,00_report/Tai_lieu_lab/LAB1/4.png,.png,5e5e654beba37961a3a3003d28ac090817469471cf4bbfe68c21eea251d2c9fc,5e5e654beba37961a3a3003d28ac090817469471cf4bbfe68c21eea251d2c9fc,5e5e654beba37961a3a3003d28ac090817469471cf4bbfe68c21eea251d2c9fc,auto,false,unchanged
source-material.lab1.interface-verification-output,00_report/Tai_lieu_lab/LAB1/5.png,.png,dd0b9e69be911e2f0555945f83b22a1646189571b36b230904b3f7351c42f9d4,dd0b9e69be911e2f0555945f83b22a1646189571b36b230904b3f7351c42f9d4,dd0b9e69be911e2f0555945f83b22a1646189571b36b230904b3f7351c42f9d4,auto,false,unchanged
source-material.lab1.dhcp-pool-and-acl-procedure,00_report/Tai_lieu_lab/LAB1/6.png,.png,8883a73b382c0cc63029bb8b016f94daf8ef1bcfeeddeec430fe102f318432a9,8883a73b382c0cc63029bb8b016f94daf8ef1bcfeeddeec430fe102f318432a9,8883a73b382c0cc63029bb8b016f94daf8ef1bcfeeddeec430fe102f318432a9,auto,false,unchanged
source-material.lab1.service-and-system-log-analysis,00_report/Tai_lieu_lab/LAB1/7.png,.png,7b31b60da9d6d2f0a0b031c6852eab8fe5da6b356d71a86ce1b370eae574b630,7b31b60da9d6d2f0a0b031c6852eab8fe5da6b356d71a86ce1b370eae574b630,7b31b60da9d6d2f0a0b031c6852eab8fe5da6b356d71a86ce1b370eae574b630,auto,false,unchanged
source-material.lab1.configuration-checks,00_report/Tai_lieu_lab/LAB1/8.png,.png,07678ac436952f9649d5ea5d2f4a43846be724a59c29c76152fb718dfc609084,07678ac436952f9649d5ea5d2f4a43846be724a59c29c76152fb718dfc609084,07678ac436952f9649d5ea5d2f4a43846be724a59c29c76152fb718dfc609084,auto,false,unchanged
source-material.lab1.validation-procedure-continuation,00_report/Tai_lieu_lab/LAB1/9.png,.png,d01d7503f8598dc438848dfad420461b4ab8576bc6665160904c8e64975f56a4,d01d7503f8598dc438848dfad420461b4ab8576bc6665160904c8e64975f56a4,d01d7503f8598dc438848dfad420461b4ab8576bc6665160904c8e64975f56a4,auto,false,unchanged
diagrams.lab-topology.lab1.router-switch-management,00_report/Tai_lieu_lab/LAB1/ANH_CUA_LAB/1.png,.png,74c29016a3676863772550c4667803fdc4fb9b88df30d3b52b302c9cafd7406b,74c29016a3676863772550c4667803fdc4fb9b88df30d3b52b302c9cafd7406b,74c29016a3676863772550c4667803fdc4fb9b88df30d3b52b302c9cafd7406b,auto,false,unchanged
evidence.lab1.r2-interface-ip-configuration,00_report/Tai_lieu_lab/LAB1/ANH_CUA_LAB/image copy 10.png,.png,d55b18190588ee09255251eedc63a7e1a99baf3021b0baa6846df8978b002376,d55b18190588ee09255251eedc63a7e1a99baf3021b0baa6846df8978b002376,d55b18190588ee09255251eedc63a7e1a99baf3021b0baa6846df8978b002376,auto,false,unchanged
evidence.lab1.static-mac-editor,00_report/Tai_lieu_lab/LAB1/ANH_CUA_LAB/image copy 11.png,.png,28ff2c929329b7833b5712209863eb6b649fa90db21e90275363287df33ffa76,28ff2c929329b7833b5712209863eb6b649fa90db21e90275363287df33ffa76,28ff2c929329b7833b5712209863eb6b649fa90db21e90275363287df33ffa76,auto,false,unchanged
evidence.lab1.r2-interface-status,00_report/Tai_lieu_lab/LAB1/ANH_CUA_LAB/image copy 12.png,.png,ab8aded7672c08b97c0643bdd1791c26ed3fa64b01feb03a4ae3cc1c8a86371b,ab8aded7672c08b97c0643bdd1791c26ed3fa64b01feb03a4ae3cc1c8a86371b,ab8aded7672c08b97c0643bdd1791c26ed3fa64b01feb03a4ae3cc1c8a86371b,auto,false,unchanged
evidence.lab1.system-logs-filtered,00_report/Tai_lieu_lab/LAB1/ANH_CUA_LAB/image copy 13.png,.png,a9b78706fbfb63382ea5e3320cc1adfa4ef832fbd1081ff901ea2dfcd189a7d4,a9b78706fbfb63382ea5e3320cc1adfa4ef832fbd1081ff901ea2dfcd189a7d4,a9b78706fbfb63382ea5e3320cc1adfa4ef832fbd1081ff901ea2dfcd189a7d4,auto,false,unchanged
evidence.lab1.l2-security-view-push-dialog,00_report/Tai_lieu_lab/LAB1/ANH_CUA_LAB/image copy 14.png,.png,a3895e9de8a2d994816268fa1660ea080efdc9eeff685856f7a7007121d96e86,a3895e9de8a2d994816268fa1660ea080efdc9eeff685856f7a7007121d96e86,a3895e9de8a2d994816268fa1660ea080efdc9eeff685856f7a7007121d96e86,auto,false,unchanged
evidence.lab1.router-interface-editor,00_report/Tai_lieu_lab/LAB1/ANH_CUA_LAB/image copy 2.png,.png,024af13df0779caba66b855b6a7130bd4d58be88dd8f391d243c1202d2a17fc1,024af13df0779caba66b855b6a7130bd4d58be88dd8f391d243c1202d2a17fc1,024af13df0779caba66b855b6a7130bd4d58be88dd8f391d243c1202d2a17fc1,auto,false,unchanged
evidence.lab1.dhcp-pool-editor,00_report/Tai_lieu_lab/LAB1/ANH_CUA_LAB/image copy 3.png,.png,7ad40a276aa7e12cfd97d526642ffb2ba37168799fa3fb88335e593b300e3d66,7ad40a276aa7e12cfd97d526642ffb2ba37168799fa3fb88335e593b300e3d66,7ad40a276aa7e12cfd97d526642ffb2ba37168799fa3fb88335e593b300e3d66,auto,false,unchanged
evidence.lab1.acl-standard-rule-editor,00_report/Tai_lieu_lab/LAB1/ANH_CUA_LAB/image copy 4.png,.png,68ecff69e5a1c2a524a52dff8c373a6431b7f479a3a725b805101e52574216f9,68ecff69e5a1c2a524a52dff8c373a6431b7f479a3a725b805101e52574216f9,68ecff69e5a1c2a524a52dff8c373a6431b7f479a3a725b805101e52574216f9,auto,false,unchanged
evidence.lab1.port-security-editor,00_report/Tai_lieu_lab/LAB1/ANH_CUA_LAB/image copy 5.png,.png,9a736157d53bd4cff311a69f5bbf7b1e601e7271537c103733b3445726a82d71,9a736157d53bd4cff311a69f5bbf7b1e601e7271537c103733b3445726a82d71,9a736157d53bd4cff311a69f5bbf7b1e601e7271537c103733b3445726a82d71,auto,false,unchanged
evidence.lab1.l2-security-save-result,00_report/Tai_lieu_lab/LAB1/ANH_CUA_LAB/image copy 6.png,.png,8e9d3d1ac6c8f7a0784c180da9597ce99243a514396398c0def289d7bd149c52,8e9d3d1ac6c8f7a0784c180da9597ce99243a514396398c0def289d7bd149c52,8e9d3d1ac6c8f7a0784c180da9597ce99243a514396398c0def289d7bd149c52,auto,false,unchanged
evidence.lab1.system-logs-receiving,00_report/Tai_lieu_lab/LAB1/ANH_CUA_LAB/image copy 7.png,.png,9f817e2bdda981e47b3e4bee441f878942a715aa4383983a1f3388c2c1cc52ba,9f817e2bdda981e47b3e4bee441f878942a715aa4383983a1f3388c2c1cc52ba,9f817e2bdda981e47b3e4bee441f878942a715aa4383983a1f3388c2c1cc52ba,auto,false,unchanged
evidence.lab1.l2-security-view-push-overlay,00_report/Tai_lieu_lab/LAB1/ANH_CUA_LAB/image copy 8.png,.png,52a672194f265d2296bff06ab2d2f5e19de0eebcbc45dbf60caabc0846cdd14e,52a672194f265d2296bff06ab2d2f5e19de0eebcbc45dbf60caabc0846cdd14e,52a672194f265d2296bff06ab2d2f5e19de0eebcbc45dbf60caabc0846cdd14e,auto,false,unchanged
evidence.lab1.r1-interface-ip-configuration,00_report/Tai_lieu_lab/LAB1/ANH_CUA_LAB/image copy 9.png,.png,3171f3d24cd65e8f1cade8d7e6710be77c4c158d2c395cb1e112ff8bc29bbb94,3171f3d24cd65e8f1cade8d7e6710be77c4c158d2c395cb1e112ff8bc29bbb94,3171f3d24cd65e8f1cade8d7e6710be77c4c158d2c395cb1e112ff8bc29bbb94,auto,false,unchanged
evidence.lab1.router-physical-interface-settings,00_report/Tai_lieu_lab/LAB1/ANH_CUA_LAB/image copy.png,.png,e07db6a50cd6276d1306b46e7a1a3b1b35b4b6cd4d89e3eb05ac744424c2b200,e07db6a50cd6276d1306b46e7a1a3b1b35b4b6cd4d89e3eb05ac744424c2b200,e07db6a50cd6276d1306b46e7a1a3b1b35b4b6cd4d89e3eb05ac744424c2b200,auto,false,unchanged
evidence.lab1.switch-port-inventory,00_report/Tai_lieu_lab/LAB1/ANH_CUA_LAB/image.png,.png,11c309a13360ee6c5b4f3661b371c8c563ca4e4c93fb42e3bc7432bbf0b2cfba,11c309a13360ee6c5b4f3661b371c8c563ca4e4c93fb42e3bc7432bbf0b2cfba,11c309a13360ee6c5b4f3661b371c8c563ca4e4c93fb42e3bc7432bbf0b2cfba,auto,false,unchanged
evidence.dhcp-snooping-lab.r1-dhcp-pool,00_book/figures/report/diagrams/dhcp-snooping-lab/cams_r1_dhcp_pool.png,.png,7ad40a276aa7e12cfd97d526642ffb2ba37168799fa3fb88335e593b300e3d66,7ad40a276aa7e12cfd97d526642ffb2ba37168799fa3fb88335e593b300e3d66,7ad40a276aa7e12cfd97d526642ffb2ba37168799fa3fb88335e593b300e3d66,auto,false,unchanged
evidence.dhcp-snooping-lab.sw1-l2-security-view-push,00_book/figures/report/diagrams/dhcp-snooping-lab/cams_sw1_l2_push.png,.png,a3895e9de8a2d994816268fa1660ea080efdc9eeff685856f7a7007121d96e86,a3895e9de8a2d994816268fa1660ea080efdc9eeff685856f7a7007121d96e86,a3895e9de8a2d994816268fa1660ea080efdc9eeff685856f7a7007121d96e86,auto,false,unchanged
evidence.dhcp-snooping-lab.sw1-port-inventory,00_book/figures/report/diagrams/dhcp-snooping-lab/cams_sw1_ports.png,.png,11c309a13360ee6c5b4f3661b371c8c563ca4e4c93fb42e3bc7432bbf0b2cfba,11c309a13360ee6c5b4f3661b371c8c563ca4e4c93fb42e3bc7432bbf0b2cfba,11c309a13360ee6c5b4f3661b371c8c563ca4e4c93fb42e3bc7432bbf0b2cfba,auto,false,unchanged
evidence.dhcp-snooping-lab.sw1-trusted-uplink-applied,00_book/figures/report/diagrams/dhcp-snooping-lab/cams_sw1_trusted_uplink.png,.png,4f329352ea41114c58fdabc2041c841bdb00700c6ea7a6d681ba694dc6b0a7e5,4f329352ea41114c58fdabc2041c841bdb00700c6ea7a6d681ba694dc6b0a7e5,4f329352ea41114c58fdabc2041c841bdb00700c6ea7a6d681ba694dc6b0a7e5,auto,false,unchanged
evidence.dhcp-snooping-lab.dhcp-assignment-system-logs,00_book/figures/report/diagrams/dhcp-snooping-lab/cams_syslog_dhcp_assign.png,.png,a9b78706fbfb63382ea5e3320cc1adfa4ef832fbd1081ff901ea2dfcd189a7d4,a9b78706fbfb63382ea5e3320cc1adfa4ef832fbd1081ff901ea2dfcd189a7d4,a9b78706fbfb63382ea5e3320cc1adfa4ef832fbd1081ff901ea2dfcd189a7d4,auto,false,unchanged
terminal.capture.dhcp-snooping-lab.r2-dhcp-interface-status,00_book/figures/report/diagrams/dhcp-snooping-lab/r2_dhcp_success.png,.png,ab8aded7672c08b97c0643bdd1791c26ed3fa64b01feb03a4ae3cc1c8a86371b,ab8aded7672c08b97c0643bdd1791c26ed3fa64b01feb03a4ae3cc1c8a86371b,ab8aded7672c08b97c0643bdd1791c26ed3fa64b01feb03a4ae3cc1c8a86371b,auto,false,unchanged
diagrams.dhcp-snooping-lab.dhcp-snooping-topology,00_book/figures/report/diagrams/dhcp-snooping-lab/topo_dhcp_snooping.png,.png,74c29016a3676863772550c4667803fdc4fb9b88df30d3b52b302c9cafd7406b,74c29016a3676863772550c4667803fdc4fb9b88df30d3b52b302c9cafd7406b,74c29016a3676863772550c4667803fdc4fb9b88df30d3b52b302c9cafd7406b,auto,false,unchanged
diagrams.database.core-observed-data-relationships,00_book/figures/report/diagrams/review-core-erd.svg,.svg,19c315bba2f717ac77213382bd8f4d1a6fa4aa2b9d9cc101ed47e9133ac68e1f,19c315bba2f717ac77213382bd8f4d1a6fa4aa2b9d9cc101ed47e9133ac68e1f,19c315bba2f717ac77213382bd8f4d1a6fa4aa2b9d9cc101ed47e9133ac68e1f,auto,false,unchanged
diagrams.workflow.syslog-processing-sequence,00_book/figures/report/diagrams/review-syslog-sequence.svg,.svg,668ab70e664a325e207e55de89549f2a4d85e63c180fdb63bb099086c02896db,668ab70e664a325e207e55de89549f2a4d85e63c180fdb63bb099086c02896db,668ab70e664a325e207e55de89549f2a4d85e63c180fdb63bb099086c02896db,auto,false,unchanged
evidence.syslog.email-error-sw1-gmail,00_book/figures/report/diagrams/syslog-lab/lv3.png,.png,773a94860a6d8a4f562f84cf38ae897e816d9fde181a3335ab182d1b6203e3ea,773a94860a6d8a4f562f84cf38ae897e816d9fde181a3335ab182d1b6203e3ea,773a94860a6d8a4f562f84cf38ae897e816d9fde181a3335ab182d1b6203e3ea,auto,false,unchanged
evidence.syslog.email-warning-r1-gmail,00_book/figures/report/diagrams/syslog-lab/lv4.png,.png,4f6e5623066b51430d32e111c7d629519e1171764e6c5f402997086c58774990,4f6e5623066b51430d32e111c7d629519e1171764e6c5f402997086c58774990,4f6e5623066b51430d32e111c7d629519e1171764e6c5f402997086c58774990,auto,false,unchanged
terminal.current.nat-config,00_book/figures/report/terminal-generated/nat-config.png,.png,a13d450801edf31bcd155f56bd320059e0bf605aa5abb5be21a69d62171ba380,a13d450801edf31bcd155f56bd320059e0bf605aa5abb5be21a69d62171ba380,a13d450801edf31bcd155f56bd320059e0bf605aa5abb5be21a69d62171ba380,auto,false,unchanged
terminal.current.nat-interfaces,00_book/figures/report/terminal-generated/nat-interfaces.png,.png,12b43b7024fa4b6f6d3418a3cbf6c6ceba3978db7ad15d12709d93253cf1c407,12b43b7024fa4b6f6d3418a3cbf6c6ceba3978db7ad15d12709d93253cf1c407,12b43b7024fa4b6f6d3418a3cbf6c6ceba3978db7ad15d12709d93253cf1c407,auto,false,unchanged
terminal.current.ospf-isp1,00_book/figures/report/terminal-generated/ospf-isp1.png,.png,9e9e157e803a17dc3eb36bdd17d36f896a26a144a661a1346e39955f1e4af5d3,9e9e157e803a17dc3eb36bdd17d36f896a26a144a661a1346e39955f1e4af5d3,9e9e157e803a17dc3eb36bdd17d36f896a26a144a661a1346e39955f1e4af5d3,auto,false,unchanged
terminal.current.ospf-isp2,00_book/figures/report/terminal-generated/ospf-isp2.png,.png,1494b2197db662992c8c879178cee59d9c42523902345df410dfe6816ef59178,1494b2197db662992c8c879178cee59d9c42523902345df410dfe6816ef59178,1494b2197db662992c8c879178cee59d9c42523902345df410dfe6816ef59178,auto,false,unchanged
terminal.current.ospf-r1,00_book/figures/report/terminal-generated/ospf-r1.png,.png,2c1d830c0e2ab8478dad2a180cbb36a47a9fceb25e28091c2be11c2cca2fca74,2c1d830c0e2ab8478dad2a180cbb36a47a9fceb25e28091c2be11c2cca2fca74,2c1d830c0e2ab8478dad2a180cbb36a47a9fceb25e28091c2be11c2cca2fca74,auto,false,unchanged
terminal.current.ospf-r2,00_book/figures/report/terminal-generated/ospf-r2.png,.png,74202a8deac4961582963679c258ad3f7567439588183b9bdfbc0d83f2551f6f,74202a8deac4961582963679c258ad3f7567439588183b9bdfbc0d83f2551f6f,74202a8deac4961582963679c258ad3f7567439588183b9bdfbc0d83f2551f6f,auto,false,unchanged
terminal.current.ospf-r3,00_book/figures/report/terminal-generated/ospf-r3.png,.png,69406be04fe0f5b50214ddcb39d8dde215036ef4fc3a5f779c464a7882213212,69406be04fe0f5b50214ddcb39d8dde215036ef4fc3a5f779c464a7882213212,69406be04fe0f5b50214ddcb39d8dde215036ef4fc3a5f779c464a7882213212,auto,false,unchanged
terminal.current.ospf-r6,00_book/figures/report/terminal-generated/ospf-r6.png,.png,d0fe903fdc240b557fe79be6b09c4c2ee28587f7dac05a90bc973cdd3ff43a0f,d0fe903fdc240b557fe79be6b09c4c2ee28587f7dac05a90bc973cdd3ff43a0f,d0fe903fdc240b557fe79be6b09c4c2ee28587f7dac05a90bc973cdd3ff43a0f,auto,false,unchanged
terminal.current.ospf-six-routers,00_book/figures/report/terminal-generated/ospf-six-routers.png,.png,42fb3867b4f214c92b82e19a51df9324f350b9993928f3618fb2ede4b7b0741b,42fb3867b4f214c92b82e19a51df9324f350b9993928f3618fb2ede4b7b0741b,42fb3867b4f214c92b82e19a51df9324f350b9993928f3618fb2ede4b7b0741b,auto,false,unchanged
terminal.current.pc1-dhcp-trace,00_book/figures/report/terminal-generated/pc1-dhcp-trace.png,.png,57fc4eb2497c0fcd984985b64080393c2743b4a29a959bbd9bcea2f058516dd0,57fc4eb2497c0fcd984985b64080393c2743b4a29a959bbd9bcea2f058516dd0,57fc4eb2497c0fcd984985b64080393c2743b4a29a959bbd9bcea2f058516dd0,auto,false,unchanged
terminal.current.r1-dhcp-glbp,00_book/figures/report/terminal-generated/r1-dhcp-glbp.png,.png,275b42dedb6fc9ef37f87afb2da413b87c8f532f93f24de7ecd8b211c05eefec,275b42dedb6fc9ef37f87afb2da413b87c8f532f93f24de7ecd8b211c05eefec,275b42dedb6fc9ef37f87afb2da413b87c8f532f93f24de7ecd8b211c05eefec,auto,false,unchanged
terminal.current.r1-ospf-routes,00_book/figures/report/terminal-generated/r1-ospf-routes.png,.png,90e7a3f6abe6f839dcff3ff1eb31f971caafc16393f9b302765373e68df0c90f,90e7a3f6abe6f839dcff3ff1eb31f971caafc16393f9b302765373e68df0c90f,90e7a3f6abe6f839dcff3ff1eb31f971caafc16393f9b302765373e68df0c90f,auto,false,unchanged
terminal.current.r2-glbp,00_book/figures/report/terminal-generated/r2-glbp.png,.png,d05c8699071a0c38a2268c60bae7329c5d1690ebbed6ea1182a75a7c071172a0,d05c8699071a0c38a2268c60bae7329c5d1690ebbed6ea1182a75a7c071172a0,d05c8699071a0c38a2268c60bae7329c5d1690ebbed6ea1182a75a7c071172a0,auto,false,unchanged
terminal.current.sw3-vlan-vtp,00_book/figures/report/terminal-generated/sw3-vlan-vtp.png,.png,71bd38a834bafec6943fa851dc47f89dc26f024348fcde61f6b262d40b43a81c,71bd38a834bafec6943fa851dc47f89dc26f024348fcde61f6b262d40b43a81c,71bd38a834bafec6943fa851dc47f89dc26f024348fcde61f6b262d40b43a81c,auto,false,unchanged
terminal.current.vpc11-ping,00_book/figures/report/terminal-generated/vpc11-ping.png,.png,1dc5fb1ebed6c02cbcb26670704a0fa9cf645b2bc04993110958e36e3571a57d,1dc5fb1ebed6c02cbcb26670704a0fa9cf645b2bc04993110958e36e3571a57d,1dc5fb1ebed6c02cbcb26670704a0fa9cf645b2bc04993110958e36e3571a57d,auto,false,unchanged
evidence.lab1.sw1-trusted-uplink-editing,00_report/Tai_lieu_lab/LAB1/ANH_CUA_LAB/image copy 15.png,.png,25995d6fd4fd5b09dcae538213f486a343836e6087251b0aec744cc49faa50b6,25995d6fd4fd5b09dcae538213f486a343836e6087251b0aec744cc49faa50b6,25995d6fd4fd5b09dcae538213f486a343836e6087251b0aec744cc49faa50b6,auto,false,unchanged
evidence.lab1.sw1-trusted-uplink-applied,00_report/Tai_lieu_lab/LAB1/ANH_CUA_LAB/image copy 16.png,.png,4f329352ea41114c58fdabc2041c841bdb00700c6ea7a6d681ba694dc6b0a7e5,4f329352ea41114c58fdabc2041c841bdb00700c6ea7a6d681ba694dc6b0a7e5,4f329352ea41114c58fdabc2041c841bdb00700c6ea7a6d681ba694dc6b0a7e5,auto,false,unchanged
terminal.capture.lab5.r1-acl-applied-verification,00_report/Tai_lieu_lab/LAB5/ANH_CUA_LAB/1.png,.png,d50a6b64f3b38501fe5080e3e29d2f9bf736cc3c91ebf6e9150b32b534865746,d50a6b64f3b38501fe5080e3e29d2f9bf736cc3c91ebf6e9150b32b534865746,d50a6b64f3b38501fe5080e3e29d2f9bf736cc3c91ebf6e9150b32b534865746,auto,false,unchanged
terminal.capture.lab5.vpc8-icmp-permitted,00_report/Tai_lieu_lab/LAB5/ANH_CUA_LAB/10.png,.png,4cf6bd4b6ba0652860a334afdb86a80086a01fa874d3616f52a3e2d386b18d41,4cf6bd4b6ba0652860a334afdb86a80086a01fa874d3616f52a3e2d386b18d41,4cf6bd4b6ba0652860a334afdb86a80086a01fa874d3616f52a3e2d386b18d41,auto,false,unchanged
terminal.capture.lab5.vpc9-http-permitted,00_report/Tai_lieu_lab/LAB5/ANH_CUA_LAB/11.png,.png,c0626558fd6a7a3093439411674db515d2ae2f753ed86724446610df70fe7929,c0626558fd6a7a3093439411674db515d2ae2f753ed86724446610df70fe7929,c0626558fd6a7a3093439411674db515d2ae2f753ed86724446610df70fe7929,auto,false,unchanged
evidence.lab5.acl-system-logs-full,00_report/Tai_lieu_lab/LAB5/ANH_CUA_LAB/12.png,.png,f0696ea0ccee57a28706bf9e2010846d20552f094c0f304c9a22982d40e5e9a9,f0696ea0ccee57a28706bf9e2010846d20552f094c0f304c9a22982d40e5e9a9,f0696ea0ccee57a28706bf9e2010846d20552f094c0f304c9a22982d40e5e9a9,auto,false,unchanged
evidence.lab5.acl-system-logs-filtered,00_report/Tai_lieu_lab/LAB5/ANH_CUA_LAB/13.png,.png,a132e386d5519ba72457b87403fff7e6cae680093a0b0d0e5840c61531ab9bb8,a132e386d5519ba72457b87403fff7e6cae680093a0b0d0e5840c61531ab9bb8,a132e386d5519ba72457b87403fff7e6cae680093a0b0d0e5840c61531ab9bb8,auto,false,unchanged
evidence.lab5.acl-permitted-tcp-message-detail,00_report/Tai_lieu_lab/LAB5/ANH_CUA_LAB/14.png,.png,96fca2e96dca3c3cf525be926016f5d13197b3c3e8735eae93527bd79d2342bf,96fca2e96dca3c3cf525be926016f5d13197b3c3e8735eae93527bd79d2342bf,96fca2e96dca3c3cf525be926016f5d13197b3c3e8735eae93527bd79d2342bf,auto,false,unchanged
evidence.lab5.r1-acl-telnet-deny-editor,00_report/Tai_lieu_lab/LAB5/ANH_CUA_LAB/2.png,.png,7790338693047189cb5b59c12b251d8f2a6d4f6676b416f0ae4be6521feeab7a,7790338693047189cb5b59c12b251d8f2a6d4f6676b416f0ae4be6521feeab7a,7790338693047189cb5b59c12b251d8f2a6d4f6676b416f0ae4be6521feeab7a,auto,false,unchanged
terminal.capture.lab5.vpc7-icmp-positive-control,00_report/Tai_lieu_lab/LAB5/ANH_CUA_LAB/3.png,.png,09e0dc4b339d66a9aa2ac5e320810ba87b0a7099bde57eff385b3f9e72dc3a08,09e0dc4b339d66a9aa2ac5e320810ba87b0a7099bde57eff385b3f9e72dc3a08,09e0dc4b339d66a9aa2ac5e320810ba87b0a7099bde57eff385b3f9e72dc3a08,auto,false,unchanged
terminal.capture.lab5.vpc7-http-positive-control,00_report/Tai_lieu_lab/LAB5/ANH_CUA_LAB/4.png,.png,cb4e00364e00c1e99a73466ece0db0c8fb3d407d24639eb013b48d5fc554cd86,cb4e00364e00c1e99a73466ece0db0c8fb3d407d24639eb013b48d5fc554cd86,cb4e00364e00c1e99a73466ece0db0c8fb3d407d24639eb013b48d5fc554cd86,auto,false,unchanged
terminal.capture.lab5.vpc7-telnet-denied,00_report/Tai_lieu_lab/LAB5/ANH_CUA_LAB/5.png,.png,70a2318309ed4689a02270c4e74e3b58fce7426cea8cd65569a9b784edbaa09e,70a2318309ed4689a02270c4e74e3b58fce7426cea8cd65569a9b784edbaa09e,70a2318309ed4689a02270c4e74e3b58fce7426cea8cd65569a9b784edbaa09e,auto,false,unchanged
terminal.capture.lab5.vpc8-http-denied,00_report/Tai_lieu_lab/LAB5/ANH_CUA_LAB/6.png,.png,98ba94ce8a2883ca019cd9d718bc7d94183553cd99939fe77b612d9dbe922532,98ba94ce8a2883ca019cd9d718bc7d94183553cd99939fe77b612d9dbe922532,98ba94ce8a2883ca019cd9d718bc7d94183553cd99939fe77b612d9dbe922532,auto,false,unchanged
terminal.capture.lab5.vpc9-icmp-denied,00_report/Tai_lieu_lab/LAB5/ANH_CUA_LAB/7.png,.png,ade7928fcaec2e1a212cffcaf522cd16c4f9069775f93c0baa495a7592b7482f,ade7928fcaec2e1a212cffcaf522cd16c4f9069775f93c0baa495a7592b7482f,ade7928fcaec2e1a212cffcaf522cd16c4f9069775f93c0baa495a7592b7482f,auto,false,unchanged
terminal.capture.lab5.vpc8-telnet-permitted,00_report/Tai_lieu_lab/LAB5/ANH_CUA_LAB/8.png,.png,9c00d35eb5b27a6b1c612ae13037c946a878fe72826520e4eb43a7ac0934fade,9c00d35eb5b27a6b1c612ae13037c946a878fe72826520e4eb43a7ac0934fade,9c00d35eb5b27a6b1c612ae13037c946a878fe72826520e4eb43a7ac0934fade,auto,false,unchanged
terminal.capture.lab5.vpc9-telnet-permitted,00_report/Tai_lieu_lab/LAB5/ANH_CUA_LAB/9.png,.png,1f54d3fa9c74a6b8e3c0075a3a30e33a61b28b945e86d691aa7243ab1685e5b0,1f54d3fa9c74a6b8e3c0075a3a30e33a61b28b945e86d691aa7243ab1685e5b0,1f54d3fa9c74a6b8e3c0075a3a30e33a61b28b945e86d691aa7243ab1685e5b0,auto,false,unchanged
diagrams.lab5.acl-lab-topology,00_report/Tai_lieu_lab/LAB5/ANH_CUA_LAB/so_do.png,.png,4a5f574546f1e5c5b55e66924c82791bf695d1aa04711333972d212c3a7cd6f9,4a5f574546f1e5c5b55e66924c82791bf695d1aa04711333972d212c3a7cd6f9,4a5f574546f1e5c5b55e66924c82791bf695d1aa04711333972d212c3a7cd6f9,auto,false,unchanged
source-material.lab5.switching-trunk-verification-page,00_report/Tai_lieu_lab/LAB5/image copy 2.png,.png,32544f06a02021f69057ea985d09b0a882262f49071c39d37b13f4ab1790a4f8,32544f06a02021f69057ea985d09b0a882262f49071c39d37b13f4ab1790a4f8,32544f06a02021f69057ea985d09b0a882262f49071c39d37b13f4ab1790a4f8,auto,false,unchanged
source-material.lab5.vtp-vlan-verification-page,00_report/Tai_lieu_lab/LAB5/image copy 3.png,.png,9698cf490db1a5da52b26344084d2e797aace058d499a43fa5c01f6fc8f7f290,9698cf490db1a5da52b26344084d2e797aace058d499a43fa5c01f6fc8f7f290,9698cf490db1a5da52b26344084d2e797aace058d499a43fa5c01f6fc8f7f290,auto,false,unchanged
source-material.lab5.vlan-stp-verification-page,00_report/Tai_lieu_lab/LAB5/image copy 4.png,.png,34db361222da31ab84588f60e53e778e6d0ce2e7aaa843f0e543bc0982499651,34db361222da31ab84588f60e53e778e6d0ce2e7aaa843f0e543bc0982499651,34db361222da31ab84588f60e53e778e6d0ce2e7aaa843f0e543bc0982499651,auto,false,unchanged
source-material.lab5.stp-dhcp-verification-page,00_report/Tai_lieu_lab/LAB5/image copy 5.png,.png,73fcb67b01da45f441a8db4a3c59f58a1674ddc3ec509a7fd5e657b84556d4be,73fcb67b01da45f441a8db4a3c59f58a1674ddc3ec509a7fd5e657b84556d4be,73fcb67b01da45f441a8db4a3c59f58a1674ddc3ec509a7fd5e657b84556d4be,auto,false,unchanged
source-material.lab5.nat-acl-verification-page,00_report/Tai_lieu_lab/LAB5/image copy 6.png,.png,5c46886167f74a936c77e6284510a8e4db3af2052212c25bd2cb2fc09392c73d,5c46886167f74a936c77e6284510a8e4db3af2052212c25bd2cb2fc09392c73d,5c46886167f74a936c77e6284510a8e4db3af2052212c25bd2cb2fc09392c73d,auto,false,unchanged
source-material.lab5.acl-traffic-verification-page,00_report/Tai_lieu_lab/LAB5/image copy 7.png,.png,9af0a5222eb7de3a36955065659126a593346071803cd343c466a5ac67f46cf1,9af0a5222eb7de3a36955065659126a593346071803cd343c466a5ac67f46cf1,9af0a5222eb7de3a36955065659126a593346071803cd343c466a5ac67f46cf1,auto,false,unchanged
source-material.lab5.requirements-procedure-page,00_report/Tai_lieu_lab/LAB5/image copy.png,.png,a48a060f92b6780f794019ce81233a0addbc4ca9fa4144a29d6ac400a9030064,a48a060f92b6780f794019ce81233a0addbc4ca9fa4144a29d6ac400a9030064,a48a060f92b6780f794019ce81233a0addbc4ca9fa4144a29d6ac400a9030064,auto,false,unchanged
source-material.lab5.topology-address-plan-page,00_report/Tai_lieu_lab/LAB5/image.png,.png,8bf8fe447b790e7c6b387f3458f482886c8a326f38cce092afb2797848972c91,8bf8fe447b790e7c6b387f3458f482886c8a326f38cce092afb2797848972c91,8bf8fe447b790e7c6b387f3458f482886c8a326f38cce092afb2797848972c91,auto,false,unchanged
