path,filename,extension,size_bytes,width,height,aspect_ratio,sha256,image_mode,svg_viewbox,svg_width,svg_height,asset_class,secondary_tags,ui_provenance,reproducibility,provenance_evidence,evidence_original,evidence_reconstructable,content_legibility,crop_quality,canonical_vector,raster_derivative_of,vector_source_of,vector_relationship,naming_quality,suggested_semantic_name,usage_status,usage_count,used_by_book_typst,used_by_book_mkdocs,used_by_report_typst,used_by_other,migration_bucket,suggested_future_directory,confidence,classification_confidence,provenance_confidence,reproducibility_confidence,notes,evidence_original_basis
00_book/figures/gui/chapter-02/01-welcome-window.png,01-welcome-window.png,.png,141629,3200,2000,1.6,6dbe1505c3c741477a8ed92a51076b6d58d4673520013015ef2c04b4cf054bbd,RGB,,,,ui,"[""cams-ui""]",unknown,reproducible-with-existing-framework,CAMS UI visibly matches production QML; docs describe subject. No exact registered filename/workflow. Documentation-like styling alone does not establish docshot provenance.,False,,,,,,[],,partially-semantic,01-welcome-window.png,used,1,True,False,False,False,ui-legacy,documentation_assets/ui-legacy/,medium,high,low,medium,"Visual inspection of full inventory contact sheets; source/caption context cross-checked. Reproducibility is static source capability, not a successful rendering test.",
00_book/figures/gui/chapter-02/02-create-project.png,02-create-project.png,.png,79282,1296,1066,1.21576,b3d74cb9f86b0ffac2c4917488008502b5fbe0718d5b4490fd7ec7e7e5cb520f,RGB,,,,ui,"[""cams-ui""]",unknown,reproducible-with-existing-framework,CAMS UI visibly matches production QML; docs describe subject. No exact registered filename/workflow. Documentation-like styling alone does not establish docshot provenance.,False,,,,,,[],,partially-semantic,02-create-project.png,used,1,True,False,False,False,ui-legacy,documentation_assets/ui-legacy/,medium,high,low,medium,"Visual inspection of full inventory contact sheets; source/caption context cross-checked. Reproducibility is static source capability, not a successful rendering test.",
00_book/figures/gui/chapter-02/03-project-details.png,03-project-details.png,.png,310750,2165,1364,1.587243,bd1a6892115ed6685deaa15ec146941a4e3331accd1668d3e4ce0e51ff5c6707,RGBA,,,,ui,"[""cams-ui""]",unknown,reproducible-with-existing-framework,CAMS UI visibly matches production QML; docs describe subject. No exact registered filename/workflow. Documentation-like styling alone does not establish docshot provenance.,False,,,,,,[],,partially-semantic,03-project-details.png,used,1,True,False,False,False,ui-legacy,documentation_assets/ui-legacy/,medium,high,low,medium,"Visual inspection of full inventory contact sheets; source/caption context cross-checked. Reproducibility is static source capability, not a successful rendering test.",
00_book/figures/gui/chapter-02/04-workspace-opened.png,04-workspace-opened.png,.png,128509,3200,2000,1.6,e7a687467b959823d749c993c7ad823d65304c9137ea328c734ddd3064705a36,RGB,,,,ui,"[""cams-ui""]",unknown,reproducible-with-existing-framework,CAMS UI visibly matches production QML; docs describe subject. No exact registered filename/workflow. Documentation-like styling alone does not establish docshot provenance.,False,,,,,,[],,partially-semantic,04-workspace-opened.png,used,1,True,False,False,False,ui-legacy,documentation_assets/ui-legacy/,medium,high,low,medium,"Visual inspection of full inventory contact sheets; source/caption context cross-checked. Reproducibility is static source capability, not a successful rendering test.",
00_book/figures/gui/chapter-02/05-open-project-choice.png,05-open-project-choice.png,.png,141923,3200,2000,1.6,e7e918a348d2203fd68c2c05a579b0d3a423b65ef61644551ace02dcccf6a95f,RGB,,,,ui,"[""cams-ui""]",unknown,reproducible-with-existing-framework,CAMS UI visibly matches production QML; docs describe subject. No exact registered filename/workflow. Documentation-like styling alone does not establish docshot provenance.,False,,,,,,[],,partially-semantic,05-open-project-choice.png,possibly-used,0,False,False,False,False,ui-legacy,documentation_assets/ui-legacy/,medium,high,low,medium,"Visual inspection of full inventory contact sheets; source/caption context cross-checked. Reproducibility is static source capability, not a successful rendering test.",
00_book/figures/gui/chapter-02/06-open-existing-project.png,06-open-existing-project.png,.png,130059,3200,2000,1.6,7de27f0a95e1694667be8d4b6d381df7cb4b02e3adc3a2aa334e9739ba3036f4,RGB,,,,ui,"[""cams-ui""]",unknown,reproducible-with-existing-framework,CAMS UI visibly matches production QML; docs describe subject. No exact registered filename/workflow. Documentation-like styling alone does not establish docshot provenance.,False,,,,,,[],,partially-semantic,06-open-existing-project.png,used,1,True,False,False,False,ui-legacy,documentation_assets/ui-legacy/,medium,high,low,medium,"Visual inspection of full inventory contact sheets; source/caption context cross-checked. Reproducibility is static source capability, not a successful rendering test.",
00_book/figures/gui/chapter-02/07-recent-projects.png,07-recent-projects.png,.png,166439,3200,2000,1.6,212f5ac2dd93d9812961ca1a9665c61e49b02987f1b93fa131148da4d3558cc5,RGB,,,,ui,"[""cams-ui""]",unknown,reproducible-with-existing-framework,CAMS UI visibly matches production QML; docs describe subject. No exact registered filename/workflow. Documentation-like styling alone does not establish docshot provenance.,False,,,,,,[],,partially-semantic,07-recent-projects.png,used,1,True,False,False,False,ui-legacy,documentation_assets/ui-legacy/,medium,high,low,medium,"Visual inspection of full inventory contact sheets; source/caption context cross-checked. Reproducibility is static source capability, not a successful rendering test.",
00_book/figures/gui/chapter-02/08-save-project.png,08-save-project.png,.png,87167,1920,1080,1.777778,69ee0d25e8594580fe3226e59301de39abc37d2e0781af922f9a15ddc935b0db,RGB,,,,ui,"[""cams-ui""]",unknown,reproducible-with-existing-framework,CAMS UI visibly matches production QML; docs describe subject. No exact registered filename/workflow. Documentation-like styling alone does not establish docshot provenance.,False,,,,,,[],,partially-semantic,08-save-project.png,used,1,True,False,False,False,ui-legacy,documentation_assets/ui-legacy/,medium,high,low,medium,"Visual inspection of full inventory contact sheets; source/caption context cross-checked. Reproducibility is static source capability, not a successful rendering test.",
00_book/figures/gui/chapter-02/09-snapshot-history.png,09-snapshot-history.png,.png,84007,1536,1276,1.203762,cb631f8f1621412d5db5849b5c9c9a581e191de83fea79d87d063089b14b7b98,RGB,,,,ui,"[""cams-ui""]",unknown,reproducible-with-existing-framework,CAMS UI visibly matches production QML; docs describe subject. No exact registered filename/workflow. Documentation-like styling alone does not establish docshot provenance.,False,,,,,,[],,partially-semantic,09-snapshot-history.png,used,1,True,False,False,False,ui-legacy,documentation_assets/ui-legacy/,medium,high,low,medium,"Visual inspection of full inventory contact sheets; source/caption context cross-checked. Reproducibility is static source capability, not a successful rendering test.",
00_book/figures/gui/chapter-02/10-ready-workspace.png,10-ready-workspace.png,.png,128566,3200,2000,1.6,f8ee59d3e04fd060bc069dcd1b0468cc03a6c30619dd848d830254243f108acd,RGB,,,,ui,"[""cams-ui""]",unknown,reproducible-with-existing-framework,CAMS UI visibly matches production QML; docs describe subject. No exact registered filename/workflow. Documentation-like styling alone does not establish docshot provenance.,False,,,,,,[],,partially-semantic,10-ready-workspace.png,possibly-used,0,False,False,False,False,ui-legacy,documentation_assets/ui-legacy/,medium,high,low,medium,"Visual inspection of full inventory contact sheets; source/caption context cross-checked. Reproducibility is static source capability, not a successful rendering test.",
00_book/figures/gui/chapter-03/01-workspace-overview.png,01-workspace-overview.png,.png,168069,3200,2000,1.6,4c060f15972dc8484bd445882a9a0e07b664e09cc42bd65873af52bc7b1e420f,RGB,,,,ui,"[""cams-ui""]",docshot-confirmed,reproducible-now,"Exact current generator filename: docshots/chapter03.py; docshots/shots.py registry; tests/test_docshots_chapter03.py. Filename confirms supported shot, not byte-for-byte historical generation. CLI destination mismatch: docshots/cli.py:20-21,81-84.",False,,,,,,[],,partially-semantic,01-workspace-overview.png,used,2,True,False,True,False,ui-docshot,documentation_assets/ui-docshot/,high,high,high,high,"Visual inspection of full inventory contact sheets; source/caption context cross-checked. Reproducibility is static source capability, not a successful rendering test.",
00_book/figures/gui/chapter-03/02-menu-bar.png,02-menu-bar.png,.png,55922,696,620,1.122581,051797bbf7e32ae7ad318120d8f55a6ff6333d5fef9a327262f48ae3a67c7ed8,RGB,,,,ui,"[""cams-ui""]",docshot-confirmed,reproducible-now,"Exact current generator filename: docshots/chapter03.py; docshots/shots.py registry; tests/test_docshots_chapter03.py. Filename confirms supported shot, not byte-for-byte historical generation. CLI destination mismatch: docshots/cli.py:20-21,81-84.",False,,,,,,[],,partially-semantic,02-menu-bar.png,used,1,True,False,False,False,ui-docshot,documentation_assets/ui-docshot/,high,high,high,high,"Visual inspection of full inventory contact sheets; source/caption context cross-checked. Reproducibility is static source capability, not a successful rendering test.",
00_book/figures/gui/chapter-03/03-activity-bar.png,03-activity-bar.png,.png,52906,696,660,1.054545,1e536a74b4b687128ab01a1623d90c835eb5d05fa0328164bed4ce4fd29fd8db,RGB,,,,ui,"[""cams-ui""]",docshot-confirmed,reproducible-now,"Exact current generator filename: docshots/chapter03.py; docshots/shots.py registry; tests/test_docshots_chapter03.py. Filename confirms supported shot, not byte-for-byte historical generation. CLI destination mismatch: docshots/cli.py:20-21,81-84.",False,,,,,,[],,partially-semantic,03-activity-bar.png,used,1,True,False,False,False,ui-docshot,documentation_assets/ui-docshot/,high,high,high,high,"Visual inspection of full inventory contact sheets; source/caption context cross-checked. Reproducibility is static source capability, not a successful rendering test.",
00_book/figures/gui/chapter-03/04-devices-sidebar.png,04-devices-sidebar.png,.png,42711,600,600,1.0,cfa2fbb557d60aa3dc84af6947a428a61c256c59efafc63f93e6204b33b434c9,RGB,,,,ui,"[""cams-ui""]",docshot-confirmed,reproducible-now,"Exact current generator filename: docshots/chapter03.py; docshots/shots.py registry; tests/test_docshots_chapter03.py. Filename confirms supported shot, not byte-for-byte historical generation. CLI destination mismatch: docshots/cli.py:20-21,81-84.",False,,,,,,[],,partially-semantic,04-devices-sidebar.png,used,1,True,False,False,False,ui-docshot,documentation_assets/ui-docshot/,high,high,high,high,"Visual inspection of full inventory contact sheets; source/caption context cross-checked. Reproducibility is static source capability, not a successful rendering test.",
00_book/figures/gui/chapter-03/05-device-tabs.png,05-device-tabs.png,.png,20289,1320,168,7.857143,1be478630aa5cb58e9b615f959542147309e172e2bae4fe790eb54dd5479acac,RGB,,,,ui,"[""cams-ui""]",docshot-confirmed,reproducible-now,"Exact current generator filename: docshots/chapter03.py; docshots/shots.py registry; tests/test_docshots_chapter03.py. Filename confirms supported shot, not byte-for-byte historical generation. CLI destination mismatch: docshots/cli.py:20-21,81-84.",False,,,,,,[],,partially-semantic,05-device-tabs.png,used,1,True,False,False,False,ui-docshot,documentation_assets/ui-docshot/,high,high,high,high,"Visual inspection of full inventory contact sheets; source/caption context cross-checked. Reproducibility is static source capability, not a successful rendering test.",
00_book/figures/gui/chapter-03/06-feature-bar-router.png,06-feature-bar-router.png,.png,25702,1240,256,4.84375,e4698aab0bcd4843d47222efcf7b751c205f0d7d9655c666f13f4b77f80b3045,RGB,,,,ui,"[""cams-ui""]",docshot-confirmed,reproducible-now,"Exact current generator filename: docshots/chapter03.py; docshots/shots.py registry; tests/test_docshots_chapter03.py. Filename confirms supported shot, not byte-for-byte historical generation. CLI destination mismatch: docshots/cli.py:20-21,81-84.",False,,,,,,[],,partially-semantic,06-feature-bar-router.png,used,1,True,False,False,False,ui-docshot,documentation_assets/ui-docshot/,high,high,high,high,"Visual inspection of full inventory contact sheets; source/caption context cross-checked. Reproducibility is static source capability, not a successful rendering test.",
00_book/figures/gui/chapter-03/07-feature-bar-switch.png,07-feature-bar-switch.png,.png,25585,1240,256,4.84375,2a893694a070c6f6c879da03a4bf9de8ea95a019ccc99a805d5b84366ff8aa4b,RGB,,,,ui,"[""cams-ui""]",docshot-confirmed,reproducible-now,"Exact current generator filename: docshots/chapter03.py; docshots/shots.py registry; tests/test_docshots_chapter03.py. Filename confirms supported shot, not byte-for-byte historical generation. CLI destination mismatch: docshots/cli.py:20-21,81-84.",False,,,,,,[],,partially-semantic,07-feature-bar-switch.png,used,1,True,False,False,False,ui-docshot,documentation_assets/ui-docshot/,high,high,high,high,"Visual inspection of full inventory contact sheets; source/caption context cross-checked. Reproducibility is static source capability, not a successful rendering test.",
00_book/figures/gui/chapter-03/08-content-area.png,08-content-area.png,.png,45548,2502,1120,2.233929,c12de17bcb410ab7ba96efc231f8bcc2956db08fdd7de5953ad7774860fef206,RGB,,,,ui,"[""cams-ui""]",docshot-confirmed,reproducible-now,"Exact current generator filename: docshots/chapter03.py; docshots/shots.py registry; tests/test_docshots_chapter03.py. Filename confirms supported shot, not byte-for-byte historical generation. CLI destination mismatch: docshots/cli.py:20-21,81-84.",False,,,,,,[],,partially-semantic,08-content-area.png,used,1,True,False,False,False,ui-docshot,documentation_assets/ui-docshot/,high,high,high,high,"Visual inspection of full inventory contact sheets; source/caption context cross-checked. Reproducibility is static source capability, not a successful rendering test.",
00_book/figures/gui/chapter-03/09-status-bar.png,09-status-bar.png,.png,12484,3200,44,72.727273,40a8869ad008c67fd2dd8df66b93df3e52be72188355a14865a82240c884089f,RGB,,,,ui,"[""cams-ui""]",docshot-confirmed,reproducible-now,"Exact current generator filename: docshots/chapter03.py; docshots/shots.py registry; tests/test_docshots_chapter03.py. Filename confirms supported shot, not byte-for-byte historical generation. CLI destination mismatch: docshots/cli.py:20-21,81-84.",False,,,,,,[],,partially-semantic,09-status-bar.png,used,1,True,False,False,False,ui-docshot,documentation_assets/ui-docshot/,high,high,high,high,"Visual inspection of full inventory contact sheets; source/caption context cross-checked. Reproducibility is static source capability, not a successful rendering test.",
00_book/figures/gui/chapter-03/09-status-details.png,09-status-details.png,.png,8618,1100,44,25.0,3ad3c2c226f6ff0423e782217c73c743b0852c8109589062f7010d1b3355ae3d,RGB,,,,ui,"[""cams-ui""]",docshot-confirmed,reproducible-now,"Exact current generator filename: docshots/chapter03.py; docshots/shots.py registry; tests/test_docshots_chapter03.py. Filename confirms supported shot, not byte-for-byte historical generation. CLI destination mismatch: docshots/cli.py:20-21,81-84.",False,,,,,,[],,partially-semantic,09-status-details.png,used,1,True,False,False,False,ui-docshot,documentation_assets/ui-docshot/,high,high,high,high,"Visual inspection of full inventory contact sheets; source/caption context cross-checked. Reproducibility is static source capability, not a successful rendering test.",
00_book/figures/gui/chapter-03/10-sidebar-collapsed.png,10-sidebar-collapsed.png,.png,125380,3200,2000,1.6,87b6babd912a9ca8e682feb967d0993b3baa86ce8e9b8f542a92ea52f914a64d,RGB,,,,ui,"[""cams-ui""]",docshot-confirmed,reproducible-now,"Exact current generator filename: docshots/chapter03.py; docshots/shots.py registry; tests/test_docshots_chapter03.py. Filename confirms supported shot, not byte-for-byte historical generation. CLI destination mismatch: docshots/cli.py:20-21,81-84.",False,,,,,,[],,partially-semantic,10-sidebar-collapsed.png,used,1,True,False,False,False,ui-docshot,documentation_assets/ui-docshot/,high,high,high,high,"Visual inspection of full inventory contact sheets; source/caption context cross-checked. Reproducibility is static source capability, not a successful rendering test.",
00_book/figures/gui/chapter-04/01-devices-inventory.png,01-devices-inventory.png,.png,36747,600,524,1.145038,5795b95a2f9da1116c2b884f6aa751855938d18da9ab7696a7632ce80728bf18,RGB,,,,ui,"[""cams-ui""]",docshot-confirmed,reproducible-now,"Exact current generator filename: docshots/chapter04.py; docshots/shots.py registry; tests/test_docshots_chapter04.py. Filename confirms supported shot, not byte-for-byte historical generation. CLI destination mismatch: docshots/cli.py:20-21,81-84.",False,,,,,,[],,partially-semantic,01-devices-inventory.png,used,1,True,False,False,False,ui-docshot,documentation_assets/ui-docshot/,high,high,high,high,"Visual inspection of full inventory contact sheets; source/caption context cross-checked. Reproducibility is static source capability, not a successful rendering test.",
00_book/figures/gui/chapter-04/02-add-device-empty.png,02-add-device-empty.png,.png,71559,960,1240,0.774194,0b2ecd621e3a7ad55dc496f8b16a72a7690daeed3b0d3f7e229f661d1793e7b2,RGB,,,,ui,"[""cams-ui""]",docshot-confirmed,reproducible-now,"Exact current generator filename: docshots/chapter04.py; docshots/shots.py registry; tests/test_docshots_chapter04.py. Filename confirms supported shot, not byte-for-byte historical generation. CLI destination mismatch: docshots/cli.py:20-21,81-84.",False,,,,,,[],,partially-semantic,02-add-device-empty.png,used,1,True,False,False,False,ui-docshot,documentation_assets/ui-docshot/,high,high,high,high,"Visual inspection of full inventory contact sheets; source/caption context cross-checked. Reproducibility is static source capability, not a successful rendering test.",
00_book/figures/gui/chapter-04/03-add-device-filled.png,03-add-device-filled.png,.png,66769,960,1240,0.774194,a02d9891d0f55e0241144c01817c22ed190a5e43adfefbfcdd2e8bc4f1074c33,RGB,,,,ui,"[""cams-ui""]",docshot-confirmed,reproducible-now,"Exact current generator filename: docshots/chapter04.py; docshots/shots.py registry; tests/test_docshots_chapter04.py. Filename confirms supported shot, not byte-for-byte historical generation. CLI destination mismatch: docshots/cli.py:20-21,81-84.",False,,,,,,[],,partially-semantic,03-add-device-filled.png,used,1,True,False,False,False,ui-docshot,documentation_assets/ui-docshot/,high,high,high,high,"Visual inspection of full inventory contact sheets; source/caption context cross-checked. Reproducibility is static source capability, not a successful rendering test.",
00_book/figures/gui/chapter-04/04-device-added-waiting.png,04-device-added-waiting.png,.png,18973,600,356,1.685393,6d8c206c275cfc57390585b17d678ebb76ce7f5f59e2ef88486d8bcb103aa7f1,RGB,,,,ui,"[""cams-ui""]",docshot-confirmed,reproducible-now,"Exact current generator filename: docshots/chapter04.py; docshots/shots.py registry; tests/test_docshots_chapter04.py. Filename confirms supported shot, not byte-for-byte historical generation. CLI destination mismatch: docshots/cli.py:20-21,81-84.",False,,,,,,[],,partially-semantic,04-device-added-waiting.png,used,1,True,False,False,False,ui-docshot,documentation_assets/ui-docshot/,high,high,high,high,"Visual inspection of full inventory contact sheets; source/caption context cross-checked. Reproducibility is static source capability, not a successful rendering test.",
00_book/figures/gui/chapter-04/05-ssh-compatibility.png,05-ssh-compatibility.png,.png,91875,960,1006,0.954274,d24d229804c949a53ff34b3a69f6002d5245878d168afdc5425dfed8116aff1b,RGB,,,,ui,"[""cams-ui""]",docshot-confirmed,reproducible-now,"Exact current generator filename: docshots/chapter04.py; docshots/shots.py registry; tests/test_docshots_chapter04.py. Filename confirms supported shot, not byte-for-byte historical generation. CLI destination mismatch: docshots/cli.py:20-21,81-84.",False,,,,,,[],,partially-semantic,05-ssh-compatibility.png,used,1,True,False,False,False,ui-docshot,documentation_assets/ui-docshot/,high,high,high,high,"Visual inspection of full inventory contact sheets; source/caption context cross-checked. Reproducibility is static source capability, not a successful rendering test.",
00_book/figures/gui/chapter-04/06-add-multiple-devices.png,06-add-multiple-devices.png,.png,115709,2560,1400,1.828571,0779ab2f5ab0eb2af296e2d0e75aefd86c30874d0c6c24aa8d2c9e7980b9cfbe,RGB,,,,ui,"[""cams-ui""]",docshot-confirmed,reproducible-now,"Exact current generator filename: docshots/chapter04.py; docshots/shots.py registry; tests/test_docshots_chapter04.py. Filename confirms supported shot, not byte-for-byte historical generation. CLI destination mismatch: docshots/cli.py:20-21,81-84.",False,,,,,,[],,partially-semantic,06-add-multiple-devices.png,used,1,True,False,False,False,ui-docshot,documentation_assets/ui-docshot/,high,high,high,high,"Visual inspection of full inventory contact sheets; source/caption context cross-checked. Reproducibility is static source capability, not a successful rendering test.",
00_book/figures/gui/chapter-04/07-batch-devices-filled.png,07-batch-devices-filled.png,.png,150342,2560,1400,1.828571,7b8c019d6ea70f79f715b97664655b88e17e87ebf8344fd44e750a32bb72afdb,RGB,,,,ui,"[""cams-ui""]",docshot-confirmed,reproducible-now,"Exact current generator filename: docshots/chapter04.py; docshots/shots.py registry; tests/test_docshots_chapter04.py. Filename confirms supported shot, not byte-for-byte historical generation. CLI destination mismatch: docshots/cli.py:20-21,81-84.",False,,,,,,[],,partially-semantic,07-batch-devices-filled.png,used,1,True,False,False,False,ui-docshot,documentation_assets/ui-docshot/,high,high,high,high,"Visual inspection of full inventory contact sheets; source/caption context cross-checked. Reproducibility is static source capability, not a successful rendering test.",
00_book/figures/gui/chapter-04/08-search-filter.png,08-search-filter.png,.png,23568,600,412,1.456311,d0b036bc1c80f8e2ff602e0ac0dbbce0b022ebae313088637c8efb3d8ddde2f0,RGB,,,,ui,"[""cams-ui""]",docshot-confirmed,reproducible-now,"Exact current generator filename: docshots/chapter04.py; docshots/shots.py registry; tests/test_docshots_chapter04.py. Filename confirms supported shot, not byte-for-byte historical generation. CLI destination mismatch: docshots/cli.py:20-21,81-84.",False,,,,,,[],,partially-semantic,08-search-filter.png,used,1,True,False,False,False,ui-docshot,documentation_assets/ui-docshot/,high,high,high,high,"Visual inspection of full inventory contact sheets; source/caption context cross-checked. Reproducibility is static source capability, not a successful rendering test.",
00_book/figures/gui/chapter-04/09-device-context-waiting.png,09-device-context-waiting.png,.png,26974,600,360,1.666667,1876fde72c06f6d519d550e495e5131f3b61073a3e4b04e67d105f721c13ba3b,RGB,,,,ui,"[""cams-ui""]",docshot-confirmed,reproducible-now,"Exact current generator filename: docshots/chapter04.py; docshots/shots.py registry; tests/test_docshots_chapter04.py. Filename confirms supported shot, not byte-for-byte historical generation. CLI destination mismatch: docshots/cli.py:20-21,81-84.",False,,,,,,[],,partially-semantic,09-device-context-waiting.png,used,1,True,False,False,False,ui-docshot,documentation_assets/ui-docshot/,high,high,high,high,"Visual inspection of full inventory contact sheets; source/caption context cross-checked. Reproducibility is static source capability, not a successful rendering test.",
00_book/figures/gui/chapter-04/10-device-connected.png,10-device-connected.png,.png,40819,600,580,1.034483,832f211649abc08ec638aaeeb901393e142597beb27df3b2fa45b3e213ec2eaa,RGB,,,,ui,"[""cams-ui""]",docshot-confirmed,reproducible-now,"Exact current generator filename: docshots/chapter04.py; docshots/shots.py registry; tests/test_docshots_chapter04.py. Filename confirms supported shot, not byte-for-byte historical generation. CLI destination mismatch: docshots/cli.py:20-21,81-84.",False,,,,,,[],,partially-semantic,10-device-connected.png,used,1,True,False,False,False,ui-docshot,documentation_assets/ui-docshot/,high,high,high,high,"Visual inspection of full inventory contact sheets; source/caption context cross-checked. Reproducibility is static source capability, not a successful rendering test.",
00_book/figures/gui/chapter-04/11-device-context-connected.png,11-device-context-connected.png,.png,36078,600,472,1.271186,0fc0c956706debe4d7b88d7ea8aa6ee37e1c59975589ce779052247c2e1a55c5,RGB,,,,ui,"[""cams-ui""]",docshot-confirmed,reproducible-now,"Exact current generator filename: docshots/chapter04.py; docshots/shots.py registry; tests/test_docshots_chapter04.py. Filename confirms supported shot, not byte-for-byte historical generation. CLI destination mismatch: docshots/cli.py:20-21,81-84.",False,,,,,,[],,partially-semantic,11-device-context-connected.png,used,2,True,False,False,False,ui-docshot,documentation_assets/ui-docshot/,high,high,high,high,"Visual inspection of full inventory contact sheets; source/caption context cross-checked. Reproducibility is static source capability, not a successful rendering test.",
00_book/figures/gui/chapter-04/12-device-context-disconnected.png,12-device-context-disconnected.png,.png,28448,600,360,1.666667,048ab16d3967320faf63ffbed1adf19c047915239eea20768e8adc197b701d60,RGB,,,,ui,"[""cams-ui""]",docshot-confirmed,reproducible-now,"Exact current generator filename: docshots/chapter04.py; docshots/shots.py registry; tests/test_docshots_chapter04.py. Filename confirms supported shot, not byte-for-byte historical generation. CLI destination mismatch: docshots/cli.py:20-21,81-84.",False,,,,,,[],,partially-semantic,12-device-context-disconnected.png,used,1,True,False,False,False,ui-docshot,documentation_assets/ui-docshot/,high,high,high,high,"Visual inspection of full inventory contact sheets; source/caption context cross-checked. Reproducibility is static source capability, not a successful rendering test.",
00_book/figures/gui/chapter-04/13-multi-select.png,13-multi-select.png,.png,56069,600,720,0.833333,aaff71c875a43f65edb1c23ce437995dc8fcbab863d742c4fd3a6c991973d921,RGB,,,,ui,"[""cams-ui""]",docshot-confirmed,reproducible-now,"Exact current generator filename: docshots/chapter04.py; docshots/shots.py registry; tests/test_docshots_chapter04.py. Filename confirms supported shot, not byte-for-byte historical generation. CLI destination mismatch: docshots/cli.py:20-21,81-84.",False,,,,,,[],,partially-semantic,13-multi-select.png,used,1,True,False,False,False,ui-docshot,documentation_assets/ui-docshot/,high,high,high,high,"Visual inspection of full inventory contact sheets; source/caption context cross-checked. Reproducibility is static source capability, not a successful rendering test.",
00_book/figures/gui/chapter-04/14-multi-select-actions.png,14-multi-select-actions.png,.png,48014,840,394,2.13198,32addcf16e0806130c076ad7e61bcc28e8d617b324c3c374712b86b8388695ac,RGB,,,,ui,"[""cams-ui""]",docshot-confirmed,reproducible-now,"Exact current generator filename: docshots/chapter04.py; docshots/shots.py registry; tests/test_docshots_chapter04.py. Filename confirms supported shot, not byte-for-byte historical generation. CLI destination mismatch: docshots/cli.py:20-21,81-84.",False,,,,,,[],,partially-semantic,14-multi-select-actions.png,used,1,True,False,False,False,ui-docshot,documentation_assets/ui-docshot/,high,high,high,high,"Visual inspection of full inventory contact sheets; source/caption context cross-checked. Reproducibility is static source capability, not a successful rendering test.",
00_book/figures/gui/chapter-04/15-edit-device.png,15-edit-device.png,.png,69819,960,1240,0.774194,21540dd91bb9f77961735a68c1533306bcba8e6a34ee0a1c1e07594dfe8ba7c5,RGB,,,,ui,"[""cams-ui""]",docshot-confirmed,reproducible-now,"Exact current generator filename: docshots/chapter04.py; docshots/shots.py registry; tests/test_docshots_chapter04.py. Filename confirms supported shot, not byte-for-byte historical generation. CLI destination mismatch: docshots/cli.py:20-21,81-84.",False,,,,,,[],,partially-semantic,15-edit-device.png,used,1,True,False,False,False,ui-docshot,documentation_assets/ui-docshot/,high,high,high,high,"Visual inspection of full inventory contact sheets; source/caption context cross-checked. Reproducibility is static source capability, not a successful rendering test.",
00_book/figures/gui/chapter-04/16-delete-device-confirmation.png,16-delete-device-confirmation.png,.png,72793,1136,756,1.502646,6c28db6616155d08164b74e1de8925438487ecdc886b109afcca24739151553e,RGB,,,,ui,"[""cams-ui""]",docshot-confirmed,reproducible-now,"Exact current generator filename: docshots/chapter04.py; docshots/shots.py registry; tests/test_docshots_chapter04.py. Filename confirms supported shot, not byte-for-byte historical generation. CLI destination mismatch: docshots/cli.py:20-21,81-84.",False,,,,,,[],,partially-semantic,16-delete-device-confirmation.png,used,1,True,False,False,False,ui-docshot,documentation_assets/ui-docshot/,high,high,high,high,"Visual inspection of full inventory contact sheets; source/caption context cross-checked. Reproducibility is static source capability, not a successful rendering test.",
00_book/figures/gui/chapter-04/17-running-config-result.png,17-running-config-result.png,.png,47649,1540,480,3.208333,caf4b73617c7a435f81787d343ea829370e779cc8eca30f89b8c38b5956db633,RGB,,,,ui,"[""cams-ui""]",docshot-confirmed,reproducible-now,"Exact current generator filename: docshots/chapter04.py; docshots/shots.py registry; tests/test_docshots_chapter04.py. Filename confirms supported shot, not byte-for-byte historical generation. CLI destination mismatch: docshots/cli.py:20-21,81-84.",False,,,,,,[],,partially-semantic,17-running-config-result.png,used,1,True,False,False,False,ui-docshot,documentation_assets/ui-docshot/,high,high,high,high,"Visual inspection of full inventory contact sheets; source/caption context cross-checked. Reproducibility is static source capability, not a successful rendering test.",
00_book/figures/gui/chapter-04/18-import-result.png,18-import-result.png,.png,50852,600,636,0.943396,1f17db3fe7e4305d9d22fbae22ecd678ea0293797be613db7229682f3d6db4c9,RGB,,,,ui,"[""cams-ui""]",docshot-confirmed,reproducible-now,"Exact current generator filename: docshots/chapter04.py; docshots/shots.py registry; tests/test_docshots_chapter04.py. Filename confirms supported shot, not byte-for-byte historical generation. CLI destination mismatch: docshots/cli.py:20-21,81-84.",False,,,,,,[],,partially-semantic,18-import-result.png,used,1,True,False,False,False,ui-docshot,documentation_assets/ui-docshot/,high,high,high,high,"Visual inspection of full inventory contact sheets; source/caption context cross-checked. Reproducibility is static source capability, not a successful rendering test.",
00_book/figures/gui/chapter-04/19-batch-table-detail.png,19-batch-table-detail.png,.png,24247,794,390,2.035897,0f0e63db4ad0c0970dff47b8ccfcf5f89c62fb7681c8df1b068fc05e3e506374,RGB,,,,ui,"[""cams-ui""]",docshot-confirmed,reproducible-now,"Exact current generator filename: docshots/chapter04.py; docshots/shots.py registry; tests/test_docshots_chapter04.py. Filename confirms supported shot, not byte-for-byte historical generation. CLI destination mismatch: docshots/cli.py:20-21,81-84.",False,,,,,,[],,partially-semantic,19-batch-table-detail.png,used,1,True,False,False,False,ui-docshot,documentation_assets/ui-docshot/,high,high,high,high,"Visual inspection of full inventory contact sheets; source/caption context cross-checked. Reproducibility is static source capability, not a successful rendering test.",
00_book/figures/gui/chapter-05/01-router-interface-overview.png,01-router-interface-overview.png,.png,301614,3200,2000,1.6,2e2310fce2f42b2afcc024cee26d5e486cf5481b56db3c1ea292da235d821509,RGB,,,,ui,"[""cams-ui""]",unknown,reproducible-with-existing-framework,CAMS UI visibly matches production QML; docs describe subject. No exact registered filename/workflow. Documentation-like styling alone does not establish docshot provenance.,False,,,,,,[],,partially-semantic,01-router-interface-overview.png,used,1,True,False,False,False,ui-legacy,documentation_assets/ui-legacy/,medium,high,low,medium,"Visual inspection of full inventory contact sheets; source/caption context cross-checked. Reproducibility is static source capability, not a successful rendering test.",
00_book/figures/gui/chapter-05/02-edit-physical-interface.png,02-edit-physical-interface.png,.png,223014,2502,1888,1.325212,1a9790a063d51cd57b0593b22918bee5b0feefec3a9b13e6236e804e3c89a16c,RGB,,,,ui,"[""cams-ui""]",unknown,reproducible-with-existing-framework,CAMS UI visibly matches production QML; docs describe subject. No exact registered filename/workflow. Documentation-like styling alone does not establish docshot provenance.,False,,,,,,[],,partially-semantic,02-edit-physical-interface.png,possibly-used,0,False,False,False,False,ui-legacy,documentation_assets/ui-legacy/,medium,high,low,medium,"Visual inspection of full inventory contact sheets; source/caption context cross-checked. Reproducibility is static source capability, not a successful rendering test.",
00_book/figures/gui/chapter-05/03-physical-interface-configured.png,03-physical-interface-configured.png,.png,224293,2502,1888,1.325212,09216d4d3ed7f35e976d757577f36b2b6241fb7ee2f536104547004bcf9bd8b4,RGB,,,,ui,"[""cams-ui""]",unknown,reproducible-with-existing-framework,CAMS UI visibly matches production QML; docs describe subject. No exact registered filename/workflow. Documentation-like styling alone does not establish docshot provenance.,False,,,,,,[],,partially-semantic,03-physical-interface-configured.png,used,1,True,False,False,False,ui-legacy,documentation_assets/ui-legacy/,medium,high,low,medium,"Visual inspection of full inventory contact sheets; source/caption context cross-checked. Reproducibility is static source capability, not a successful rendering test.",
00_book/figures/gui/chapter-05/04-loopback-interface.png,04-loopback-interface.png,.png,167481,2502,1888,1.325212,89d33ec99c36a9e31a03f71bad12cb5fae05239db690f616086c8a6f3e774e92,RGB,,,,ui,"[""cams-ui""]",unknown,reproducible-with-existing-framework,CAMS UI visibly matches production QML; docs describe subject. No exact registered filename/workflow. Documentation-like styling alone does not establish docshot provenance.,False,,,,,,[],,partially-semantic,04-loopback-interface.png,used,1,True,False,False,False,ui-legacy,documentation_assets/ui-legacy/,medium,high,low,medium,"Visual inspection of full inventory contact sheets; source/caption context cross-checked. Reproducibility is static source capability, not a successful rendering test.",
00_book/figures/gui/chapter-05/05-tunnel-interface.png,05-tunnel-interface.png,.png,182902,2502,1888,1.325212,170165e3e3e7427fdf90f4b765353653d31b29e7df7f1486760399e262a067b5,RGB,,,,ui,"[""cams-ui""]",unknown,reproducible-with-existing-framework,CAMS UI visibly matches production QML; docs describe subject. No exact registered filename/workflow. Documentation-like styling alone does not establish docshot provenance.,False,,,,,,[],,partially-semantic,05-tunnel-interface.png,used,1,True,False,False,False,ui-legacy,documentation_assets/ui-legacy/,medium,high,low,medium,"Visual inspection of full inventory contact sheets; source/caption context cross-checked. Reproducibility is static source capability, not a successful rendering test.",
00_book/figures/gui/chapter-05/06-subinterface.png,06-subinterface.png,.png,226969,2502,1888,1.325212,f618e2adefce7efc10a19521bf733e44a0668e1122ff7e947b2ea5687fbb6fd0,RGB,,,,ui,"[""cams-ui""]",unknown,reproducible-with-existing-framework,CAMS UI visibly matches production QML; docs describe subject. No exact registered filename/workflow. Documentation-like styling alone does not establish docshot provenance.,False,,,,,,[],,partially-semantic,06-subinterface.png,used,1,True,False,False,False,ui-legacy,documentation_assets/ui-legacy/,medium,high,low,medium,"Visual inspection of full inventory contact sheets; source/caption context cross-checked. Reproducibility is static source capability, not a successful rendering test.",
00_book/figures/gui/chapter-05/07-view-push-preview.png,07-view-push-preview.png,.png,171207,1816,1376,1.319767,4416d22732ca55b909edd07c0f9f20d4ac9586aeb802a249735ae57232f8eb27,RGB,,,,ui,"[""cams-ui""]",unknown,reproducible-with-existing-framework,CAMS UI visibly matches production QML; docs describe subject. No exact registered filename/workflow. Documentation-like styling alone does not establish docshot provenance.,False,,,,,,[],,partially-semantic,07-view-push-preview.png,used,2,True,False,True,False,ui-legacy,documentation_assets/ui-legacy/,medium,high,low,medium,"Visual inspection of full inventory contact sheets; source/caption context cross-checked. Reproducibility is static source capability, not a successful rendering test.",
00_book/figures/gui/chapter-06/01-static-routes.png,01-static-routes.png,.png,110101,2502,1888,1.325212,b4818caf697400f602a18232f758de3da68ab528ca7404c07ef91a00391ddaf8,RGB,,,,ui,"[""cams-ui""]",unknown,reproducible-with-existing-framework,CAMS UI visibly matches production QML; docs describe subject. No exact registered filename/workflow. Documentation-like styling alone does not establish docshot provenance.,False,,,,,,[],,partially-semantic,01-static-routes.png,used,1,True,False,False,False,ui-legacy,documentation_assets/ui-legacy/,medium,high,low,medium,"Visual inspection of full inventory contact sheets; source/caption context cross-checked. Reproducibility is static source capability, not a successful rendering test.",
00_book/figures/gui/chapter-06/02-default-routes.png,02-default-routes.png,.png,110899,2502,1888,1.325212,2ec93b9225b828d2d5dd521489d21ac4b360c4dac4ab847ed26dd0fd8ffc2297,RGB,,,,ui,"[""cams-ui""]",unknown,reproducible-with-existing-framework,CAMS UI visibly matches production QML; docs describe subject. No exact registered filename/workflow. Documentation-like styling alone does not establish docshot provenance.,False,,,,,,[],,partially-semantic,02-default-routes.png,possibly-used,0,False,False,False,False,ui-legacy,documentation_assets/ui-legacy/,medium,high,low,medium,"Visual inspection of full inventory contact sheets; source/caption context cross-checked. Reproducibility is static source capability, not a successful rendering test.",
00_book/figures/gui/chapter-06/03-ospf-process.png,03-ospf-process.png,.png,146805,2502,1888,1.325212,dcb1e8b9fc31989a85d6889824d0c22996ed7690d2a6f299a8426c0f445c7d37,RGB,,,,ui,"[""cams-ui""]",unknown,reproducible-with-existing-framework,CAMS UI visibly matches production QML; docs describe subject. No exact registered filename/workflow. Documentation-like styling alone does not establish docshot provenance.,False,,,,,,[],,partially-semantic,03-ospf-process.png,used,1,True,False,False,False,ui-legacy,documentation_assets/ui-legacy/,medium,high,low,medium,"Visual inspection of full inventory contact sheets; source/caption context cross-checked. Reproducibility is static source capability, not a successful rendering test.",
00_book/figures/gui/chapter-06/04-ospf-networks.png,04-ospf-networks.png,.png,182905,2502,1888,1.325212,8f2cd52023ee1d9c90e84af2d07be0b2703ddbe26096d28edae3aea7c0796631,RGB,,,,ui,"[""cams-ui""]",unknown,reproducible-with-existing-framework,CAMS UI visibly matches production QML; docs describe subject. No exact registered filename/workflow. Documentation-like styling alone does not establish docshot provenance.,False,,,,,,[],,partially-semantic,04-ospf-networks.png,used,1,True,False,False,False,ui-legacy,documentation_assets/ui-legacy/,medium,high,low,medium,"Visual inspection of full inventory contact sheets; source/caption context cross-checked. Reproducibility is static source capability, not a successful rendering test.",
00_book/figures/gui/chapter-06/05-ospf-areas.png,05-ospf-areas.png,.png,186614,2502,1888,1.325212,d98b0a6400604bf5740b7925ea4c8992fa166a739f5420451bab4ac9d765daf0,RGB,,,,ui,"[""cams-ui""]",unknown,reproducible-with-existing-framework,CAMS UI visibly matches production QML; docs describe subject. No exact registered filename/workflow. Documentation-like styling alone does not establish docshot provenance.,False,,,,,,[],,partially-semantic,05-ospf-areas.png,used,1,True,False,False,False,ui-legacy,documentation_assets/ui-legacy/,medium,high,low,medium,"Visual inspection of full inventory contact sheets; source/caption context cross-checked. Reproducibility is static source capability, not a successful rendering test.",
00_book/figures/gui/chapter-06/06-ospf-distance.png,06-ospf-distance.png,.png,134954,2502,1888,1.325212,d2c895afc92441dd85e26ddb95ca24c18f3c5f3924203ead8e12f919acd3b502,RGB,,,,ui,"[""cams-ui""]",unknown,reproducible-with-existing-framework,CAMS UI visibly matches production QML; docs describe subject. No exact registered filename/workflow. Documentation-like styling alone does not establish docshot provenance.,False,,,,,,[],,partially-semantic,06-ospf-distance.png,possibly-used,0,False,False,False,False,ui-legacy,documentation_assets/ui-legacy/,medium,high,low,medium,"Visual inspection of full inventory contact sheets; source/caption context cross-checked. Reproducibility is static source capability, not a successful rendering test.",
00_book/figures/gui/chapter-06/07-ospf-redistribute.png,07-ospf-redistribute.png,.png,162611,2502,1888,1.325212,c6528011fc08509e1bde849a15bdd78c16398a0b66e8effdab05ebd983385b03,RGB,,,,ui,"[""cams-ui""]",unknown,reproducible-with-existing-framework,CAMS UI visibly matches production QML; docs describe subject. No exact registered filename/workflow. Documentation-like styling alone does not establish docshot provenance.,False,,,,,,[],,partially-semantic,07-ospf-redistribute.png,used,1,True,False,False,False,ui-legacy,documentation_assets/ui-legacy/,medium,high,low,medium,"Visual inspection of full inventory contact sheets; source/caption context cross-checked. Reproducibility is static source capability, not a successful rendering test.",
00_book/figures/gui/chapter-06/08-ospf-interfaces.png,08-ospf-interfaces.png,.png,212105,2502,1888,1.325212,0d6d274a335dfe031d49342c140c46f3d37bee40d7436fd5e16bf2e691d5363d,RGB,,,,ui,"[""cams-ui""]",unknown,reproducible-with-existing-framework,CAMS UI visibly matches production QML; docs describe subject. No exact registered filename/workflow. Documentation-like styling alone does not establish docshot provenance.,False,,,,,,[],,partially-semantic,08-ospf-interfaces.png,used,1,True,False,False,False,ui-legacy,documentation_assets/ui-legacy/,medium,high,low,medium,"Visual inspection of full inventory contact sheets; source/caption context cross-checked. Reproducibility is static source capability, not a successful rendering test.",
00_book/figures/gui/chapter-06/09-ospf-passive-interface.png,09-ospf-passive-interface.png,.png,158409,2502,1888,1.325212,11f4713e1924d4813cb8a70acfed6dcc57904a25cb6f64ac853341308dd7f988,RGB,,,,ui,"[""cams-ui""]",unknown,reproducible-with-existing-framework,CAMS UI visibly matches production QML; docs describe subject. No exact registered filename/workflow. Documentation-like styling alone does not establish docshot provenance.,False,,,,,,[],,partially-semantic,09-ospf-passive-interface.png,possibly-used,0,False,False,False,False,ui-legacy,documentation_assets/ui-legacy/,medium,high,low,medium,"Visual inspection of full inventory contact sheets; source/caption context cross-checked. Reproducibility is static source capability, not a successful rendering test.",
00_book/figures/gui/chapter-06/10-ospf-tuning.png,10-ospf-tuning.png,.png,146050,2502,1888,1.325212,e422f2cbc42a6e3125031c7015ab7d403f4acd45244b343d99e50114fbd0e35d,RGB,,,,ui,"[""cams-ui""]",unknown,reproducible-with-existing-framework,CAMS UI visibly matches production QML; docs describe subject. No exact registered filename/workflow. Documentation-like styling alone does not establish docshot provenance.,False,,,,,,[],,partially-semantic,10-ospf-tuning.png,possibly-used,0,False,False,False,False,ui-legacy,documentation_assets/ui-legacy/,medium,high,low,medium,"Visual inspection of full inventory contact sheets; source/caption context cross-checked. Reproducibility is static source capability, not a successful rendering test.",
00_book/figures/gui/chapter-06/11-eigrp-process.png,11-eigrp-process.png,.png,176501,2502,1888,1.325212,3994c8b87d243d362c169ad68c5654c6c54b30005ce9d5b6e7bd79b542181138,RGB,,,,ui,"[""cams-ui""]",unknown,reproducible-with-existing-framework,CAMS UI visibly matches production QML; docs describe subject. No exact registered filename/workflow. Documentation-like styling alone does not establish docshot provenance.,False,,,,,,[],,partially-semantic,11-eigrp-process.png,used,1,True,False,False,False,ui-legacy,documentation_assets/ui-legacy/,medium,high,low,medium,"Visual inspection of full inventory contact sheets; source/caption context cross-checked. Reproducibility is static source capability, not a successful rendering test.",
00_book/figures/gui/chapter-06/12-eigrp-networks.png,12-eigrp-networks.png,.png,196698,2502,1888,1.325212,7e4366a4fbe722b388e1eddcfaf90dbbb22321000e1d99029af4fbd56b7f8387,RGB,,,,ui,"[""cams-ui""]",unknown,reproducible-with-existing-framework,CAMS UI visibly matches production QML; docs describe subject. No exact registered filename/workflow. Documentation-like styling alone does not establish docshot provenance.,False,,,,,,[],,partially-semantic,12-eigrp-networks.png,possibly-used,0,False,False,False,False,ui-legacy,documentation_assets/ui-legacy/,medium,high,low,medium,"Visual inspection of full inventory contact sheets; source/caption context cross-checked. Reproducibility is static source capability, not a successful rendering test.",
00_book/figures/gui/chapter-06/13-eigrp-interfaces.png,13-eigrp-interfaces.png,.png,200295,2502,1888,1.325212,a9456f8f09771ea7438375d1677a9e9920b09dc4180835ec35967234dbf73732,RGB,,,,ui,"[""cams-ui""]",unknown,reproducible-with-existing-framework,CAMS UI visibly matches production QML; docs describe subject. No exact registered filename/workflow. Documentation-like styling alone does not establish docshot provenance.,False,,,,,,[],,partially-semantic,13-eigrp-interfaces.png,used,1,True,False,False,False,ui-legacy,documentation_assets/ui-legacy/,medium,high,low,medium,"Visual inspection of full inventory contact sheets; source/caption context cross-checked. Reproducibility is static source capability, not a successful rendering test.",
00_book/figures/gui/chapter-06/14-eigrp-passive-interface.png,14-eigrp-passive-interface.png,.png,161964,2502,1888,1.325212,4a40f76dbb3ac61f1b2f9b8486be7f77121a52135d7593887e75f3281d61f21c,RGB,,,,ui,"[""cams-ui""]",unknown,reproducible-with-existing-framework,CAMS UI visibly matches production QML; docs describe subject. No exact registered filename/workflow. Documentation-like styling alone does not establish docshot provenance.,False,,,,,,[],,partially-semantic,14-eigrp-passive-interface.png,possibly-used,0,False,False,False,False,ui-legacy,documentation_assets/ui-legacy/,medium,high,low,medium,"Visual inspection of full inventory contact sheets; source/caption context cross-checked. Reproducibility is static source capability, not a successful rendering test.",
00_book/figures/gui/chapter-06/15-eigrp-redistribute.png,15-eigrp-redistribute.png,.png,170037,2502,1888,1.325212,b4f391440ee2eb89adb1b91a5566d0e7cdce53b2603db9ba6b4d445edc5c31e5,RGB,,,,ui,"[""cams-ui""]",unknown,reproducible-with-existing-framework,CAMS UI visibly matches production QML; docs describe subject. No exact registered filename/workflow. Documentation-like styling alone does not establish docshot provenance.,False,,,,,,[],,partially-semantic,15-eigrp-redistribute.png,used,1,True,False,False,False,ui-legacy,documentation_assets/ui-legacy/,medium,high,low,medium,"Visual inspection of full inventory contact sheets; source/caption context cross-checked. Reproducibility is static source capability, not a successful rendering test.",
00_book/figures/gui/chapter-06/16-eigrp-distribute-list.png,16-eigrp-distribute-list.png,.png,153389,2502,1888,1.325212,e0b629e319c417d0981d4dc7b240d90e4c7f086d714c4f7712fd15c01fe53d00,RGB,,,,ui,"[""cams-ui""]",unknown,reproducible-with-existing-framework,CAMS UI visibly matches production QML; docs describe subject. No exact registered filename/workflow. Documentation-like styling alone does not establish docshot provenance.,False,,,,,,[],,partially-semantic,16-eigrp-distribute-list.png,possibly-used,0,False,False,False,False,ui-legacy,documentation_assets/ui-legacy/,medium,high,low,medium,"Visual inspection of full inventory contact sheets; source/caption context cross-checked. Reproducibility is static source capability, not a successful rendering test.",
00_book/figures/gui/chapter-06/17-eigrp-offset-list.png,17-eigrp-offset-list.png,.png,160073,2502,1888,1.325212,b796882da0f2b406fa004f100c9e96c2512fe0b6976b0c229b744ca7cbc0c15e,RGB,,,,ui,"[""cams-ui""]",unknown,reproducible-with-existing-framework,CAMS UI visibly matches production QML; docs describe subject. No exact registered filename/workflow. Documentation-like styling alone does not establish docshot provenance.,False,,,,,,[],,partially-semantic,17-eigrp-offset-list.png,possibly-used,0,False,False,False,False,ui-legacy,documentation_assets/ui-legacy/,medium,high,low,medium,"Visual inspection of full inventory contact sheets; source/caption context cross-checked. Reproducibility is static source capability, not a successful rendering test.",
00_book/figures/gui/chapter-06/18-eigrp-key-chains.png,18-eigrp-key-chains.png,.png,167468,2502,1888,1.325212,cdfbe301669b9c35804600d085d8c2ea3eaf9e7ad30447fccfd65ba267d441f2,RGB,,,,ui,"[""cams-ui""]",unknown,reproducible-with-existing-framework,CAMS UI visibly matches production QML; docs describe subject. No exact registered filename/workflow. Documentation-like styling alone does not establish docshot provenance.,False,,,,,,[],,partially-semantic,18-eigrp-key-chains.png,used,1,True,False,False,False,ui-legacy,documentation_assets/ui-legacy/,medium,high,low,medium,"Visual inspection of full inventory contact sheets; source/caption context cross-checked. Reproducibility is static source capability, not a successful rendering test.",
00_book/figures/gui/chapter-06/19-routing-group-hosts.png,19-routing-group-hosts.png,.png,71308,1936,1616,1.19802,cd88574c5e2f83895cfd1edfefbefc56fdf36fde12242e8df561c258c0c3a057,RGB,,,,ui,"[""cams-ui""]",unknown,reproducible-with-existing-framework,CAMS UI visibly matches production QML; docs describe subject. No exact registered filename/workflow. Documentation-like styling alone does not establish docshot provenance.,False,,,,,,[],,partially-semantic,19-routing-group-hosts.png,used,1,True,False,False,False,ui-legacy,documentation_assets/ui-legacy/,medium,high,low,medium,"Visual inspection of full inventory contact sheets; source/caption context cross-checked. Reproducibility is static source capability, not a successful rendering test.",
00_book/figures/gui/chapter-06/20-routing-group-identity.png,20-routing-group-identity.png,.png,84417,1936,1616,1.19802,56b95e5d7ca78612b0e2c3e7e34db36d3f11d53c95e7c4e364d58b9e59c8d977,RGB,,,,ui,"[""cams-ui""]",unknown,reproducible-with-existing-framework,CAMS UI visibly matches production QML; docs describe subject. No exact registered filename/workflow. Documentation-like styling alone does not establish docshot provenance.,False,,,,,,[],,partially-semantic,20-routing-group-identity.png,used,1,True,False,False,False,ui-legacy,documentation_assets/ui-legacy/,medium,high,low,medium,"Visual inspection of full inventory contact sheets; source/caption context cross-checked. Reproducibility is static source capability, not a successful rendering test.",
00_book/figures/gui/chapter-06/21-routing-group-common.png,21-routing-group-common.png,.png,85501,1936,1616,1.19802,c5a620d0f5f17d0977925e0724ee39197290c6c07dfdc40889f7b6eddb3acdb3,RGB,,,,ui,"[""cams-ui""]",unknown,reproducible-with-existing-framework,CAMS UI visibly matches production QML; docs describe subject. No exact registered filename/workflow. Documentation-like styling alone does not establish docshot provenance.,False,,,,,,[],,partially-semantic,21-routing-group-common.png,possibly-used,0,False,False,False,False,ui-legacy,documentation_assets/ui-legacy/,medium,high,low,medium,"Visual inspection of full inventory contact sheets; source/caption context cross-checked. Reproducibility is static source capability, not a successful rendering test.",
00_book/figures/gui/chapter-06/22-routing-group-networks.png,22-routing-group-networks.png,.png,106834,1936,1616,1.19802,9e7a2523e922bb35fc2790a27c4f2b137e5726a6d9a8092593658bd2c9835163,RGB,,,,ui,"[""cams-ui""]",unknown,reproducible-with-existing-framework,CAMS UI visibly matches production QML; docs describe subject. No exact registered filename/workflow. Documentation-like styling alone does not establish docshot provenance.,False,,,,,,[],,partially-semantic,22-routing-group-networks.png,used,1,True,False,False,False,ui-legacy,documentation_assets/ui-legacy/,medium,high,low,medium,"Visual inspection of full inventory contact sheets; source/caption context cross-checked. Reproducibility is static source capability, not a successful rendering test.",
00_book/figures/gui/chapter-06/23-static-view-push.png,23-static-view-push.png,.png,72037,1816,1376,1.319767,82a3024cf56a4adde5eafd1e49dbf5707a0d13d388b99595e626fb11d529a3f7,RGB,,,,ui,"[""cams-ui""]",unknown,reproducible-with-existing-framework,CAMS UI visibly matches production QML; docs describe subject. No exact registered filename/workflow. Documentation-like styling alone does not establish docshot provenance.,False,,,,,,[],,partially-semantic,23-static-view-push.png,possibly-used,0,False,False,False,False,ui-legacy,documentation_assets/ui-legacy/,medium,high,low,medium,"Visual inspection of full inventory contact sheets; source/caption context cross-checked. Reproducibility is static source capability, not a successful rendering test.",
00_book/figures/gui/chapter-06/24-ospf-view-push.png,24-ospf-view-push.png,.png,188680,1816,1376,1.319767,3eea7873d6d76b25b029ba03b89852528243e1b9821f76e635bde326498fb558,RGB,,,,ui,"[""cams-ui""]",unknown,reproducible-with-existing-framework,CAMS UI visibly matches production QML; docs describe subject. No exact registered filename/workflow. Documentation-like styling alone does not establish docshot provenance.,False,,,,,,[],,partially-semantic,24-ospf-view-push.png,used,1,True,False,False,False,ui-legacy,documentation_assets/ui-legacy/,medium,high,low,medium,"Visual inspection of full inventory contact sheets; source/caption context cross-checked. Reproducibility is static source capability, not a successful rendering test.",
00_book/figures/gui/chapter-06/25-eigrp-view-push.png,25-eigrp-view-push.png,.png,184553,1816,1376,1.319767,966cfb49cfe4df8538ec4c779e202d1dbcc62c8f7197c7a72332bb6a520a7b74,RGB,,,,ui,"[""cams-ui""]",unknown,reproducible-with-existing-framework,CAMS UI visibly matches production QML; docs describe subject. No exact registered filename/workflow. Documentation-like styling alone does not establish docshot provenance.,False,,,,,,[],,partially-semantic,25-eigrp-view-push.png,possibly-used,0,False,False,False,False,ui-legacy,documentation_assets/ui-legacy/,medium,high,low,medium,"Visual inspection of full inventory contact sheets; source/caption context cross-checked. Reproducibility is static source capability, not a successful rendering test.",
00_book/figures/gui/chapter-06/26-routing-group-view-push.png,26-routing-group-view-push.png,.png,159118,1856,1456,1.274725,281941875e99da4bdb57544a4c425e7046f8587d25285b125a71a06ca155609f,RGB,,,,ui,"[""cams-ui""]",unknown,reproducible-with-existing-framework,CAMS UI visibly matches production QML; docs describe subject. No exact registered filename/workflow. Documentation-like styling alone does not establish docshot provenance.,False,,,,,,[],,partially-semantic,26-routing-group-view-push.png,used,1,True,False,False,False,ui-legacy,documentation_assets/ui-legacy/,medium,high,low,medium,"Visual inspection of full inventory contact sheets; source/caption context cross-checked. Reproducibility is static source capability, not a successful rendering test.",
00_book/figures/gui/chapter-07/01-dhcp-pools.png,01-dhcp-pools.png,.png,161650,2502,1888,1.325212,b53eff3cd8433087ec8fb6d2dc4889144e2067ce5223e9f7586573dc2cce10b2,RGB,,,,ui,"[""cams-ui""]",unknown,reproducible-with-existing-framework,CAMS UI visibly matches production QML; docs describe subject. No exact registered filename/workflow. Documentation-like styling alone does not establish docshot provenance.,False,,,,,,[],,partially-semantic,01-dhcp-pools.png,used,1,True,False,False,False,ui-legacy,documentation_assets/ui-legacy/,medium,high,low,medium,"Visual inspection of full inventory contact sheets; source/caption context cross-checked. Reproducibility is static source capability, not a successful rendering test.",
00_book/figures/gui/chapter-07/02-dhcp-excluded-addresses.png,02-dhcp-excluded-addresses.png,.png,124814,2502,1888,1.325212,0ee20eb9a6a0c53d5bbea6059ca2bd69990fa7183f6bb9dbe9f066879af53d27,RGB,,,,ui,"[""cams-ui""]",unknown,reproducible-with-existing-framework,CAMS UI visibly matches production QML; docs describe subject. No exact registered filename/workflow. Documentation-like styling alone does not establish docshot provenance.,False,,,,,,[],,partially-semantic,02-dhcp-excluded-addresses.png,used,1,True,False,False,False,ui-legacy,documentation_assets/ui-legacy/,medium,high,low,medium,"Visual inspection of full inventory contact sheets; source/caption context cross-checked. Reproducibility is static source capability, not a successful rendering test.",
00_book/figures/gui/chapter-07/03-dhcp-helper-addresses.png,03-dhcp-helper-addresses.png,.png,121254,2502,1888,1.325212,54ca3589fe1f5d199b88bacb7fbc2d8c3c47d9fd831e92b49bdda60f5bdef8aa,RGB,,,,ui,"[""cams-ui""]",unknown,reproducible-with-existing-framework,CAMS UI visibly matches production QML; docs describe subject. No exact registered filename/workflow. Documentation-like styling alone does not establish docshot provenance.,False,,,,,,[],,partially-semantic,03-dhcp-helper-addresses.png,used,1,True,False,False,False,ui-legacy,documentation_assets/ui-legacy/,medium,high,low,medium,"Visual inspection of full inventory contact sheets; source/caption context cross-checked. Reproducibility is static source capability, not a successful rendering test.",
00_book/figures/gui/chapter-07/04-dhcp-view-push.png,04-dhcp-view-push.png,.png,137643,1816,1376,1.319767,a928bb17aaf306441065736fa2fb6b9c557b17292f7c17ce4cc1968f39ed8be7,RGB,,,,ui,"[""cams-ui""]",unknown,reproducible-with-existing-framework,CAMS UI visibly matches production QML; docs describe subject. No exact registered filename/workflow. Documentation-like styling alone does not establish docshot provenance.,False,,,,,,[],,partially-semantic,04-dhcp-view-push.png,used,1,True,False,False,False,ui-legacy,documentation_assets/ui-legacy/,medium,high,low,medium,"Visual inspection of full inventory contact sheets; source/caption context cross-checked. Reproducibility is static source capability, not a successful rendering test.",
00_book/figures/gui/chapter-08/01-acl-standard.png,01-acl-standard.png,.png,202181,2502,1888,1.325212,959e8a8d3777948b29b761bfe485fedb4d0dfa6386c9b105a640b1109bcd8cba,RGB,,,,ui,"[""cams-ui""]",unknown,reproducible-with-existing-framework,CAMS UI visibly matches production QML; docs describe subject. No exact registered filename/workflow. Documentation-like styling alone does not establish docshot provenance.,False,,,,,,[],,partially-semantic,01-acl-standard.png,used,1,True,False,False,False,ui-legacy,documentation_assets/ui-legacy/,medium,high,low,medium,"Visual inspection of full inventory contact sheets; source/caption context cross-checked. Reproducibility is static source capability, not a successful rendering test.",
00_book/figures/gui/chapter-08/02-acl-extended.png,02-acl-extended.png,.png,224001,2502,1888,1.325212,aae1c02ef39cfe1b8c1f607f5d6fd527fd654186e5230ee668cd514afc250a2d,RGB,,,,ui,"[""cams-ui""]",unknown,reproducible-with-existing-framework,CAMS UI visibly matches production QML; docs describe subject. No exact registered filename/workflow. Documentation-like styling alone does not establish docshot provenance.,False,,,,,,[],,partially-semantic,02-acl-extended.png,used,1,True,False,False,False,ui-legacy,documentation_assets/ui-legacy/,medium,high,low,medium,"Visual inspection of full inventory contact sheets; source/caption context cross-checked. Reproducibility is static source capability, not a successful rendering test.",
00_book/figures/gui/chapter-08/03-acl-dynamic.png,03-acl-dynamic.png,.png,237516,2502,1888,1.325212,a2a5ba78ccff7a615ae9b9496d5b3c9869f4e96e83ae93d56e6d316a07cec5ac,RGB,,,,ui,"[""cams-ui""]",unknown,reproducible-with-existing-framework,CAMS UI visibly matches production QML; docs describe subject. No exact registered filename/workflow. Documentation-like styling alone does not establish docshot provenance.,False,,,,,,[],,partially-semantic,03-acl-dynamic.png,used,1,True,False,False,False,ui-legacy,documentation_assets/ui-legacy/,medium,high,low,medium,"Visual inspection of full inventory contact sheets; source/caption context cross-checked. Reproducibility is static source capability, not a successful rendering test.",
00_book/figures/gui/chapter-08/04-acl-reflexive.png,04-acl-reflexive.png,.png,234576,2502,1888,1.325212,9e7d725669115554b85eddd535918d669389f90de4c890ca3abaf51c3b8fc958,RGB,,,,ui,"[""cams-ui""]",unknown,reproducible-with-existing-framework,CAMS UI visibly matches production QML; docs describe subject. No exact registered filename/workflow. Documentation-like styling alone does not establish docshot provenance.,False,,,,,,[],,partially-semantic,04-acl-reflexive.png,used,1,True,False,False,False,ui-legacy,documentation_assets/ui-legacy/,medium,high,low,medium,"Visual inspection of full inventory contact sheets; source/caption context cross-checked. Reproducibility is static source capability, not a successful rendering test.",
00_book/figures/gui/chapter-08/05-acl-mac.png,05-acl-mac.png,.png,216643,2502,1888,1.325212,87842fa704cf2b9d17486f95a6c77f7f9837eba31ddc64fd6ac356338c0c6a80,RGB,,,,ui,"[""cams-ui""]",unknown,reproducible-with-existing-framework,CAMS UI visibly matches production QML; docs describe subject. No exact registered filename/workflow. Documentation-like styling alone does not establish docshot provenance.,False,,,,,,[],,partially-semantic,05-acl-mac.png,used,1,True,False,False,False,ui-legacy,documentation_assets/ui-legacy/,medium,high,low,medium,"Visual inspection of full inventory contact sheets; source/caption context cross-checked. Reproducibility is static source capability, not a successful rendering test.",
00_book/figures/gui/chapter-08/06-acl-bindings.png,06-acl-bindings.png,.png,140860,2502,1888,1.325212,e217b31908eaa91a45695da04dc2d0f355a7d7f02b83ec44b20c6415482b4589,RGB,,,,ui,"[""cams-ui""]",unknown,reproducible-with-existing-framework,CAMS UI visibly matches production QML; docs describe subject. No exact registered filename/workflow. Documentation-like styling alone does not establish docshot provenance.,False,,,,,,[],,partially-semantic,06-acl-bindings.png,used,1,True,False,False,False,ui-legacy,documentation_assets/ui-legacy/,medium,high,low,medium,"Visual inspection of full inventory contact sheets; source/caption context cross-checked. Reproducibility is static source capability, not a successful rendering test.",
00_book/figures/gui/chapter-08/07-acl-view-push.png,07-acl-view-push.png,.png,179000,1816,1376,1.319767,8996a94b15baa2cdffcf35e735ecd5c62bc9ba22cb1de5813e1b9fe00980ba9d,RGB,,,,ui,"[""cams-ui""]",unknown,reproducible-with-existing-framework,CAMS UI visibly matches production QML; docs describe subject. No exact registered filename/workflow. Documentation-like styling alone does not establish docshot provenance.,False,,,,,,[],,partially-semantic,07-acl-view-push.png,used,1,True,False,False,False,ui-legacy,documentation_assets/ui-legacy/,medium,high,low,medium,"Visual inspection of full inventory contact sheets; source/caption context cross-checked. Reproducibility is static source capability, not a successful rendering test.",
00_book/figures/gui/chapter-09/01-hsrp-gateway-members.png,01-hsrp-gateway-members.png,.png,233116,2502,1888,1.325212,fdf5e2db431b6dd0fc2d1e618f3804620481677ceb2390268ec0053a82c5efc3,RGB,,,,ui,"[""cams-ui""]",unknown,reproducible-with-existing-framework,CAMS UI visibly matches production QML; docs describe subject. No exact registered filename/workflow. Documentation-like styling alone does not establish docshot provenance.,False,,,,,,[],,partially-semantic,01-hsrp-gateway-members.png,possibly-used,0,False,False,False,False,ui-legacy,documentation_assets/ui-legacy/,medium,high,low,medium,"Visual inspection of full inventory contact sheets; source/caption context cross-checked. Reproducibility is static source capability, not a successful rendering test.",
00_book/figures/gui/chapter-09/02-hsrp-authentication-timers.png,02-hsrp-authentication-timers.png,.png,237516,2502,1888,1.325212,5ff0d3046bf14600dbc56063ac838ddf48e33fcc5627ca458f6b3245e7b06b26,RGB,,,,ui,"[""cams-ui""]",unknown,reproducible-with-existing-framework,CAMS UI visibly matches production QML; docs describe subject. No exact registered filename/workflow. Documentation-like styling alone does not establish docshot provenance.,False,,,,,,[],,partially-semantic,02-hsrp-authentication-timers.png,orphan,0,False,False,False,False,ui-legacy,documentation_assets/ui-legacy/,medium,high,low,medium,"Visual inspection of full inventory contact sheets; source/caption context cross-checked. Reproducibility is static source capability, not a successful rendering test.",
00_book/figures/gui/chapter-09/03-hsrp-member-policy.png,03-hsrp-member-policy.png,.png,174873,2502,1888,1.325212,e65e8ff2e6f96c361a5c26dd4c5b2510410e0a6b609626a5e67e6af55838f1bc,RGB,,,,ui,"[""cams-ui""]",unknown,reproducible-with-existing-framework,CAMS UI visibly matches production QML; docs describe subject. No exact registered filename/workflow. Documentation-like styling alone does not establish docshot provenance.,False,,,,,,[],,partially-semantic,03-hsrp-member-policy.png,possibly-used,0,False,False,False,False,ui-legacy,documentation_assets/ui-legacy/,medium,high,low,medium,"Visual inspection of full inventory contact sheets; source/caption context cross-checked. Reproducibility is static source capability, not a successful rendering test.",
00_book/figures/gui/chapter-09/04-vrrp-configuration.png,04-vrrp-configuration.png,.png,257582,2502,1888,1.325212,b579f0b7b54c9d9592b041c654b0432152403cdf1dc152dde0a96c9d476defdf,RGB,,,,ui,"[""cams-ui""]",unknown,reproducible-with-existing-framework,CAMS UI visibly matches production QML; docs describe subject. No exact registered filename/workflow. Documentation-like styling alone does not establish docshot provenance.,False,,,,,,[],,partially-semantic,04-vrrp-configuration.png,possibly-used,0,False,False,False,False,ui-legacy,documentation_assets/ui-legacy/,medium,high,low,medium,"Visual inspection of full inventory contact sheets; source/caption context cross-checked. Reproducibility is static source capability, not a successful rendering test.",
00_book/figures/gui/chapter-09/05-glbp-configuration.png,05-glbp-configuration.png,.png,221677,2502,1888,1.325212,6e3ce6b99c8c531107cfd3afebf0dea460902c6751f569e4f689094488756e9e,RGB,,,,ui,"[""cams-ui""]",unknown,reproducible-with-existing-framework,CAMS UI visibly matches production QML; docs describe subject. No exact registered filename/workflow. Documentation-like styling alone does not establish docshot provenance.,False,,,,,,[],,partially-semantic,05-glbp-configuration.png,possibly-used,0,False,False,False,False,ui-legacy,documentation_assets/ui-legacy/,medium,high,low,medium,"Visual inspection of full inventory contact sheets; source/caption context cross-checked. Reproducibility is static source capability, not a successful rendering test.",
00_book/figures/gui/chapter-09/06-hsrp-view-push.png,06-hsrp-view-push.png,.png,163088,1856,1456,1.274725,86416aa0c67182445df2280b3e4a7ba7e62bc4fe83bd3c024d9492816d46ebc5,RGB,,,,ui,"[""cams-ui""]",unknown,reproducible-with-existing-framework,CAMS UI visibly matches production QML; docs describe subject. No exact registered filename/workflow. Documentation-like styling alone does not establish docshot provenance.,False,,,,,,[],,partially-semantic,06-hsrp-view-push.png,used,1,True,False,False,False,ui-legacy,documentation_assets/ui-legacy/,medium,high,low,medium,"Visual inspection of full inventory contact sheets; source/caption context cross-checked. Reproducibility is static source capability, not a successful rendering test.",
00_book/figures/gui/chapter-09/07-vrrp-view-push.png,07-vrrp-view-push.png,.png,129589,1856,1456,1.274725,b5159a46cfe67487896a961285aee40510c752b2187a068623e0de59d4be0b7f,RGB,,,,ui,"[""cams-ui""]",unknown,reproducible-with-existing-framework,CAMS UI visibly matches production QML; docs describe subject. No exact registered filename/workflow. Documentation-like styling alone does not establish docshot provenance.,False,,,,,,[],,partially-semantic,07-vrrp-view-push.png,possibly-used,0,False,False,False,False,ui-legacy,documentation_assets/ui-legacy/,medium,high,low,medium,"Visual inspection of full inventory contact sheets; source/caption context cross-checked. Reproducibility is static source capability, not a successful rendering test.",
00_book/figures/gui/chapter-09/08-glbp-view-push.png,08-glbp-view-push.png,.png,199190,1856,1456,1.274725,99fb8220e323e1677df02375b4aad5c117e61c0b15d6d55208d3ca40b38a0daa,RGB,,,,ui,"[""cams-ui""]",unknown,reproducible-with-existing-framework,CAMS UI visibly matches production QML; docs describe subject. No exact registered filename/workflow. Documentation-like styling alone does not establish docshot provenance.,False,,,,,,[],,partially-semantic,08-glbp-view-push.png,possibly-used,0,False,False,False,False,ui-legacy,documentation_assets/ui-legacy/,medium,high,low,medium,"Visual inspection of full inventory contact sheets; source/caption context cross-checked. Reproducibility is static source capability, not a successful rendering test.",
00_book/figures/gui/chapter-09/09-hsrp-gateway-form-zoom.png,09-hsrp-gateway-form-zoom.png,.png,81814,1650,940,1.755319,5e6ea174da7f934c63ff106bde7335dafb3c23ef6f13c5d5a809189b07686195,RGB,,,,ui,"[""cams-ui""]",unknown,reproducible-with-existing-framework,CAMS UI visibly matches production QML; docs describe subject. No exact registered filename/workflow. Documentation-like styling alone does not establish docshot provenance.,False,,,,,,[],,partially-semantic,09-hsrp-gateway-form-zoom.png,used,1,True,False,False,False,ui-legacy,documentation_assets/ui-legacy/,medium,high,low,medium,"Visual inspection of full inventory contact sheets; source/caption context cross-checked. Reproducibility is static source capability, not a successful rendering test.",
00_book/figures/gui/chapter-09/11-hsrp-primary-member-zoom.png,11-hsrp-primary-member-zoom.png,.png,144175,1650,1380,1.195652,31c76d976763d796420249c2625f263d23c94be1e096a5ae0ad87add5be3df34,RGB,,,,ui,"[""cams-ui""]",unknown,reproducible-with-existing-framework,CAMS UI visibly matches production QML; docs describe subject. No exact registered filename/workflow. Documentation-like styling alone does not establish docshot provenance.,False,,,,,,[],,partially-semantic,11-hsrp-primary-member-zoom.png,used,1,True,False,False,False,ui-legacy,documentation_assets/ui-legacy/,medium,high,low,medium,"Visual inspection of full inventory contact sheets; source/caption context cross-checked. Reproducibility is static source capability, not a successful rendering test.",
00_book/figures/gui/chapter-09/12-hsrp-secondary-member-zoom.png,12-hsrp-secondary-member-zoom.png,.png,109512,1650,1120,1.473214,4de5cd89957250e13027f9992835b11a7f2ea0b8d72b0ad3fbb1f9666ee61101,RGB,,,,ui,"[""cams-ui""]",unknown,reproducible-with-existing-framework,CAMS UI visibly matches production QML; docs describe subject. No exact registered filename/workflow. Documentation-like styling alone does not establish docshot provenance.,False,,,,,,[],,partially-semantic,12-hsrp-secondary-member-zoom.png,used,1,True,False,False,False,ui-legacy,documentation_assets/ui-legacy/,medium,high,low,medium,"Visual inspection of full inventory contact sheets; source/caption context cross-checked. Reproducibility is static source capability, not a successful rendering test.",
00_book/figures/gui/chapter-09/13-vrrp-options-member-zoom.png,13-vrrp-options-member-zoom.png,.png,171021,1650,1400,1.178571,98eb42828e6135eafa519369749721549dfc2f862b55e26a37667f61278d957c,RGB,,,,ui,"[""cams-ui""]",unknown,reproducible-with-existing-framework,CAMS UI visibly matches production QML; docs describe subject. No exact registered filename/workflow. Documentation-like styling alone does not establish docshot provenance.,False,,,,,,[],,partially-semantic,13-vrrp-options-member-zoom.png,used,1,True,False,False,False,ui-legacy,documentation_assets/ui-legacy/,medium,high,low,medium,"Visual inspection of full inventory contact sheets; source/caption context cross-checked. Reproducibility is static source capability, not a successful rendering test.",
00_book/figures/gui/chapter-09/14-glbp-weighting-zoom.png,14-glbp-weighting-zoom.png,.png,121142,1650,1200,1.375,af39006ff2316d3c4dd481fdd20c7f721055d0d350f047afd2596906d71335ba,RGB,,,,ui,"[""cams-ui""]",unknown,reproducible-with-existing-framework,CAMS UI visibly matches production QML; docs describe subject. No exact registered filename/workflow. Documentation-like styling alone does not establish docshot provenance.,False,,,,,,[],,partially-semantic,14-glbp-weighting-zoom.png,used,1,True,False,False,False,ui-legacy,documentation_assets/ui-legacy/,medium,high,low,medium,"Visual inspection of full inventory contact sheets; source/caption context cross-checked. Reproducibility is static source capability, not a successful rendering test.",
00_book/figures/gui/chapter-09/15-hsrp-auth-protocol-detail.png,15-hsrp-auth-protocol-detail.png,.png,217527,2502,1888,1.325212,f61b6367ed4a04aa0ec68c2aa0c965086ec83d40f6dea995a6a5e96b7c0b2624,RGB,,,,ui,"[""cams-ui""]",unknown,reproducible-with-existing-framework,CAMS UI visibly matches production QML; docs describe subject. No exact registered filename/workflow. Documentation-like styling alone does not establish docshot provenance.,False,,,,,,[],,partially-semantic,15-hsrp-auth-protocol-detail.png,used,1,True,False,False,False,ui-legacy,documentation_assets/ui-legacy/,medium,high,low,medium,"Visual inspection of full inventory contact sheets; source/caption context cross-checked. Reproducibility is static source capability, not a successful rendering test.",
00_book/figures/gui/chapter-10/01-syslog-destinations.png,01-syslog-destinations.png,.png,196793,2502,1888,1.325212,732d1c80dd41b96d234ab154af34d3215c9e3e3fd99a80b50843a566c517526a,RGB,,,,ui,"[""cams-ui""]",unknown,reproducible-with-existing-framework,CAMS UI visibly matches production QML; docs describe subject. No exact registered filename/workflow. Documentation-like styling alone does not establish docshot provenance.,False,,,,,,[],,partially-semantic,01-syslog-destinations.png,used,1,True,False,False,False,ui-legacy,documentation_assets/ui-legacy/,medium,high,low,medium,"Visual inspection of full inventory contact sheets; source/caption context cross-checked. Reproducibility is static source capability, not a successful rendering test.",
00_book/figures/gui/chapter-10/02-syslog-server-editor.png,02-syslog-server-editor.png,.png,195093,2502,1888,1.325212,0a96b7578eddc654194957eecd17785490ff61db443c9e0d567ae92a6a319cbd,RGB,,,,ui,"[""cams-ui""]",unknown,reproducible-with-existing-framework,CAMS UI visibly matches production QML; docs describe subject. No exact registered filename/workflow. Documentation-like styling alone does not establish docshot provenance.,False,,,,,,[],,partially-semantic,02-syslog-server-editor.png,used,1,True,False,False,False,ui-legacy,documentation_assets/ui-legacy/,medium,high,low,medium,"Visual inspection of full inventory contact sheets; source/caption context cross-checked. Reproducibility is static source capability, not a successful rendering test.",
00_book/figures/gui/chapter-10/03-syslog-group-hosts.png,03-syslog-group-hosts.png,.png,86724,1816,1536,1.182292,119b6f6b56a56be80cf0e4d5dbf87584e29453cdb92c4d6af1c289290c2a7775,RGB,,,,ui,"[""cams-ui""]",unknown,reproducible-with-existing-framework,CAMS UI visibly matches production QML; docs describe subject. No exact registered filename/workflow. Documentation-like styling alone does not establish docshot provenance.,False,,,,,,[],,partially-semantic,03-syslog-group-hosts.png,used,1,True,False,False,False,ui-legacy,documentation_assets/ui-legacy/,medium,high,low,medium,"Visual inspection of full inventory contact sheets; source/caption context cross-checked. Reproducibility is static source capability, not a successful rendering test.",
00_book/figures/gui/chapter-10/04-syslog-group-interfaces.png,04-syslog-group-interfaces.png,.png,78522,1816,1536,1.182292,0cee4ad8e56e47cf6d7d181f83073252a31f014227ffa5cc7ecae235d3c5b971,RGB,,,,ui,"[""cams-ui""]",unknown,reproducible-with-existing-framework,CAMS UI visibly matches production QML; docs describe subject. No exact registered filename/workflow. Documentation-like styling alone does not establish docshot provenance.,False,,,,,,[],,partially-semantic,04-syslog-group-interfaces.png,used,1,True,False,False,False,ui-legacy,documentation_assets/ui-legacy/,medium,high,low,medium,"Visual inspection of full inventory contact sheets; source/caption context cross-checked. Reproducibility is static source capability, not a successful rendering test.",
00_book/figures/gui/chapter-10/05-syslog-group-policy.png,05-syslog-group-policy.png,.png,104801,1816,1536,1.182292,084c5636472f801bfa1ffa354b7da005a34b46eba26dad1e217e6794cd4f0202,RGB,,,,ui,"[""cams-ui""]",unknown,reproducible-with-existing-framework,CAMS UI visibly matches production QML; docs describe subject. No exact registered filename/workflow. Documentation-like styling alone does not establish docshot provenance.,False,,,,,,[],,partially-semantic,05-syslog-group-policy.png,used,1,True,False,False,False,ui-legacy,documentation_assets/ui-legacy/,medium,high,low,medium,"Visual inspection of full inventory contact sheets; source/caption context cross-checked. Reproducibility is static source capability, not a successful rendering test.",
00_book/figures/gui/chapter-10/06-syslog-view-push.png,06-syslog-view-push.png,.png,136172,1816,1376,1.319767,22b193933a166ab35e89587c66b7c114d1531cca987024857ba2781beed11665,RGB,,,,ui,"[""cams-ui""]",unknown,reproducible-with-existing-framework,CAMS UI visibly matches production QML; docs describe subject. No exact registered filename/workflow. Documentation-like styling alone does not establish docshot provenance.,False,,,,,,[],,partially-semantic,06-syslog-view-push.png,used,1,True,False,False,False,ui-legacy,documentation_assets/ui-legacy/,medium,high,low,medium,"Visual inspection of full inventory contact sheets; source/caption context cross-checked. Reproducibility is static source capability, not a successful rendering test.",
00_book/figures/gui/chapter-11/01-quick-pat-setup.png,01-quick-pat-setup.png,.png,70807,1336,908,1.471366,d1e7dd528035fd50fb6fd2c9e4d943f34171a7c2739460a4871f0f75ad80d4f6,RGB,,,,ui,"[""cams-ui""]",unknown,reproducible-with-existing-framework,CAMS UI visibly matches production QML; docs describe subject. No exact registered filename/workflow. Documentation-like styling alone does not establish docshot provenance.,False,,,,,,[],,partially-semantic,01-quick-pat-setup.png,used,1,True,False,False,False,ui-legacy,documentation_assets/ui-legacy/,medium,high,low,medium,"Visual inspection of full inventory contact sheets; source/caption context cross-checked. Reproducibility is static source capability, not a successful rendering test.",
00_book/figures/gui/chapter-11/02-interfaces-form-zoom.png,02-interfaces-form-zoom.png,.png,47471,1080,1480,0.72973,f068814327b2112861b4e120b9c00764778ea84d756f4f3e8f2d900a2ab81c28,RGB,,,,ui,"[""cams-ui""]",unknown,reproducible-with-existing-framework,CAMS UI visibly matches production QML; docs describe subject. No exact registered filename/workflow. Documentation-like styling alone does not establish docshot provenance.,False,,,,,,[],,partially-semantic,02-interfaces-form-zoom.png,used,1,True,False,False,False,ui-legacy,documentation_assets/ui-legacy/,medium,high,low,medium,"Visual inspection of full inventory contact sheets; source/caption context cross-checked. Reproducibility is static source capability, not a successful rendering test.",
00_book/figures/gui/chapter-11/03-interfaces-overview.png,03-interfaces-overview.png,.png,146043,2502,1888,1.325212,ff19688ef94f420a22c5692797fdb645f8e367ca12a9a6a31fd62aa4b2ffe14b,RGB,,,,ui,"[""cams-ui""]",unknown,reproducible-with-existing-framework,CAMS UI visibly matches production QML; docs describe subject. No exact registered filename/workflow. Documentation-like styling alone does not establish docshot provenance.,False,,,,,,[],,partially-semantic,03-interfaces-overview.png,possibly-used,0,False,False,False,False,ui-legacy,documentation_assets/ui-legacy/,medium,high,low,medium,"Visual inspection of full inventory contact sheets; source/caption context cross-checked. Reproducibility is static source capability, not a successful rendering test.",
00_book/figures/gui/chapter-11/04-acl-form-zoom.png,04-acl-form-zoom.png,.png,56072,1080,1480,0.72973,a870d8f3d240e09774fbe92cd3e5f81018d5fd3dd9858160eff2d6780769f38a,RGB,,,,ui,"[""cams-ui""]",unknown,reproducible-with-existing-framework,CAMS UI visibly matches production QML; docs describe subject. No exact registered filename/workflow. Documentation-like styling alone does not establish docshot provenance.,False,,,,,,[],,partially-semantic,04-acl-form-zoom.png,used,1,True,False,False,False,ui-legacy,documentation_assets/ui-legacy/,medium,high,low,medium,"Visual inspection of full inventory contact sheets; source/caption context cross-checked. Reproducibility is static source capability, not a successful rendering test.",
00_book/figures/gui/chapter-11/05-acl-overview.png,05-acl-overview.png,.png,159358,2502,1888,1.325212,5cbc8c70b69506a473a3bd2efb4664217b06efc7b3c404ee7e129e96fafbb147,RGB,,,,ui,"[""cams-ui""]",unknown,reproducible-with-existing-framework,CAMS UI visibly matches production QML; docs describe subject. No exact registered filename/workflow. Documentation-like styling alone does not establish docshot provenance.,False,,,,,,[],,partially-semantic,05-acl-overview.png,possibly-used,0,False,False,False,False,ui-legacy,documentation_assets/ui-legacy/,medium,high,low,medium,"Visual inspection of full inventory contact sheets; source/caption context cross-checked. Reproducibility is static source capability, not a successful rendering test.",
00_book/figures/gui/chapter-11/06-static-form-zoom.png,06-static-form-zoom.png,.png,61452,1080,1480,0.72973,387c743d956abfe4dcd2068bc379ae6688fe6dedffe1306d74cc5f8275c08fdf,RGB,,,,ui,"[""cams-ui""]",unknown,reproducible-with-existing-framework,CAMS UI visibly matches production QML; docs describe subject. No exact registered filename/workflow. Documentation-like styling alone does not establish docshot provenance.,False,,,,,,[],,partially-semantic,06-static-form-zoom.png,used,1,True,False,False,False,ui-legacy,documentation_assets/ui-legacy/,medium,high,low,medium,"Visual inspection of full inventory contact sheets; source/caption context cross-checked. Reproducibility is static source capability, not a successful rendering test.",
00_book/figures/gui/chapter-11/07-static-overview.png,07-static-overview.png,.png,149162,2502,1888,1.325212,afbbf4040acf7726a3cce1ccf7573e9fd7115bc946e499862652291608565cfd,RGB,,,,ui,"[""cams-ui""]",unknown,reproducible-with-existing-framework,CAMS UI visibly matches production QML; docs describe subject. No exact registered filename/workflow. Documentation-like styling alone does not establish docshot provenance.,False,,,,,,[],,partially-semantic,07-static-overview.png,possibly-used,0,False,False,False,False,ui-legacy,documentation_assets/ui-legacy/,medium,high,low,medium,"Visual inspection of full inventory contact sheets; source/caption context cross-checked. Reproducibility is static source capability, not a successful rendering test.",
00_book/figures/gui/chapter-11/08-dynamic-form-zoom.png,08-dynamic-form-zoom.png,.png,67893,1080,1480,0.72973,4fa8ec7d804919528c22686e658d88d485bbf9c08f69fff1af533513a640c015,RGB,,,,ui,"[""cams-ui""]",unknown,reproducible-with-existing-framework,CAMS UI visibly matches production QML; docs describe subject. No exact registered filename/workflow. Documentation-like styling alone does not establish docshot provenance.,False,,,,,,[],,partially-semantic,08-dynamic-form-zoom.png,used,1,True,False,False,False,ui-legacy,documentation_assets/ui-legacy/,medium,high,low,medium,"Visual inspection of full inventory contact sheets; source/caption context cross-checked. Reproducibility is static source capability, not a successful rendering test.",
00_book/figures/gui/chapter-11/09-dynamic-overview.png,09-dynamic-overview.png,.png,166407,2502,1888,1.325212,298846c0cf9ae1b5d3611816be42aa6efe968b84d0538ad8cf6382e0fdc7b307,RGB,,,,ui,"[""cams-ui""]",unknown,reproducible-with-existing-framework,CAMS UI visibly matches production QML; docs describe subject. No exact registered filename/workflow. Documentation-like styling alone does not establish docshot provenance.,False,,,,,,[],,partially-semantic,09-dynamic-overview.png,possibly-used,0,False,False,False,False,ui-legacy,documentation_assets/ui-legacy/,medium,high,low,medium,"Visual inspection of full inventory contact sheets; source/caption context cross-checked. Reproducibility is static source capability, not a successful rendering test.",
00_book/figures/gui/chapter-11/10-pat-form-zoom.png,10-pat-form-zoom.png,.png,59765,1080,1480,0.72973,bd481f22f7e411405e42f1b7a1764695a28a88637b558a2a018096301f99a8be,RGB,,,,ui,"[""cams-ui""]",unknown,reproducible-with-existing-framework,CAMS UI visibly matches production QML; docs describe subject. No exact registered filename/workflow. Documentation-like styling alone does not establish docshot provenance.,False,,,,,,[],,partially-semantic,10-pat-form-zoom.png,used,1,True,False,False,False,ui-legacy,documentation_assets/ui-legacy/,medium,high,low,medium,"Visual inspection of full inventory contact sheets; source/caption context cross-checked. Reproducibility is static source capability, not a successful rendering test.",
00_book/figures/gui/chapter-11/11-pat-overview.png,11-pat-overview.png,.png,151791,2502,1888,1.325212,e9ba0d5f0021205bd12246116b822a49e42b14f5f9c25d6aeeb808cae9c1da56,RGB,,,,ui,"[""cams-ui""]",unknown,reproducible-with-existing-framework,CAMS UI visibly matches production QML; docs describe subject. No exact registered filename/workflow. Documentation-like styling alone does not establish docshot provenance.,False,,,,,,[],,partially-semantic,11-pat-overview.png,possibly-used,0,False,False,False,False,ui-legacy,documentation_assets/ui-legacy/,medium,high,low,medium,"Visual inspection of full inventory contact sheets; source/caption context cross-checked. Reproducibility is static source capability, not a successful rendering test.",
00_book/figures/gui/chapter-11/12-route-map-form-zoom.png,12-route-map-form-zoom.png,.png,68903,1080,1480,0.72973,baefad2af9bdfa0f8d3d83dedd98b87254af4d9170bc0c62b28203b9ebc46a78,RGB,,,,ui,"[""cams-ui""]",unknown,reproducible-with-existing-framework,CAMS UI visibly matches production QML; docs describe subject. No exact registered filename/workflow. Documentation-like styling alone does not establish docshot provenance.,False,,,,,,[],,partially-semantic,12-route-map-form-zoom.png,used,1,True,False,False,False,ui-legacy,documentation_assets/ui-legacy/,medium,high,low,medium,"Visual inspection of full inventory contact sheets; source/caption context cross-checked. Reproducibility is static source capability, not a successful rendering test.",
00_book/figures/gui/chapter-11/13-route-map-overview.png,13-route-map-overview.png,.png,176275,2502,1888,1.325212,7aa79faf4142dcff3f7678962d0ce1eb7a5b76d975df986e64cc5c800f64bf9e,RGB,,,,ui,"[""cams-ui""]",unknown,reproducible-with-existing-framework,CAMS UI visibly matches production QML; docs describe subject. No exact registered filename/workflow. Documentation-like styling alone does not establish docshot provenance.,False,,,,,,[],,partially-semantic,13-route-map-overview.png,possibly-used,0,False,False,False,False,ui-legacy,documentation_assets/ui-legacy/,medium,high,low,medium,"Visual inspection of full inventory contact sheets; source/caption context cross-checked. Reproducibility is static source capability, not a successful rendering test.",
00_book/figures/gui/chapter-11/14-nat-view-push.png,14-nat-view-push.png,.png,141367,1816,1376,1.319767,57f7a4bb6177eb716b63d0bd15861bb750d484ede52ff99041c5ce435c5433b7,RGB,,,,ui,"[""cams-ui""]",unknown,reproducible-with-existing-framework,CAMS UI visibly matches production QML; docs describe subject. No exact registered filename/workflow. Documentation-like styling alone does not establish docshot provenance.,False,,,,,,[],,partially-semantic,14-nat-view-push.png,used,1,True,False,False,False,ui-legacy,documentation_assets/ui-legacy/,medium,high,low,medium,"Visual inspection of full inventory contact sheets; source/caption context cross-checked. Reproducibility is static source capability, not a successful rendering test.",
00_book/figures/gui/chapter-12/01-sftp-connection-form.png,01-sftp-connection-form.png,.png,116584,1376,1276,1.07837,9c55cfd14a7971abf99250d062b0ab902a871b6d86d66e47d2bd19d7fae0b017,RGB,,,,ui,"[""cams-ui""]",unknown,requires-new-docshot-workflow,CAMS UI visibly matches production QML; docs describe subject. No exact registered filename/workflow. Documentation-like styling alone does not establish docshot provenance. Transfer/log/counter/history fixtures are needed.,False,,,,,,[],,partially-semantic,01-sftp-connection-form.png,used,1,True,False,False,False,ui-legacy,documentation_assets/ui-legacy/,medium,high,low,medium,"Visual inspection of full inventory contact sheets; source/caption context cross-checked. Reproducibility is static source capability, not a successful rendering test.",
00_book/figures/gui/chapter-12/02-sftp-workspace-overview.png,02-sftp-workspace-overview.png,.png,252971,3200,1888,1.694915,ae918986fe845d6a950a2bdbc7a60e71f993fd72580d450c54df12669c561f3a,RGB,,,,ui,"[""cams-ui""]",unknown,requires-new-docshot-workflow,CAMS UI visibly matches production QML; docs describe subject. No exact registered filename/workflow. Documentation-like styling alone does not establish docshot provenance. Transfer/log/counter/history fixtures are needed.,False,,,,,,[],,partially-semantic,02-sftp-workspace-overview.png,used,1,True,False,False,False,ui-legacy,documentation_assets/ui-legacy/,medium,high,low,medium,"Visual inspection of full inventory contact sheets; source/caption context cross-checked. Reproducibility is static source capability, not a successful rendering test.",
00_book/figures/gui/chapter-12/03-sftp-connection-bar.png,03-sftp-connection-bar.png,.png,35768,2454,152,16.144737,dc2f894c01f78d4463fad6c30ee2543d481021da2cdcdc11d928df919edea133,RGB,,,,ui,"[""cams-ui""]",unknown,requires-new-docshot-workflow,CAMS UI visibly matches production QML; docs describe subject. No exact registered filename/workflow. Documentation-like styling alone does not establish docshot provenance. Transfer/log/counter/history fixtures are needed.,False,,,,,,[],,partially-semantic,03-sftp-connection-bar.png,used,1,True,False,False,False,ui-legacy,documentation_assets/ui-legacy/,medium,high,low,medium,"Visual inspection of full inventory contact sheets; source/caption context cross-checked. Reproducibility is static source capability, not a successful rendering test.",
00_book/figures/gui/chapter-12/04-sftp-local-files.png,04-sftp-local-files.png,.png,81652,1220,1390,0.877698,38e559b1d671cfed250e90bc7b19702ae3688c30ccce50ff1ee1027c9ad31770,RGB,,,,ui,"[""cams-ui""]",unknown,requires-new-docshot-workflow,CAMS UI visibly matches production QML; docs describe subject. No exact registered filename/workflow. Documentation-like styling alone does not establish docshot provenance. Transfer/log/counter/history fixtures are needed.,False,,,,,,[],,partially-semantic,04-sftp-local-files.png,possibly-used,0,False,False,False,False,ui-legacy,documentation_assets/ui-legacy/,medium,high,low,medium,"Visual inspection of full inventory contact sheets; source/caption context cross-checked. Reproducibility is static source capability, not a successful rendering test.",
00_book/figures/gui/chapter-12/05-sftp-remote-files.png,05-sftp-remote-files.png,.png,88452,1218,1390,0.876259,13962ec5e4f79da3be794f18ce99e837c2f5393b695c984c83a8cb5bc0c5a478,RGB,,,,ui,"[""cams-ui""]",unknown,requires-new-docshot-workflow,CAMS UI visibly matches production QML; docs describe subject. No exact registered filename/workflow. Documentation-like styling alone does not establish docshot provenance. Transfer/log/counter/history fixtures are needed.,False,,,,,,[],,partially-semantic,05-sftp-remote-files.png,possibly-used,0,False,False,False,False,ui-legacy,documentation_assets/ui-legacy/,medium,high,low,medium,"Visual inspection of full inventory contact sheets; source/caption context cross-checked. Reproducibility is static source capability, not a successful rendering test.",
00_book/figures/gui/chapter-12/06-sftp-transfer-queue.png,06-sftp-transfer-queue.png,.png,38748,2454,264,9.295455,95c37b1114d82f89144b94689cbc51f09cba7214b1afe4d18634ff2e5f4692d0,RGB,,,,ui,"[""cams-ui""]",unknown,requires-new-docshot-workflow,CAMS UI visibly matches production QML; docs describe subject. No exact registered filename/workflow. Documentation-like styling alone does not establish docshot provenance. Transfer/log/counter/history fixtures are needed.,False,,,,,,[],,partially-semantic,06-sftp-transfer-queue.png,used,1,True,False,False,False,ui-legacy,documentation_assets/ui-legacy/,medium,high,low,medium,"Visual inspection of full inventory contact sheets; source/caption context cross-checked. Reproducibility is static source capability, not a successful rendering test.",
00_book/figures/gui/chapter-12/07-sftp-host-key-confirmation.png,07-sftp-host-key-confirmation.png,.png,57388,1136,556,2.043165,88a5d8a1909a0946099726a2e6a7aaf1612bd49dae8717da64353d034765ff09,RGB,,,,ui,"[""cams-ui""]",unknown,requires-new-docshot-workflow,CAMS UI visibly matches production QML; docs describe subject. No exact registered filename/workflow. Documentation-like styling alone does not establish docshot provenance. Transfer/log/counter/history fixtures are needed.,False,,,,,,[],,partially-semantic,07-sftp-host-key-confirmation.png,used,1,True,False,False,False,ui-legacy,documentation_assets/ui-legacy/,medium,high,low,medium,"Visual inspection of full inventory contact sheets; source/caption context cross-checked. Reproducibility is static source capability, not a successful rendering test.",
00_book/figures/gui/chapter-12/08-sftp-connection-paths.png,08-sftp-connection-paths.png,.png,113434,1376,1276,1.07837,d494d8f2364ff1c690a1090db687823981a855018abbdff13b5cad5d534b1ae3,RGB,,,,ui,"[""cams-ui""]",unknown,requires-new-docshot-workflow,CAMS UI visibly matches production QML; docs describe subject. No exact registered filename/workflow. Documentation-like styling alone does not establish docshot provenance. Transfer/log/counter/history fixtures are needed.,False,,,,,,[],,partially-semantic,08-sftp-connection-paths.png,used,1,True,False,False,False,ui-legacy,documentation_assets/ui-legacy/,medium,high,low,medium,"Visual inspection of full inventory contact sheets; source/caption context cross-checked. Reproducibility is static source capability, not a successful rendering test.",
00_book/figures/gui/chapter-12/09-scp-workspace.png,09-scp-workspace.png,.png,210486,2502,1886,1.326617,e05ab05ea95d662f9ef0f41db7a00a39ef3f7f1e99ffcdd86c20c2b35a0d9f43,RGB,,,,ui,"[""cams-ui""]",unknown,requires-new-docshot-workflow,CAMS UI visibly matches production QML; docs describe subject. No exact registered filename/workflow. Documentation-like styling alone does not establish docshot provenance. Transfer/log/counter/history fixtures are needed.,False,,,,,,[],,partially-semantic,09-scp-workspace.png,used,1,True,False,False,False,ui-legacy,documentation_assets/ui-legacy/,medium,high,low,medium,"Visual inspection of full inventory contact sheets; source/caption context cross-checked. Reproducibility is static source capability, not a successful rendering test.",
00_book/figures/gui/chapter-12/10-sync-notifications.png,10-sync-notifications.png,.png,65518,792,626,1.265176,2f5bef377ace7f3e995cebae215326d315b8da3c755233035ce2dd71894fe4d8,RGB,,,,ui,"[""cams-ui""]",unknown,requires-new-docshot-workflow,CAMS UI visibly matches production QML; docs describe subject. No exact registered filename/workflow. Documentation-like styling alone does not establish docshot provenance. Transfer/log/counter/history fixtures are needed.,False,,,,,,[],,partially-semantic,10-sync-notifications.png,used,1,True,False,False,False,ui-legacy,documentation_assets/ui-legacy/,medium,high,low,medium,"Visual inspection of full inventory contact sheets; source/caption context cross-checked. Reproducibility is static source capability, not a successful rendering test.",
00_book/figures/gui/chapter-12/11-running-config-history.png,11-running-config-history.png,.png,143111,2502,1746,1.43299,ccfde9059620f47c32c6627b20f1a6940853c4db04965b6f2e985bbea3dbb2f2,RGB,,,,ui,"[""cams-ui""]",unknown,requires-new-docshot-workflow,CAMS UI visibly matches production QML; docs describe subject. No exact registered filename/workflow. Documentation-like styling alone does not establish docshot provenance. Transfer/log/counter/history fixtures are needed.,False,,,,,,[],,partially-semantic,11-running-config-history.png,used,1,True,False,False,False,ui-legacy,documentation_assets/ui-legacy/,medium,high,low,medium,"Visual inspection of full inventory contact sheets; source/caption context cross-checked. Reproducibility is static source capability, not a successful rendering test.",
00_book/figures/gui/chapter-12/12-running-config-diff.png,12-running-config-diff.png,.png,181599,2502,1746,1.43299,98b1064a3c3262d8053914bbf329c7ab772536467aef2ed87f9be9645ef3daee,RGB,,,,ui,"[""cams-ui""]",unknown,requires-new-docshot-workflow,CAMS UI visibly matches production QML; docs describe subject. No exact registered filename/workflow. Documentation-like styling alone does not establish docshot provenance. Transfer/log/counter/history fixtures are needed.,False,,,,,,[],,partially-semantic,12-running-config-diff.png,used,2,True,False,True,False,ui-legacy,documentation_assets/ui-legacy/,medium,high,low,medium,"Visual inspection of full inventory contact sheets; source/caption context cross-checked. Reproducibility is static source capability, not a successful rendering test.",
00_book/figures/gui/chapter-13/01-system-logs-overview.png,01-system-logs-overview.png,.png,280626,2502,1886,1.326617,7aad4c0b82115780bd325b98846e5a6f6f8cf5a2cf35fcffe9802436c8fedc44,RGB,,,,ui,"[""cams-ui""]",unknown,requires-new-docshot-workflow,CAMS UI visibly matches production QML; docs describe subject. No exact registered filename/workflow. Documentation-like styling alone does not establish docshot provenance. Transfer/log/counter/history fixtures are needed.,False,,,,,,[],,partially-semantic,01-system-logs-overview.png,used,2,True,False,True,False,ui-legacy,documentation_assets/ui-legacy/,medium,high,low,medium,"Visual inspection of full inventory contact sheets; source/caption context cross-checked. Reproducibility is static source capability, not a successful rendering test.",
00_book/figures/gui/chapter-13/02-listener-status.png,02-listener-status.png,.png,20337,2438,124,19.66129,971289795b5b5438e3ee32a6a46f7e2a3867cc63fe999eada3211c52433a4e6f,RGB,,,,ui,"[""cams-ui""]",unknown,requires-new-docshot-workflow,CAMS UI visibly matches production QML; docs describe subject. No exact registered filename/workflow. Documentation-like styling alone does not establish docshot provenance. Transfer/log/counter/history fixtures are needed.,False,,,,,,[],,partially-semantic,02-listener-status.png,used,1,True,False,False,False,ui-legacy,documentation_assets/ui-legacy/,medium,high,low,medium,"Visual inspection of full inventory contact sheets; source/caption context cross-checked. Reproducibility is static source capability, not a successful rendering test.",
00_book/figures/gui/chapter-13/03-log-filter-bar.png,03-log-filter-bar.png,.png,43578,2438,232,10.508621,0e8a5faed5aa396d684d78a56f603f2126316037430e3efae8f4a63056655243,RGB,,,,ui,"[""cams-ui""]",unknown,requires-new-docshot-workflow,CAMS UI visibly matches production QML; docs describe subject. No exact registered filename/workflow. Documentation-like styling alone does not establish docshot provenance. Transfer/log/counter/history fixtures are needed.,False,,,,,,[],,partially-semantic,03-log-filter-bar.png,used,1,True,False,False,False,ui-legacy,documentation_assets/ui-legacy/,medium,high,low,medium,"Visual inspection of full inventory contact sheets; source/caption context cross-checked. Reproducibility is static source capability, not a successful rendering test.",
00_book/figures/gui/chapter-13/04-severity-levels.png,04-severity-levels.png,.png,47263,596,716,0.832402,a1cca606a6b41a0af2c0d1c7d9433958a49214ffcbdf714cee7b7342fdede644,RGB,,,,ui,"[""cams-ui""]",unknown,requires-new-docshot-workflow,CAMS UI visibly matches production QML; docs describe subject. No exact registered filename/workflow. Documentation-like styling alone does not establish docshot provenance. Transfer/log/counter/history fixtures are needed.,False,,,,,,[],,partially-semantic,04-severity-levels.png,used,1,True,False,False,False,ui-legacy,documentation_assets/ui-legacy/,medium,high,low,medium,"Visual inspection of full inventory contact sheets; source/caption context cross-checked. Reproducibility is static source capability, not a successful rendering test.",
00_book/figures/gui/chapter-13/05-critical-filter-result.png,05-critical-filter-result.png,.png,193750,2502,1886,1.326617,3af5f3a82cf14ed45d6f674e73e9f94c38545a76945fd9ca3400ad937e0a0454,RGB,,,,ui,"[""cams-ui""]",unknown,requires-new-docshot-workflow,CAMS UI visibly matches production QML; docs describe subject. No exact registered filename/workflow. Documentation-like styling alone does not establish docshot provenance. Transfer/log/counter/history fixtures are needed.,False,,,,,,[],,partially-semantic,05-critical-filter-result.png,used,2,True,False,True,False,ui-legacy,documentation_assets/ui-legacy/,medium,high,low,medium,"Visual inspection of full inventory contact sheets; source/caption context cross-checked. Reproducibility is static source capability, not a successful rendering test.",
00_book/figures/gui/chapter-13/06-smart-filter-builder.png,06-smart-filter-builder.png,.png,135608,1656,1496,1.106952,665b32e0c820cbfa3fc3aedcdf5b4f8dcb85da53ff633f3f89e643faf8eba4d5,RGB,,,,ui,"[""cams-ui""]",unknown,requires-new-docshot-workflow,CAMS UI visibly matches production QML; docs describe subject. No exact registered filename/workflow. Documentation-like styling alone does not establish docshot provenance. Transfer/log/counter/history fixtures are needed.,False,,,,,,[],,partially-semantic,06-smart-filter-builder.png,used,1,True,False,False,False,ui-legacy,documentation_assets/ui-legacy/,medium,high,low,medium,"Visual inspection of full inventory contact sheets; source/caption context cross-checked. Reproducibility is static source capability, not a successful rendering test.",
00_book/figures/gui/chapter-13/07-log-message-details.png,07-log-message-details.png,.png,97245,1656,1216,1.361842,1e4ac6e63479e22bbdbfe154d76279945b0a91c9d8f041c832e69d70d0b23926,RGB,,,,ui,"[""cams-ui""]",unknown,requires-new-docshot-workflow,CAMS UI visibly matches production QML; docs describe subject. No exact registered filename/workflow. Documentation-like styling alone does not establish docshot provenance. Transfer/log/counter/history fixtures are needed.,False,,,,,,[],,partially-semantic,07-log-message-details.png,used,1,True,False,False,False,ui-legacy,documentation_assets/ui-legacy/,medium,high,low,medium,"Visual inspection of full inventory contact sheets; source/caption context cross-checked. Reproducibility is static source capability, not a successful rendering test.",
00_book/figures/gui/chapter-14/01-switch-ports-overview.png,01-switch-ports-overview.png,.png,222918,2502,1746,1.43299,ee9c060c5627f5efd574324714294e05f350eba73176061798988fab2ccb4822,RGB,,,,ui,"[""cams-ui""]",unknown,reproducible-with-existing-framework,CAMS UI visibly matches production QML; docs describe subject. No exact registered filename/workflow. Documentation-like styling alone does not establish docshot provenance.,False,,,,,,[],,partially-semantic,01-switch-ports-overview.png,used,1,True,False,False,False,ui-legacy,documentation_assets/ui-legacy/,medium,high,low,medium,"Visual inspection of full inventory contact sheets; source/caption context cross-checked. Reproducibility is static source capability, not a successful rendering test.",
00_book/figures/gui/chapter-14/02-access-port-form.png,02-access-port-form.png,.png,117221,880,1316,0.668693,d8af8a6d546913cc1c332aed53b9fad022a68476feacee416f09f5ca401a0a4a,RGB,,,,ui,"[""cams-ui""]",unknown,reproducible-with-existing-framework,CAMS UI visibly matches production QML; docs describe subject. No exact registered filename/workflow. Documentation-like styling alone does not establish docshot provenance.,False,,,,,,[],,partially-semantic,02-access-port-form.png,used,1,True,False,False,False,ui-legacy,documentation_assets/ui-legacy/,medium,high,low,medium,"Visual inspection of full inventory contact sheets; source/caption context cross-checked. Reproducibility is static source capability, not a successful rendering test.",
00_book/figures/gui/chapter-14/03-access-loop-protection.png,03-access-loop-protection.png,.png,113550,880,1316,0.668693,c3cfc6239a4610a417849460c1b0b4976b1e50d5a359edee95ebfc58c13a60fa,RGB,,,,ui,"[""cams-ui""]",unknown,reproducible-with-existing-framework,CAMS UI visibly matches production QML; docs describe subject. No exact registered filename/workflow. Documentation-like styling alone does not establish docshot provenance.,False,,,,,,[],,partially-semantic,03-access-loop-protection.png,used,1,True,False,False,False,ui-legacy,documentation_assets/ui-legacy/,medium,high,low,medium,"Visual inspection of full inventory contact sheets; source/caption context cross-checked. Reproducibility is static source capability, not a successful rendering test.",
00_book/figures/gui/chapter-14/04-trunk-port-form.png,04-trunk-port-form.png,.png,105827,880,1316,0.668693,7d7a9f9dcd06102e8f754432257f27ce9cf9f48d50acb7ec55e149a057b86c19,RGB,,,,ui,"[""cams-ui""]",unknown,reproducible-with-existing-framework,CAMS UI visibly matches production QML; docs describe subject. No exact registered filename/workflow. Documentation-like styling alone does not establish docshot provenance.,False,,,,,,[],,partially-semantic,04-trunk-port-form.png,used,1,True,False,False,False,ui-legacy,documentation_assets/ui-legacy/,medium,high,low,medium,"Visual inspection of full inventory contact sheets; source/caption context cross-checked. Reproducibility is static source capability, not a successful rendering test.",
00_book/figures/gui/chapter-14/05-trunk-loop-protection.png,05-trunk-loop-protection.png,.png,112089,880,1316,0.668693,934cbe5a165ae84eb3c50c6b383aae9470637587a84279c692ed03293dece1d5,RGB,,,,ui,"[""cams-ui""]",unknown,reproducible-with-existing-framework,CAMS UI visibly matches production QML; docs describe subject. No exact registered filename/workflow. Documentation-like styling alone does not establish docshot provenance.,False,,,,,,[],,partially-semantic,05-trunk-loop-protection.png,used,1,True,False,False,False,ui-legacy,documentation_assets/ui-legacy/,medium,high,low,medium,"Visual inspection of full inventory contact sheets; source/caption context cross-checked. Reproducibility is static source capability, not a successful rendering test.",
00_book/figures/gui/chapter-14/06-interfaces-view-push.png,06-interfaces-view-push.png,.png,162320,1816,1376,1.319767,528c00145cb9a1cc009cab42f1eb48add115a6beb3281f37f7e4dd71062c750a,RGB,,,,ui,"[""cams-ui""]",unknown,reproducible-with-existing-framework,CAMS UI visibly matches production QML; docs describe subject. No exact registered filename/workflow. Documentation-like styling alone does not establish docshot provenance.,False,,,,,,[],,partially-semantic,06-interfaces-view-push.png,used,1,True,False,False,False,ui-legacy,documentation_assets/ui-legacy/,medium,high,low,medium,"Visual inspection of full inventory contact sheets; source/caption context cross-checked. Reproducibility is static source capability, not a successful rendering test.",
00_book/figures/gui/chapter-15/01-vlan-form.png,01-vlan-form.png,.png,58363,840,1340,0.626866,62b08fedbcc42246e6152d1cb25777d6a794f9457e7ca6317756599c11e31c4a,RGB,,,,ui,"[""cams-ui""]",unknown,reproducible-with-existing-framework,CAMS UI visibly matches production QML; docs describe subject. No exact registered filename/workflow. Documentation-like styling alone does not establish docshot provenance.,False,,,,,,[],,partially-semantic,01-vlan-form.png,used,1,True,False,False,False,ui-legacy,documentation_assets/ui-legacy/,medium,high,low,medium,"Visual inspection of full inventory contact sheets; source/caption context cross-checked. Reproducibility is static source capability, not a successful rendering test.",
00_book/figures/gui/chapter-15/02-vlan-overview.png,02-vlan-overview.png,.png,161626,2502,1746,1.43299,b381146e88fa99867d9f2577a43396e27710d519dde932f429618aab445bd7f5,RGB,,,,ui,"[""cams-ui""]",unknown,reproducible-with-existing-framework,CAMS UI visibly matches production QML; docs describe subject. No exact registered filename/workflow. Documentation-like styling alone does not establish docshot provenance.,False,,,,,,[],,partially-semantic,02-vlan-overview.png,possibly-used,0,False,False,False,False,ui-legacy,documentation_assets/ui-legacy/,medium,high,low,medium,"Visual inspection of full inventory contact sheets; source/caption context cross-checked. Reproducibility is static source capability, not a successful rendering test.",
00_book/figures/gui/chapter-15/03-vlan-view-push.png,03-vlan-view-push.png,.png,56271,1816,1376,1.319767,f225b6528b1d29ed4a56e64547623a5d5de0854e6909365133fb8bc7e953a6df,RGB,,,,ui,"[""cams-ui""]",unknown,reproducible-with-existing-framework,CAMS UI visibly matches production QML; docs describe subject. No exact registered filename/workflow. Documentation-like styling alone does not establish docshot provenance.,False,,,,,,[],,partially-semantic,03-vlan-view-push.png,used,1,True,False,False,False,ui-legacy,documentation_assets/ui-legacy/,medium,high,low,medium,"Visual inspection of full inventory contact sheets; source/caption context cross-checked. Reproducibility is static source capability, not a successful rendering test.",
00_book/figures/gui/chapter-15/04-etherchannel-form.png,04-etherchannel-form.png,.png,124395,860,1340,0.641791,942c45f7fd1af0d8c7cf0a9fb78cc0f7f3563048e509f7f3946ea1a2f34fc23b,RGB,,,,ui,"[""cams-ui""]",unknown,reproducible-with-existing-framework,CAMS UI visibly matches production QML; docs describe subject. No exact registered filename/workflow. Documentation-like styling alone does not establish docshot provenance.,False,,,,,,[],,partially-semantic,04-etherchannel-form.png,used,1,True,False,False,False,ui-legacy,documentation_assets/ui-legacy/,medium,high,low,medium,"Visual inspection of full inventory contact sheets; source/caption context cross-checked. Reproducibility is static source capability, not a successful rendering test.",
00_book/figures/gui/chapter-15/05-quick-etherchannel.png,05-quick-etherchannel.png,.png,77792,1616,1396,1.157593,614ddce2d8885a3c91ad522238a04dd9cc6cdf75a25940fbf48da5c50e002a84,RGB,,,,ui,"[""cams-ui""]",unknown,reproducible-with-existing-framework,CAMS UI visibly matches production QML; docs describe subject. No exact registered filename/workflow. Documentation-like styling alone does not establish docshot provenance.,False,,,,,,[],,partially-semantic,05-quick-etherchannel.png,used,1,True,False,False,False,ui-legacy,documentation_assets/ui-legacy/,medium,high,low,medium,"Visual inspection of full inventory contact sheets; source/caption context cross-checked. Reproducibility is static source capability, not a successful rendering test.",
00_book/figures/gui/chapter-15/06-etherchannel-view-push.png,06-etherchannel-view-push.png,.png,172020,1816,1376,1.319767,a0870e791020ff5edf0f53660b84f2823a56a5e2584d21f8b2cbf7636d1c7bd4,RGB,,,,ui,"[""cams-ui""]",unknown,reproducible-with-existing-framework,CAMS UI visibly matches production QML; docs describe subject. No exact registered filename/workflow. Documentation-like styling alone does not establish docshot provenance.,False,,,,,,[],,partially-semantic,06-etherchannel-view-push.png,used,1,True,False,False,False,ui-legacy,documentation_assets/ui-legacy/,medium,high,low,medium,"Visual inspection of full inventory contact sheets; source/caption context cross-checked. Reproducibility is static source capability, not a successful rendering test.",
00_book/figures/gui/chapter-15/07-stp-form.png,07-stp-form.png,.png,73888,860,1340,0.641791,5ad68bed64e8d932f4966a1cc7896c56f00e80300fcbb98ea2d8404983c0d1c4,RGB,,,,ui,"[""cams-ui""]",unknown,reproducible-with-existing-framework,CAMS UI visibly matches production QML; docs describe subject. No exact registered filename/workflow. Documentation-like styling alone does not establish docshot provenance.,False,,,,,,[],,partially-semantic,07-stp-form.png,used,1,True,False,False,False,ui-legacy,documentation_assets/ui-legacy/,medium,high,low,medium,"Visual inspection of full inventory contact sheets; source/caption context cross-checked. Reproducibility is static source capability, not a successful rendering test.",
00_book/figures/gui/chapter-15/08-stp-view-push.png,08-stp-view-push.png,.png,83980,1816,1376,1.319767,121aeff8b04645cf6267d3bf92e6dcb548bd616b20db645f820d0aee10bdb330,RGB,,,,ui,"[""cams-ui""]",unknown,reproducible-with-existing-framework,CAMS UI visibly matches production QML; docs describe subject. No exact registered filename/workflow. Documentation-like styling alone does not establish docshot provenance.,False,,,,,,[],,partially-semantic,08-stp-view-push.png,used,1,True,False,False,False,ui-legacy,documentation_assets/ui-legacy/,medium,high,low,medium,"Visual inspection of full inventory contact sheets; source/caption context cross-checked. Reproducibility is static source capability, not a successful rendering test.",
00_book/figures/gui/chapter-15/09-vtp-group-top.png,09-vtp-group-top.png,.png,188501,2502,1746,1.43299,467bcec49ffde478b34fc916594e7a94d3c43af8718f4a5aa332f49c489de1b1,RGB,,,,ui,"[""cams-ui""]",unknown,reproducible-with-existing-framework,CAMS UI visibly matches production QML; docs describe subject. No exact registered filename/workflow. Documentation-like styling alone does not establish docshot provenance.,False,,,,,,[],,partially-semantic,09-vtp-group-top.png,used,1,True,False,False,False,ui-legacy,documentation_assets/ui-legacy/,medium,high,low,medium,"Visual inspection of full inventory contact sheets; source/caption context cross-checked. Reproducibility is static source capability, not a successful rendering test.",
00_book/figures/gui/chapter-15/10-vtp-member-policy.png,10-vtp-member-policy.png,.png,191437,2502,1746,1.43299,ec69d8fba81b3d0cd22e9fb8d3721658d173bf2c43ee092fb03e3ec7ae4647b3,RGB,,,,ui,"[""cams-ui""]",unknown,reproducible-with-existing-framework,CAMS UI visibly matches production QML; docs describe subject. No exact registered filename/workflow. Documentation-like styling alone does not establish docshot provenance.,False,,,,,,[],,partially-semantic,10-vtp-member-policy.png,used,1,True,False,False,False,ui-legacy,documentation_assets/ui-legacy/,medium,high,low,medium,"Visual inspection of full inventory contact sheets; source/caption context cross-checked. Reproducibility is static source capability, not a successful rendering test.",
00_book/figures/gui/chapter-15/11-vtp-view-push.png,11-vtp-view-push.png,.png,98731,1856,1456,1.274725,6a1a22d6318c29312e2456dbcb5f9b5c79f9ab3726e2cb1034a0fb91924863b2,RGB,,,,ui,"[""cams-ui""]",unknown,reproducible-with-existing-framework,CAMS UI visibly matches production QML; docs describe subject. No exact registered filename/workflow. Documentation-like styling alone does not establish docshot provenance.,False,,,,,,[],,partially-semantic,11-vtp-view-push.png,used,1,True,False,False,False,ui-legacy,documentation_assets/ui-legacy/,medium,high,low,medium,"Visual inspection of full inventory contact sheets; source/caption context cross-checked. Reproducibility is static source capability, not a successful rendering test.",
00_book/figures/gui/chapter-15/12-quick-etherchannel-peer.png,12-quick-etherchannel-peer.png,.png,69993,1616,1396,1.157593,7f6a2cd987d280ce4bac9a25ef03cff6f6075dd50935c3fc702adffcef7d3c9c,RGB,,,,ui,"[""cams-ui""]",unknown,reproducible-with-existing-framework,CAMS UI visibly matches production QML; docs describe subject. No exact registered filename/workflow. Documentation-like styling alone does not establish docshot provenance.,False,,,,,,[],,partially-semantic,12-quick-etherchannel-peer.png,used,1,True,False,False,False,ui-legacy,documentation_assets/ui-legacy/,medium,high,low,medium,"Visual inspection of full inventory contact sheets; source/caption context cross-checked. Reproducibility is static source capability, not a successful rendering test.",
00_book/figures/gui/chapter-15/13-quick-etherchannel-link-mode.png,13-quick-etherchannel-link-mode.png,.png,84038,1616,1396,1.157593,73ade767a40f219cd2591db2877759131f3690a5164321c142327a189027047c,RGB,,,,ui,"[""cams-ui""]",unknown,reproducible-with-existing-framework,CAMS UI visibly matches production QML; docs describe subject. No exact registered filename/workflow. Documentation-like styling alone does not establish docshot provenance.,False,,,,,,[],,partially-semantic,13-quick-etherchannel-link-mode.png,used,1,True,False,False,False,ui-legacy,documentation_assets/ui-legacy/,medium,high,low,medium,"Visual inspection of full inventory contact sheets; source/caption context cross-checked. Reproducibility is static source capability, not a successful rendering test.",
00_book/figures/gui/chapter-16/01-vlan-protection.png,01-vlan-protection.png,.png,200113,2502,1746,1.43299,08055981a5058e6cc64d0f72b0a6674fdb3cd5c0403f6a9a31baf2e8b4c756d7,RGB,,,,ui,"[""cams-ui""]",unknown,reproducible-with-existing-framework,CAMS UI visibly matches production QML; docs describe subject. No exact registered filename/workflow. Documentation-like styling alone does not establish docshot provenance.,False,,,,,,[],,partially-semantic,01-vlan-protection.png,used,1,True,False,False,False,ui-legacy,documentation_assets/ui-legacy/,medium,high,low,medium,"Visual inspection of full inventory contact sheets; source/caption context cross-checked. Reproducibility is static source capability, not a successful rendering test.",
00_book/figures/gui/chapter-16/02-trusted-uplinks.png,02-trusted-uplinks.png,.png,149872,2502,1746,1.43299,ee45d6bf7df83ed73ee8f8f9736272d0a4e5a040b9b0f12fd7c6e01abd209b24,RGB,,,,ui,"[""cams-ui""]",unknown,reproducible-with-existing-framework,CAMS UI visibly matches production QML; docs describe subject. No exact registered filename/workflow. Documentation-like styling alone does not establish docshot provenance.,False,,,,,,[],,partially-semantic,02-trusted-uplinks.png,used,1,True,False,False,False,ui-legacy,documentation_assets/ui-legacy/,medium,high,low,medium,"Visual inspection of full inventory contact sheets; source/caption context cross-checked. Reproducibility is static source capability, not a successful rendering test.",
00_book/figures/gui/chapter-16/03-static-mac-form.png,03-static-mac-form.png,.png,64107,840,1260,0.666667,91810f4d8405dc6507cff1225e9f709cd117f596349abd01ba928f08f6b55596,RGB,,,,ui,"[""cams-ui""]",unknown,reproducible-with-existing-framework,CAMS UI visibly matches production QML; docs describe subject. No exact registered filename/workflow. Documentation-like styling alone does not establish docshot provenance.,False,,,,,,[],,partially-semantic,03-static-mac-form.png,used,1,True,False,False,False,ui-legacy,documentation_assets/ui-legacy/,medium,high,low,medium,"Visual inspection of full inventory contact sheets; source/caption context cross-checked. Reproducibility is static source capability, not a successful rendering test.",
00_book/figures/gui/chapter-16/04-l2-security-view-push.png,04-l2-security-view-push.png,.png,145817,1816,1376,1.319767,1365ebb5ce66547a679f1bf353f3e2c29021b632faea0731969afbe5d39d3d01,RGB,,,,ui,"[""cams-ui""]",unknown,reproducible-with-existing-framework,CAMS UI visibly matches production QML; docs describe subject. No exact registered filename/workflow. Documentation-like styling alone does not establish docshot provenance.,False,,,,,,[],,partially-semantic,04-l2-security-view-push.png,used,2,True,False,True,False,ui-legacy,documentation_assets/ui-legacy/,medium,high,low,medium,"Visual inspection of full inventory contact sheets; source/caption context cross-checked. Reproducibility is static source capability, not a successful rendering test.",
00_book/figures/gui/chapter-16/05-port-security-form.png,05-port-security-form.png,.png,110083,880,1340,0.656716,8136393fa2e89d817449aa17c9d2b4796ae556c28b564f924679fe45f73d73f3,RGB,,,,ui,"[""cams-ui""]",unknown,reproducible-with-existing-framework,CAMS UI visibly matches production QML; docs describe subject. No exact registered filename/workflow. Documentation-like styling alone does not establish docshot provenance.,False,,,,,,[],,partially-semantic,05-port-security-form.png,used,1,True,False,False,False,ui-legacy,documentation_assets/ui-legacy/,medium,high,low,medium,"Visual inspection of full inventory contact sheets; source/caption context cross-checked. Reproducibility is static source capability, not a successful rendering test.",
00_book/figures/gui/chapter-16/07-port-security-view-push.png,07-port-security-view-push.png,.png,111130,1816,1376,1.319767,52dd47fc6484f3d4c6c45b10eefec52b642c10428f01213cc78e4127b2321e54,RGB,,,,ui,"[""cams-ui""]",unknown,reproducible-with-existing-framework,CAMS UI visibly matches production QML; docs describe subject. No exact registered filename/workflow. Documentation-like styling alone does not establish docshot provenance.,False,,,,,,[],,partially-semantic,07-port-security-view-push.png,used,1,True,False,False,False,ui-legacy,documentation_assets/ui-legacy/,medium,high,low,medium,"Visual inspection of full inventory contact sheets; source/caption context cross-checked. Reproducibility is static source capability, not a successful rendering test.",
00_book/figures/gui/chapter-17/01-port-counters.png,01-port-counters.png,.png,135336,2502,1746,1.43299,2ac571be779a5c38669e5921f7b8143c2a56b7bb8213356ba6925b5a0a35f30c,RGB,,,,ui,"[""cams-ui""]",unknown,requires-new-docshot-workflow,CAMS UI visibly matches production QML; docs describe subject. No exact registered filename/workflow. Documentation-like styling alone does not establish docshot provenance. Transfer/log/counter/history fixtures are needed.,False,,,,,,[],,partially-semantic,01-port-counters.png,used,1,True,False,False,False,ui-legacy,documentation_assets/ui-legacy/,medium,high,low,medium,"Visual inspection of full inventory contact sheets; source/caption context cross-checked. Reproducibility is static source capability, not a successful rendering test.",
00_book/figures/gui/chapter-17/02-mac-address-table.png,02-mac-address-table.png,.png,159087,2502,1746,1.43299,289db01405922fbd58c774c5b70918c70c075bb2a3fbc5757fed6c7d8dc5ada9,RGB,,,,ui,"[""cams-ui""]",unknown,requires-new-docshot-workflow,CAMS UI visibly matches production QML; docs describe subject. No exact registered filename/workflow. Documentation-like styling alone does not establish docshot provenance. Transfer/log/counter/history fixtures are needed.,False,,,,,,[],,partially-semantic,02-mac-address-table.png,used,1,True,False,False,False,ui-legacy,documentation_assets/ui-legacy/,medium,high,low,medium,"Visual inspection of full inventory contact sheets; source/caption context cross-checked. Reproducibility is static source capability, not a successful rendering test.",
00_book/figures/gui/chapter-18/01-routed-port-form.png,01-routed-port-form.png,.png,85707,880,1340,0.656716,00c0952ae5375c2051fd7acf4532cb0aaec58bb37f16d2c64350835b54edae48,RGB,,,,ui,"[""cams-ui""]",unknown,reproducible-with-existing-framework,CAMS UI visibly matches production QML; docs describe subject. No exact registered filename/workflow. Documentation-like styling alone does not establish docshot provenance.,False,,,,,,[],,partially-semantic,01-routed-port-form.png,used,1,True,False,False,False,ui-legacy,documentation_assets/ui-legacy/,medium,high,low,medium,"Visual inspection of full inventory contact sheets; source/caption context cross-checked. Reproducibility is static source capability, not a successful rendering test.",
00_book/figures/gui/chapter-18/02-routed-ports-overview.png,02-routed-ports-overview.png,.png,182762,2502,1746,1.43299,f3d43b41cd0f06b91366258299e1e99da1afc5c113e78e6aaffdb9fef8d6b1a8,RGB,,,,ui,"[""cams-ui""]",unknown,reproducible-with-existing-framework,CAMS UI visibly matches production QML; docs describe subject. No exact registered filename/workflow. Documentation-like styling alone does not establish docshot provenance.,False,,,,,,[],,partially-semantic,02-routed-ports-overview.png,possibly-used,0,False,False,False,False,ui-legacy,documentation_assets/ui-legacy/,medium,high,low,medium,"Visual inspection of full inventory contact sheets; source/caption context cross-checked. Reproducibility is static source capability, not a successful rendering test.",
00_book/figures/gui/chapter-18/03-interfaces-view-push-routed.png,03-interfaces-view-push-routed.png,.png,168443,1816,1376,1.319767,3df8cac43797c64df368b4c0c607e1895fbbd7ddf26848b65b286d407b1eef37,RGB,,,,ui,"[""cams-ui""]",unknown,reproducible-with-existing-framework,CAMS UI visibly matches production QML; docs describe subject. No exact registered filename/workflow. Documentation-like styling alone does not establish docshot provenance.,False,,,,,,[],,partially-semantic,03-interfaces-view-push-routed.png,used,1,True,False,False,False,ui-legacy,documentation_assets/ui-legacy/,medium,high,low,medium,"Visual inspection of full inventory contact sheets; source/caption context cross-checked. Reproducibility is static source capability, not a successful rendering test.",
00_book/figures/gui/chapter-18/04-svi-form.png,04-svi-form.png,.png,85109,840,1340,0.626866,608bbe7541bc2b14d91254f15519aced5ea724cf312240e724ed8a23fcbda706,RGB,,,,ui,"[""cams-ui""]",unknown,reproducible-with-existing-framework,CAMS UI visibly matches production QML; docs describe subject. No exact registered filename/workflow. Documentation-like styling alone does not establish docshot provenance.,False,,,,,,[],,partially-semantic,04-svi-form.png,used,1,True,False,False,False,ui-legacy,documentation_assets/ui-legacy/,medium,high,low,medium,"Visual inspection of full inventory contact sheets; source/caption context cross-checked. Reproducibility is static source capability, not a successful rendering test.",
00_book/figures/gui/chapter-18/05-svi-overview-ip-routing.png,05-svi-overview-ip-routing.png,.png,197761,2502,1746,1.43299,3163df212bbed606b3b0f96a4cceacaae1521846f4776ddd5ccf0e265692daca,RGB,,,,ui,"[""cams-ui""]",unknown,reproducible-with-existing-framework,CAMS UI visibly matches production QML; docs describe subject. No exact registered filename/workflow. Documentation-like styling alone does not establish docshot provenance.,False,,,,,,[],,partially-semantic,05-svi-overview-ip-routing.png,used,1,True,False,False,False,ui-legacy,documentation_assets/ui-legacy/,medium,high,low,medium,"Visual inspection of full inventory contact sheets; source/caption context cross-checked. Reproducibility is static source capability, not a successful rendering test.",
00_book/figures/gui/chapter-18/06-svi-view-push.png,06-svi-view-push.png,.png,122371,1816,1376,1.319767,b674498b75f4aa2838a53046939bf85cb02d4cb5e6ca56d965401f44bed02d40,RGB,,,,ui,"[""cams-ui""]",unknown,reproducible-with-existing-framework,CAMS UI visibly matches production QML; docs describe subject. No exact registered filename/workflow. Documentation-like styling alone does not establish docshot provenance.,False,,,,,,[],,partially-semantic,06-svi-view-push.png,used,1,True,False,False,False,ui-legacy,documentation_assets/ui-legacy/,medium,high,low,medium,"Visual inspection of full inventory contact sheets; source/caption context cross-checked. Reproducibility is static source capability, not a successful rendering test.",
00_book/figures/gui/chapter-19/01-dhcp-pool-form.png,01-dhcp-pool-form.png,.png,53537,1000,1370,0.729927,77ff69b42cfaad25d1309f34c7dca5ba530b59b6e36256a43d2144bfe7964e51,RGB,,,,ui,"[""cams-ui""]",unknown,reproducible-with-existing-framework,CAMS UI visibly matches production QML; docs describe subject. No exact registered filename/workflow. Documentation-like styling alone does not establish docshot provenance.,False,,,,,,[],,partially-semantic,01-dhcp-pool-form.png,used,1,True,False,False,False,ui-legacy,documentation_assets/ui-legacy/,medium,high,low,medium,"Visual inspection of full inventory contact sheets; source/caption context cross-checked. Reproducibility is static source capability, not a successful rendering test.",
00_book/figures/gui/chapter-19/02-dhcp-server-overview.png,02-dhcp-server-overview.png,.png,151672,2502,1746,1.43299,87819b297a88d60d364fa8154692d2f4bb4b3af92395869cd5cf5754b132083a,RGB,,,,ui,"[""cams-ui""]",unknown,reproducible-with-existing-framework,CAMS UI visibly matches production QML; docs describe subject. No exact registered filename/workflow. Documentation-like styling alone does not establish docshot provenance.,False,,,,,,[],,partially-semantic,02-dhcp-server-overview.png,possibly-used,0,False,False,False,False,ui-legacy,documentation_assets/ui-legacy/,medium,high,low,medium,"Visual inspection of full inventory contact sheets; source/caption context cross-checked. Reproducibility is static source capability, not a successful rendering test.",
00_book/figures/gui/chapter-19/03-dhcp-server-view-push.png,03-dhcp-server-view-push.png,.png,103723,1816,1376,1.319767,383298790e2b2384d6268079de27b915b7d139ab2228591464748266cbc0b469,RGB,,,,ui,"[""cams-ui""]",unknown,reproducible-with-existing-framework,CAMS UI visibly matches production QML; docs describe subject. No exact registered filename/workflow. Documentation-like styling alone does not establish docshot provenance.,False,,,,,,[],,partially-semantic,03-dhcp-server-view-push.png,used,1,True,False,False,False,ui-legacy,documentation_assets/ui-legacy/,medium,high,low,medium,"Visual inspection of full inventory contact sheets; source/caption context cross-checked. Reproducibility is static source capability, not a successful rendering test.",
00_book/figures/gui/chapter-19/04-dhcp-relay-form.png,04-dhcp-relay-form.png,.png,27353,1000,1366,0.732064,1ef568cec41217727e17e4ab7790ab81626609e8d5fdd737a90c750ab533d75f,RGB,,,,ui,"[""cams-ui""]",unknown,reproducible-with-existing-framework,CAMS UI visibly matches production QML; docs describe subject. No exact registered filename/workflow. Documentation-like styling alone does not establish docshot provenance.,False,,,,,,[],,partially-semantic,04-dhcp-relay-form.png,used,1,True,False,False,False,ui-legacy,documentation_assets/ui-legacy/,medium,high,low,medium,"Visual inspection of full inventory contact sheets; source/caption context cross-checked. Reproducibility is static source capability, not a successful rendering test.",
00_book/figures/gui/chapter-19/05-dhcp-relay-view-push.png,05-dhcp-relay-view-push.png,.png,58573,1816,1376,1.319767,83f237120029d3266c4eaebde7250df405f7f3e0cd336ff2b768ae523704d65f,RGB,,,,ui,"[""cams-ui""]",unknown,reproducible-with-existing-framework,CAMS UI visibly matches production QML; docs describe subject. No exact registered filename/workflow. Documentation-like styling alone does not establish docshot provenance.,False,,,,,,[],,partially-semantic,05-dhcp-relay-view-push.png,used,1,True,False,False,False,ui-legacy,documentation_assets/ui-legacy/,medium,high,low,medium,"Visual inspection of full inventory contact sheets; source/caption context cross-checked. Reproducibility is static source capability, not a successful rendering test.",
00_book/figures/gui/chapter-19/06-acl-extended-form.png,06-acl-extended-form.png,.png,95424,1000,1486,0.672948,7e1632315b0e4e4a57875fe5d7e945e9e8576522109db47e46957393c89a322e,RGB,,,,ui,"[""cams-ui""]",unknown,reproducible-with-existing-framework,CAMS UI visibly matches production QML; docs describe subject. No exact registered filename/workflow. Documentation-like styling alone does not establish docshot provenance.,False,,,,,,[],,partially-semantic,06-acl-extended-form.png,used,1,True,False,False,False,ui-legacy,documentation_assets/ui-legacy/,medium,high,low,medium,"Visual inspection of full inventory contact sheets; source/caption context cross-checked. Reproducibility is static source capability, not a successful rendering test.",
00_book/figures/gui/chapter-19/07-acl-bindings.png,07-acl-bindings.png,.png,129568,2502,1746,1.43299,56c41fcac5c3fdbd48f9494b784725b0f378c68395b1291ff0c0580e6a3001ae,RGB,,,,ui,"[""cams-ui""]",unknown,reproducible-with-existing-framework,CAMS UI visibly matches production QML; docs describe subject. No exact registered filename/workflow. Documentation-like styling alone does not establish docshot provenance.,False,,,,,,[],,partially-semantic,07-acl-bindings.png,used,1,True,False,False,False,ui-legacy,documentation_assets/ui-legacy/,medium,high,low,medium,"Visual inspection of full inventory contact sheets; source/caption context cross-checked. Reproducibility is static source capability, not a successful rendering test.",
00_book/figures/gui/chapter-19/08-acl-view-push.png,08-acl-view-push.png,.png,93521,1816,1376,1.319767,b9ba271648c09b02f828ab7ebf1f5f440bcb3d5e7dfd3a58bdfedf9afb6dda15,RGB,,,,ui,"[""cams-ui""]",unknown,reproducible-with-existing-framework,CAMS UI visibly matches production QML; docs describe subject. No exact registered filename/workflow. Documentation-like styling alone does not establish docshot provenance.,False,,,,,,[],,partially-semantic,08-acl-view-push.png,used,1,True,False,False,False,ui-legacy,documentation_assets/ui-legacy/,medium,high,low,medium,"Visual inspection of full inventory contact sheets; source/caption context cross-checked. Reproducibility is static source capability, not a successful rendering test.",
00_book/figures/gui/devices.png,devices.png,.png,143569,3200,2000,1.6,9758acbbd2cc2d88226208f379aee912bb2cdf3e0b4df38654260aab660a994b,RGB,,,,ui,"[""cams-ui""]",docshot-confirmed,reproducible-now,"Exact current generator filename: docshots/runtime.py; docshots/shots.py registry; tests/test_docshots.py. Filename confirms supported shot, not byte-for-byte historical generation. CLI destination mismatch: docshots/cli.py:20-21,81-84.",False,,,,,,[],,semantic,devices.png,possibly-used,0,False,False,False,False,ui-docshot,documentation_assets/ui-docshot/,high,high,high,high,"Visual inspection of full inventory contact sheets; source/caption context cross-checked. Reproducibility is static source capability, not a successful rendering test.",
00_book/figures/gui/vlan/01-select-switch.png,01-select-switch.png,.png,148853,3200,2000,1.6,cf24a7fbbba46d9088dd5f5da5edaf35d7fdeeaeb5c8d34f49000f6aa7163d0f,RGB,,,,ui,"[""cams-ui""]",docshot-confirmed,reproducible-now,"Exact current generator filename: docshots/runtime.py; docshots/shots.py registry; tests/test_docshots.py. Filename confirms supported shot, not byte-for-byte historical generation. CLI destination mismatch: docshots/cli.py:20-21,81-84.",False,,,,,,[],,partially-semantic,01-select-switch.png,possibly-used,0,False,False,False,False,ui-docshot,documentation_assets/ui-docshot/,high,high,high,high,"Visual inspection of full inventory contact sheets; source/caption context cross-checked. Reproducibility is static source capability, not a successful rendering test.",
00_book/figures/gui/vlan/02-open-vlan.png,02-open-vlan.png,.png,248053,3200,2000,1.6,9336953482ba9a73b1acf80c46f4298e5603690cf2314e7815910a72e5976ba1,RGB,,,,ui,"[""cams-ui""]",docshot-confirmed,reproducible-now,"Exact current generator filename: docshots/runtime.py; docshots/shots.py registry; tests/test_docshots.py. Filename confirms supported shot, not byte-for-byte historical generation. CLI destination mismatch: docshots/cli.py:20-21,81-84.",False,,,,,,[],,partially-semantic,02-open-vlan.png,possibly-used,0,False,False,False,False,ui-docshot,documentation_assets/ui-docshot/,high,high,high,high,"Visual inspection of full inventory contact sheets; source/caption context cross-checked. Reproducibility is static source capability, not a successful rendering test.",
00_book/figures/gui/vlan/03-add-vlan.png,03-add-vlan.png,.png,245861,3200,2000,1.6,ae54201903b5b6ad52fe46b17a44f17b263c376181327f0e2cf96a414e2de519,RGB,,,,ui,"[""cams-ui""]",docshot-confirmed,reproducible-now,"Exact current generator filename: docshots/runtime.py; docshots/shots.py registry; tests/test_docshots.py. Filename confirms supported shot, not byte-for-byte historical generation. CLI destination mismatch: docshots/cli.py:20-21,81-84.",False,,,,,,[],,partially-semantic,03-add-vlan.png,possibly-used,0,False,False,False,False,ui-docshot,documentation_assets/ui-docshot/,high,high,high,high,"Visual inspection of full inventory contact sheets; source/caption context cross-checked. Reproducibility is static source capability, not a successful rendering test.",
00_book/figures/gui/vlan/04-vlan-id.png,04-vlan-id.png,.png,245242,3200,2000,1.6,02e61c1ccee536d42960238aad6ac5e64a616a1daa1e2f5a42199f397d380409,RGB,,,,ui,"[""cams-ui""]",docshot-confirmed,reproducible-now,"Exact current generator filename: docshots/runtime.py; docshots/shots.py registry; tests/test_docshots.py. Filename confirms supported shot, not byte-for-byte historical generation. CLI destination mismatch: docshots/cli.py:20-21,81-84.",False,,,,,,[],,partially-semantic,04-vlan-id.png,possibly-used,0,False,False,False,False,ui-docshot,documentation_assets/ui-docshot/,high,high,high,high,"Visual inspection of full inventory contact sheets; source/caption context cross-checked. Reproducibility is static source capability, not a successful rendering test.",
00_book/figures/gui/vlan/05-vlan-name.png,05-vlan-name.png,.png,240283,3200,2000,1.6,62af2f6273b62e6de8d5410c47369479ca15680ec039a53958d4c787eaf2bf3b,RGB,,,,ui,"[""cams-ui""]",docshot-confirmed,reproducible-now,"Exact current generator filename: docshots/runtime.py; docshots/shots.py registry; tests/test_docshots.py. Filename confirms supported shot, not byte-for-byte historical generation. CLI destination mismatch: docshots/cli.py:20-21,81-84.",False,,,,,,[],,partially-semantic,05-vlan-name.png,possibly-used,0,False,False,False,False,ui-docshot,documentation_assets/ui-docshot/,high,high,high,high,"Visual inspection of full inventory contact sheets; source/caption context cross-checked. Reproducibility is static source capability, not a successful rendering test.",
00_book/figures/gui/vlan/06-vlan-state.png,06-vlan-state.png,.png,238998,3200,2000,1.6,759ea094c1dce98a65151510dc7f8851f6446f4eda8bb8e459a050d4e31cebf9,RGB,,,,ui,"[""cams-ui""]",docshot-confirmed,reproducible-now,"Exact current generator filename: docshots/runtime.py; docshots/shots.py registry; tests/test_docshots.py. Filename confirms supported shot, not byte-for-byte historical generation. CLI destination mismatch: docshots/cli.py:20-21,81-84.",False,,,,,,[],,partially-semantic,06-vlan-state.png,possibly-used,0,False,False,False,False,ui-docshot,documentation_assets/ui-docshot/,high,high,high,high,"Visual inspection of full inventory contact sheets; source/caption context cross-checked. Reproducibility is static source capability, not a successful rendering test.",
00_book/figures/gui/vlan/07-ready-to-save.png,07-ready-to-save.png,.png,240282,3200,2000,1.6,0a7c7eb72b86f96cb068603b514b0b6ba2f8a645069ce9a7de8e3f25aeaf8db3,RGB,,,,ui,"[""cams-ui""]",docshot-confirmed,reproducible-now,"Exact current generator filename: docshots/runtime.py; docshots/shots.py registry; tests/test_docshots.py. Filename confirms supported shot, not byte-for-byte historical generation. CLI destination mismatch: docshots/cli.py:20-21,81-84.",False,,,,,,[],,partially-semantic,07-ready-to-save.png,possibly-used,0,False,False,False,False,ui-docshot,documentation_assets/ui-docshot/,high,high,high,high,"Visual inspection of full inventory contact sheets; source/caption context cross-checked. Reproducibility is static source capability, not a successful rendering test.",
00_book/figures/gui/vlan/08-vlan-created.png,08-vlan-created.png,.png,263647,3200,2000,1.6,90db856f56f03644217919c723cb628473bf45f8c5ae8d9c3a62ed5f38b5cba2,RGB,,,,ui,"[""cams-ui""]",docshot-confirmed,reproducible-now,"Exact current generator filename: docshots/runtime.py; docshots/shots.py registry; tests/test_docshots.py. Filename confirms supported shot, not byte-for-byte historical generation. CLI destination mismatch: docshots/cli.py:20-21,81-84.",False,,,,,,[],,partially-semantic,08-vlan-created.png,possibly-used,0,False,False,False,False,ui-docshot,documentation_assets/ui-docshot/,high,high,high,high,"Visual inspection of full inventory contact sheets; source/caption context cross-checked. Reproducibility is static source capability, not a successful rendering test.",
00_book/figures/gui/vlan/09-view-preview.png,09-view-preview.png,.png,69183,3200,2000,1.6,e7ef4353aad6cb2ec90cd6177c8dedbec9a8fc87d85a833ff459058659379264,RGB,,,,ui,"[""cams-ui""]",docshot-confirmed,reproducible-now,"Exact current generator filename: docshots/runtime.py; docshots/shots.py registry; tests/test_docshots.py. Filename confirms supported shot, not byte-for-byte historical generation. CLI destination mismatch: docshots/cli.py:20-21,81-84.",False,,,,,,[],,partially-semantic,09-view-preview.png,possibly-used,0,False,False,False,False,ui-docshot,documentation_assets/ui-docshot/,high,high,high,high,"Visual inspection of full inventory contact sheets; source/caption context cross-checked. Reproducibility is static source capability, not a successful rendering test.",
00_book/figures/gui/welcome.png,welcome.png,.png,182441,3200,2000,1.6,392902698e7ce8906d3a61a93fad0fdf5b1e59e33569de56ee4343a38474a8e2,RGB,,,,ui,"[""cams-ui""]",docshot-confirmed,reproducible-now,"Exact current generator filename: docshots/runtime.py; docshots/shots.py registry; tests/test_docshots.py. Filename confirms supported shot, not byte-for-byte historical generation. CLI destination mismatch: docshots/cli.py:20-21,81-84.",False,,,,,,[],,semantic,welcome.png,possibly-used,0,False,False,False,False,ui-docshot,documentation_assets/ui-docshot/,high,high,high,high,"Visual inspection of full inventory contact sheets; source/caption context cross-checked. Reproducibility is static source capability, not a successful rendering test.",
00_book/figures/gui/workspace.png,workspace.png,.png,148276,3200,2000,1.6,a5cfe6a96859e0c75538c80c30f3446c7b4fcbb472fde5dd584ec1515ddfd2a5,RGB,,,,ui,"[""cams-ui""]",docshot-confirmed,reproducible-now,"Exact current generator filename: docshots/runtime.py; docshots/shots.py registry; tests/test_docshots.py. Filename confirms supported shot, not byte-for-byte historical generation. CLI destination mismatch: docshots/cli.py:20-21,81-84.",False,,,,,,[],,semantic,workspace.png,possibly-used,0,False,False,False,False,ui-docshot,documentation_assets/ui-docshot/,high,high,high,high,"Visual inspection of full inventory contact sheets; source/caption context cross-checked. Reproducibility is static source capability, not a successful rendering test.",
00_book/figures/icons/logo.svg,logo.svg,.svg,10068,900.0,900.0,1.0,682fd9b406a46e6a2f6bf0f5e5fdfd47a16e7bc7768f1f149ea49d5b0c4424b4,,0 0 900 900,900px,900px,logo-icon,[],,,,False,,,,True,,[],,semantic,logo.svg,used,2,False,False,False,True,logo-icon,documentation_assets/logo-icon/,high,high,,,Visual inspection of full inventory contact sheets; source/caption context cross-checked.,
00_book/figures/icons/ptit-logo.svg,ptit-logo.svg,.svg,39315,1000.0,1000.0,1.0,93a30384e825e1b4754e1d636ecfbacfb8658bcb98456aa9d7dc0550781f4646,,0 0 1000 1000,1000px,1000px,logo-icon,"[""hybrid-svg""]",,,,False,,,,False,,[],,semantic,ptit-logo.svg,orphan,0,False,False,False,False,logo-icon,documentation_assets/logo-icon/,high,high,,,Visual inspection of full inventory contact sheets; source/caption context cross-checked. SVG contains 1 raster image elements; Qt SVG preview may omit some embedded icons; hybrid source is not pure vector.,
00_book/figures/report/appendix/project-structure.svg,project-structure.svg,.svg,20056,1000.0,1440.0,0.694444,d365ab66b9ed3d75b0707b99aeadd8654f4ac392c17d2ec0dd17b573781ff7da,,0 0 1000 1440,1000,1440,architecture-diagram,[],,,,False,,,,True,,[],,semantic,project-structure.svg,used,1,False,False,True,False,diagram-architecture,documentation_assets/diagram-architecture/,high,high,,,Visual inspection of full inventory contact sheets; source/caption context cross-checked.,
00_book/figures/report/diagrams/01_pipeline_automation.svg,01_pipeline_automation.svg,.svg,70658,700.0,240.0,2.916667,3195c12010c7ae0d2e21ad167f97c16f92b90cc6fe9e74cff369a9ce84fa8cb8,,0 0 700 240,700,240,workflow-diagram,[],,,,False,,,,True,,[],,partially-semantic,01-pipeline-automation.svg,orphan,0,False,False,False,False,diagram-workflow,documentation_assets/diagram-workflow/,high,high,,,Visual inspection of full inventory contact sheets; source/caption context cross-checked.,
00_book/figures/report/diagrams/02_state_flow.svg,02_state_flow.svg,.svg,9688,940.0,260.0,3.615385,bb2e39cf56422866dee5953a1bd156683bc3de3cdfa3a6150f0fa4e837f39e09,,0 0 940 260,,,workflow-diagram,[],,,,False,,,,True,,[],,partially-semantic,02-state-flow.svg,used,1,False,False,True,False,diagram-workflow,documentation_assets/diagram-workflow/,high,high,,,Visual inspection of full inventory contact sheets; source/caption context cross-checked.,
00_book/figures/report/diagrams/03_cli_modes.svg,03_cli_modes.svg,.svg,3232,520.0,322.0,1.614907,36cb622dc36176dd5ce5dbb711f6bac4a6aa923bb8aea6995b697561a090f8bb,,0 0 520 322,,,workflow-diagram,[],,,,False,,,,True,,[],,partially-semantic,03-cli-modes.svg,orphan,0,False,False,False,False,diagram-workflow,documentation_assets/diagram-workflow/,high,high,,,Visual inspection of full inventory contact sheets; source/caption context cross-checked.,
00_book/figures/report/diagrams/04_ssh_connection.svg,04_ssh_connection.svg,.svg,59778,900.0,300.0,3.0,a3399f73db7f12a91049884ea393af24226f90c2fb7de2745fe0594b3b365b71,,0 0 900 300,900,300,architecture-diagram,[],,,,False,,,,True,,[],,partially-semantic,04-ssh-connection.svg,orphan,0,False,False,False,False,diagram-architecture,documentation_assets/diagram-architecture/,high,high,,,Visual inspection of full inventory contact sheets; source/caption context cross-checked.,
00_book/figures/report/diagrams/05_session_lifecycle.svg,05_session_lifecycle.svg,.svg,2551,570.0,264.0,2.159091,da01ad6b25b426a5c509d80dd18440069dfe5c9a6f134a6b81e832cd38173127,,0 0 570 264,,,workflow-diagram,[],,,,False,,,,True,,[],,partially-semantic,05-session-lifecycle.svg,orphan,0,False,False,False,False,diagram-workflow,documentation_assets/diagram-workflow/,high,high,,,Visual inspection of full inventory contact sheets; source/caption context cross-checked.,
00_book/figures/report/diagrams/06_dhcp_dora.svg,06_dhcp_dora.svg,.svg,2450,480.0,300.0,1.6,dd2126790f3ea0000f4416d765e5cd0d1c94765601a4bde1ebf49e08f1a446f4,,0 0 480 300,,,workflow-diagram,[],,,,False,,,,True,,[],,partially-semantic,06-dhcp-dora.svg,orphan,0,False,False,False,False,diagram-workflow,documentation_assets/diagram-workflow/,high,high,,,Visual inspection of full inventory contact sheets; source/caption context cross-checked.,
00_book/figures/report/diagrams/07_ospf_area.png,07_ospf_area.png,.png,374316,1185,690,1.717391,dea09ba6f077a224486145c079a7a7499f1f8115937021ff7bd4673ee7804b13,RGB,,,,network-diagram,[],,,,False,,,,,,[],different-content,partially-semantic,07-ospf-area.png,orphan,0,False,False,False,False,diagram-network,documentation_assets/diagram-network/,high,high,,,Visual inspection of full inventory contact sheets; source/caption context cross-checked. Same subject/name vector comparison: different-content. No exporter provenance found; not classified derivative-raster.,
00_book/figures/report/diagrams/07_ospf_area.svg,07_ospf_area.svg,.svg,1582,460.0,220.0,2.090909,f80af3b8cd4e8d1af5287f3d9f0e39116d3d6c4faf583cd517e0c07b7128dca4,,0 0 460 220,,,network-diagram,[],,,,False,,,,True,,[],different-content,partially-semantic,07-ospf-area.svg,orphan,0,False,False,False,False,diagram-network,documentation_assets/diagram-network/,high,high,,,Visual inspection of full inventory contact sheets; source/caption context cross-checked.,
00_book/figures/report/diagrams/08_acl_packet_flow.jpg,08_acl_packet_flow.jpg,.jpg,35844,780,575,1.356522,40a0fa5ad7b02350772deebba6cb38f630e799c083ddb58f17ba0de0836cd323,RGB,,,,workflow-diagram,[],,,,False,,,,,,[],different-content,partially-semantic,08-acl-packet-flow.jpg,orphan,0,False,False,False,False,diagram-workflow,documentation_assets/diagram-workflow/,high,high,,,Visual inspection of full inventory contact sheets; source/caption context cross-checked. Same subject/name vector comparison: different-content. No exporter provenance found; not classified derivative-raster.,
00_book/figures/report/diagrams/08_acl_packet_flow.svg,08_acl_packet_flow.svg,.svg,21606,680.0,570.0,1.192982,4bed4ebe3db618336b4da32c3be430d5de0a281cd970c48375409b1571bf24af,,0 0 680 570,100%,,workflow-diagram,[],,,,False,,,,True,,[],different-content,partially-semantic,08-acl-packet-flow.svg,orphan,0,False,False,False,False,diagram-workflow,documentation_assets/diagram-workflow/,high,high,,,Visual inspection of full inventory contact sheets; source/caption context cross-checked.,
00_book/figures/report/diagrams/09_nat_pat.svg,09_nat_pat.svg,.svg,63011,461.512,134.413,3.433537,cecbbe82c940626672f57e8a8344282a56cbe902743eb9028f4a5805389b580a,,0 0 461.512 134.413,6.40988in,1.86685in,network-diagram,[],,,,False,,,,True,,[],,partially-semantic,09-nat-pat.svg,orphan,0,False,False,False,False,diagram-network,documentation_assets/diagram-network/,high,high,,,Visual inspection of full inventory contact sheets; source/caption context cross-checked.,
00_book/figures/report/diagrams/10_fhrp_gateway.svg,10_fhrp_gateway.svg,.svg,1514,340.0,200.0,1.7,b48ca1d3c3b8eb0a7a0e4e6d9e10abd47aede5d9445fed505f4b33acba0ae997,,0 0 340 200,,,network-diagram,[],,,,False,,,,True,,[],,partially-semantic,10-fhrp-gateway.svg,orphan,0,False,False,False,False,diagram-network,documentation_assets/diagram-network/,high,high,,,Visual inspection of full inventory contact sheets; source/caption context cross-checked.,
00_book/figures/report/diagrams/11_db_schema.svg,11_db_schema.svg,.svg,2744,520.0,216.0,2.407407,ec321d390306fca80952cbe45b4ff676041957ba5c6918a4723867603c7cffe5,,0 0 520 216,,,database-diagram,[],,,,False,,,,True,,[],,partially-semantic,11-db-schema.svg,orphan,0,False,False,False,False,diagram-database,documentation_assets/diagram-database/,high,high,,,Visual inspection of full inventory contact sheets; source/caption context cross-checked.,
00_book/figures/report/diagrams/12_netmiko_stack.svg,12_netmiko_stack.svg,.svg,1705,340.0,350.0,0.971429,9d7ef6efe57fe4eec73b6bd4e547a0c1d98beb20154371aae7eab9999850260a,,0 0 340 350,,,architecture-diagram,[],,,,False,,,,True,,[],,partially-semantic,12-netmiko-stack.svg,orphan,0,False,False,False,False,diagram-architecture,documentation_assets/diagram-architecture/,high,high,,,Visual inspection of full inventory contact sheets; source/caption context cross-checked.,
00_book/figures/report/diagrams/13_qtquick_tree.svg,13_qtquick_tree.svg,.svg,2253,480.0,216.0,2.222222,4f9d0f2f6c38b9b0ad69ac6e13a06ab500642be1bc1b5274a86e856340796ae8,,0 0 480 216,,,architecture-diagram,[],,,,False,,,,True,,[],,partially-semantic,13-qtquick-tree.svg,orphan,0,False,False,False,False,diagram-architecture,documentation_assets/diagram-architecture/,high,high,,,Visual inspection of full inventory contact sheets; source/caption context cross-checked.,
00_book/figures/report/diagrams/14_qml_signal_slot.svg,14_qml_signal_slot.svg,.svg,1585,360.0,300.0,1.2,49b008c962334736a8b04316d9153dee4fb96ab4ad3685812372b0e5dacfd10b,,0 0 360 300,,,architecture-diagram,[],,,,False,,,,True,,[],,partially-semantic,14-qml-signal-slot.svg,orphan,0,False,False,False,False,diagram-architecture,documentation_assets/diagram-architecture/,high,high,,,Visual inspection of full inventory contact sheets; source/caption context cross-checked.,
00_book/figures/report/diagrams/15_ui_thread_workers.svg,15_ui_thread_workers.svg,.svg,1923,420.0,206.0,2.038835,56885763ba043a60d013a532dcaace27eb90ef3cb5fff4574deb35b1f815d7b5,,0 0 420 206,,,architecture-diagram,[],,,,False,,,,True,,[],,partially-semantic,15-ui-thread-workers.svg,orphan,0,False,False,False,False,diagram-architecture,documentation_assets/diagram-architecture/,high,high,,,Visual inspection of full inventory contact sheets; source/caption context cross-checked.,
00_book/figures/report/diagrams/16_host_lock.svg,16_host_lock.svg,.svg,1360,360.0,156.0,2.307692,a064764606773503177710294dc73cc2571cf890368f60ef3b54ffccc9fa128d,,0 0 360 156,,,architecture-diagram,[],,,,False,,,,True,,[],,partially-semantic,16-host-lock.svg,orphan,0,False,False,False,False,diagram-architecture,documentation_assets/diagram-architecture/,high,high,,,Visual inspection of full inventory contact sheets; source/caption context cross-checked.,
00_book/figures/report/diagrams/17_serialize_parallel.svg,17_serialize_parallel.svg,.svg,2586,440.0,220.0,2.0,0e6d558baf42544be512c7f330d7674cf27fdeaa3afaea67a8763f8d4e016733,,0 0 440 220,,,workflow-diagram,[],,,,False,,,,True,,[],,partially-semantic,17-serialize-parallel.svg,orphan,0,False,False,False,False,diagram-workflow,documentation_assets/diagram-workflow/,high,high,,,Visual inspection of full inventory contact sheets; source/caption context cross-checked.,
00_book/figures/report/diagrams/18_syslog_pipeline.svg,18_syslog_pipeline.svg,.svg,2123,900.0,150.0,6.0,b838b6a36efb9dcf9649e981fddc7a81ac3407593c55e154d6499f8b42e05157,,0 0 900 150,,,workflow-diagram,[],,,,False,,,,True,,[],,partially-semantic,18-syslog-pipeline.svg,orphan,0,False,False,False,False,diagram-workflow,documentation_assets/diagram-workflow/,high,high,,,Visual inspection of full inventory contact sheets; source/caption context cross-checked.,
00_book/figures/report/diagrams/19_testing_flow_a.svg,19_testing_flow_a.svg,.svg,1365,570.0,148.0,3.851351,832ad6644fb2d061ffeba2530bc896d9bde01b3e8aa94523f0fe7f0c640454f7,,0 0 570 148,,,workflow-diagram,[],,,,False,,,,True,,[],,partially-semantic,19-testing-flow-a.svg,orphan,0,False,False,False,False,diagram-workflow,documentation_assets/diagram-workflow/,high,high,,,Visual inspection of full inventory contact sheets; source/caption context cross-checked.,
00_book/figures/report/diagrams/20_testing_flow_b.svg,20_testing_flow_b.svg,.svg,1363,570.0,148.0,3.851351,dd0df982429289ced4144dd67d10b0e05cbca30a9cf8c634632c16541754a211,,0 0 570 148,,,workflow-diagram,[],,,,False,,,,True,,[],,partially-semantic,20-testing-flow-b.svg,orphan,0,False,False,False,False,diagram-workflow,documentation_assets/diagram-workflow/,high,high,,,Visual inspection of full inventory contact sheets; source/caption context cross-checked.,
00_book/figures/report/diagrams/21_lab_test_flow.svg,21_lab_test_flow.svg,.svg,2473,380.0,522.0,0.727969,157f7c29cecc337f5e66cc07fda35a7662ee3da69f17f005861c4e3001a825f2,,0 0 380 522,,,workflow-diagram,[],,,,False,,,,True,,[],,partially-semantic,21-lab-test-flow.svg,orphan,0,False,False,False,False,diagram-workflow,documentation_assets/diagram-workflow/,high,high,,,Visual inspection of full inventory contact sheets; source/caption context cross-checked.,
00_book/figures/report/diagrams/22_architecture_overview.svg,22_architecture_overview.svg,.svg,4308,620.0,574.0,1.080139,d106f9418af8eb1cfbd4f94c49c5a1a473ab0c33191b7983db7e0bb102b3ade8,,0 0 620 574,,,architecture-diagram,[],,,,False,,,,True,,[],,partially-semantic,22-architecture-overview.svg,used,1,False,False,True,False,diagram-architecture,documentation_assets/diagram-architecture/,high,high,,,Visual inspection of full inventory contact sheets; source/caption context cross-checked.,
00_book/figures/report/diagrams/Etherchannel.jpg,Etherchannel.jpg,.jpg,26050,600,600,1.0,14f22ddd7e0e43dc1ea6424974709d62308c5aca2f57bb088747475cd4f3003d,RGB,,,,network-diagram,[],,,,False,,,,,,[],,partially-semantic,etherchannel.jpg,orphan,0,False,False,False,False,diagram-network,documentation_assets/diagram-network/,high,high,,,Visual inspection of full inventory contact sheets; source/caption context cross-checked.,
00_book/figures/report/diagrams/LAB_2-report.png,LAB_2-report.png,.png,864373,6914,4560,1.516228,afc05beaf1831559eea82e2289614826202267d50014adc562ba6d4c59230f9b,RGB,,,,network-diagram,[],,,,False,,,,,,[],uncertain,partially-semantic,lab-2-report.png,used,1,False,False,True,False,diagram-network,documentation_assets/diagram-network/,high,high,,,Visual inspection of full inventory contact sheets; source/caption context cross-checked. Same subject/name vector comparison: uncertain. No exporter provenance found; not classified derivative-raster.,
00_book/figures/report/diagrams/LAB_2.svg,LAB_2.svg,.svg,101489,6914.0,4560.0,1.516228,6326172229c7292d4311e33d451c4d8742b114a42461eea014cd86651ccd86e9,,0 0 6914 4560,6914,4560,network-diagram,[],,,,False,,,,True,,"[""00_book/figures/report/diagrams/LAB_2-report.png""]",uncertain,partially-semantic,lab-2.svg,orphan,0,False,False,False,False,diagram-network,documentation_assets/diagram-network/,high,high,,,Visual inspection of full inventory contact sheets; source/caption context cross-checked.,
00_book/figures/report/diagrams/LAB_KICH_BAN_1.svg,LAB_KICH_BAN_1.svg,.svg,86134,3258.0,2998.0,1.086724,e1cb07210d48c59fb0c201785e4cfa06c6eefedbf6f7ad3168782dcb74dc1bb8,,0 0 3258 2998,3258px,2998px,network-diagram,[],,,,False,,,,True,,[],,partially-semantic,lab-kich-ban-1.svg,used,1,False,False,True,False,diagram-network,documentation_assets/diagram-network/,high,high,,,Visual inspection of full inventory contact sheets; source/caption context cross-checked.,
00_book/figures/report/diagrams/STP.jpg,STP.jpg,.jpg,87661,1015,506,2.005929,3fd4b632264b567cf9f32bad3669021d5d94231fd7b79a00e8cfc9d990125a98,RGB,,,,network-diagram,[],,,,False,,,,,,[],,partially-semantic,stp.jpg,orphan,0,False,False,False,False,diagram-network,documentation_assets/diagram-network/,high,high,,,Visual inspection of full inventory contact sheets; source/caption context cross-checked.,
00_book/figures/report/diagrams/VTP.jpg,VTP.jpg,.jpg,75544,900,450,2.0,7d0492e745c74fbf8c8aaadd6d1489430cfbcfcb533a20cd2cb58f776e9f3fbf,RGB,,,,network-diagram,[],,,,False,,,,,,[],,partially-semantic,vtp.jpg,orphan,0,False,False,False,False,diagram-network,documentation_assets/diagram-network/,high,high,,,Visual inspection of full inventory contact sheets; source/caption context cross-checked.,
00_book/figures/report/diagrams/dhcp-snooping.jpg,dhcp-snooping.jpg,.jpg,78140,700,400,1.75,486f0fb4c8afc061d1855421c82cc44c3f4b73b57293e1a9a39af7a6b20f7d7f,RGB,,,,network-diagram,[],,,,False,,,,,,[],,semantic,dhcp-snooping.jpg,orphan,0,False,False,False,False,diagram-network,documentation_assets/diagram-network/,high,high,,,Visual inspection of full inventory contact sheets; source/caption context cross-checked.,
00_book/figures/report/diagrams/dhcp_dora.png,dhcp_dora.png,.png,42457,781,399,1.957393,58934859e6675f6a5c0cad8224296397aea97588cc708a8b0f38d1fcdb53c6fa,RGBA,,,,workflow-diagram,[],,,,False,,,,,,[],,partially-semantic,dhcp-dora.png,orphan,0,False,False,False,False,diagram-workflow,documentation_assets/diagram-workflow/,high,high,,,Visual inspection of full inventory contact sheets; source/caption context cross-checked.,
00_book/figures/report/diagrams/fhrp-nat-dhcp-lab/01-nat-interfaces.png,01-nat-interfaces.png,.png,117142,1918,1016,1.887795,8d1a2348fe89613f32a92efa57f41ab01f4384ff1da086f453f5fb5d21355ca8,RGBA,,,,ui,"[""lab-original-capture"", ""cams-ui"", ""preserve-original""]",manual-screenshot-probable,requires-new-docshot-workflow,"Visible OS window decorations/desktop, live lab device state or screenshot crop; report lab captions; no matching registered workflow in docshots/cli.py or shot registry.",True,uncertain,acceptable,acceptable,,,[],,partially-semantic,01-nat-interfaces.png,used,1,False,False,True,False,ui-legacy,documentation_assets/ui-legacy/,medium,high,medium,medium,"Visual inspection of full inventory contact sheets; source/caption context cross-checked. Reproducibility is static source capability, not a successful rendering test.",Presumed original experimental capture; chain of custody not independently verified.
00_book/figures/report/diagrams/fhrp-nat-dhcp-lab/02-nat-acl.png,02-nat-acl.png,.png,114706,1918,1016,1.887795,699c2c2f491c06117029ab2f28a0224c223f546b01e2f781a57ce12198bb8435,RGBA,,,,ui,"[""lab-original-capture"", ""cams-ui"", ""preserve-original""]",manual-screenshot-probable,requires-new-docshot-workflow,"Visible OS window decorations/desktop, live lab device state or screenshot crop; report lab captions; no matching registered workflow in docshots/cli.py or shot registry.",True,uncertain,acceptable,acceptable,,,[],,partially-semantic,02-nat-acl.png,used,1,False,False,True,False,ui-legacy,documentation_assets/ui-legacy/,medium,high,medium,medium,"Visual inspection of full inventory contact sheets; source/caption context cross-checked. Reproducibility is static source capability, not a successful rendering test.",Presumed original experimental capture; chain of custody not independently verified.
00_book/figures/report/diagrams/fhrp-nat-dhcp-lab/03-nat-config-preview.png,03-nat-config-preview.png,.png,51374,851,628,1.355096,4302dbda91b90c7c7a62366a7e2a26b4a2a5c5c51b5ed4c6884bc882745dd1c2,RGBA,,,,ui,"[""lab-original-capture"", ""cams-ui"", ""preserve-original""]",manual-screenshot-probable,requires-new-docshot-workflow,"Visible OS window decorations/desktop, live lab device state or screenshot crop; report lab captions; no matching registered workflow in docshots/cli.py or shot registry.",True,uncertain,acceptable,acceptable,,,[],,partially-semantic,03-nat-config-preview.png,used,1,False,False,True,False,ui-legacy,documentation_assets/ui-legacy/,medium,high,medium,medium,"Visual inspection of full inventory contact sheets; source/caption context cross-checked. Reproducibility is static source capability, not a successful rendering test.",Presumed original experimental capture; chain of custody not independently verified.
00_book/figures/report/diagrams/fhrp-nat-dhcp-lab/04-nat-pat.png,04-nat-pat.png,.png,124619,1920,1050,1.828571,6dc3e087c6352642b3bfb4b0b5de34df18901118ff9cf0ca8bb670cd5ab20c6e,RGBA,,,,ui,"[""lab-original-capture"", ""cams-ui"", ""preserve-original""]",manual-screenshot-probable,requires-new-docshot-workflow,"Visible OS window decorations/desktop, live lab device state or screenshot crop; report lab captions; no matching registered workflow in docshots/cli.py or shot registry.",True,uncertain,acceptable,acceptable,,,[],,partially-semantic,04-nat-pat.png,used,1,False,False,True,False,ui-legacy,documentation_assets/ui-legacy/,medium,high,medium,medium,"Visual inspection of full inventory contact sheets; source/caption context cross-checked. Reproducibility is static source capability, not a successful rendering test.",Presumed original experimental capture; chain of custody not independently verified.
00_book/figures/report/diagrams/fhrp-nat-dhcp-lab/05-nat-pat-preview.png,05-nat-pat-preview.png,.png,33549,849,629,1.349762,1e8bdabd2ba18e62ffd67d4eb748222bbe4b15639f95c83022f4a582f5c2800c,RGBA,,,,ui,"[""lab-original-capture"", ""cams-ui"", ""preserve-original""]",manual-screenshot-probable,requires-new-docshot-workflow,"Visible OS window decorations/desktop, live lab device state or screenshot crop; report lab captions; no matching registered workflow in docshots/cli.py or shot registry.",True,uncertain,acceptable,acceptable,,,[],,partially-semantic,05-nat-pat-preview.png,used,1,False,False,True,False,ui-legacy,documentation_assets/ui-legacy/,medium,high,medium,medium,"Visual inspection of full inventory contact sheets; source/caption context cross-checked. Reproducibility is static source capability, not a successful rendering test.",Presumed original experimental capture; chain of custody not independently verified.
00_book/figures/report/diagrams/fhrp-nat-dhcp-lab/06-nat-interface-verify.png,06-nat-interface-verify.png,.png,75510,612,1054,0.580645,0720dcfcc7a8e5b6c994d3531d90099d6d10684754df006bd25065e31de4b7df,RGBA,,,,terminal-evidence,"[""preserve-original""]",,,,True,yes,acceptable,acceptable,,,[],,partially-semantic,06-nat-interface-verify.png,used,1,False,False,True,False,evidence-terminal,documentation_assets/evidence-terminal/,high,high,,,Visual inspection of full inventory contact sheets; source/caption context cross-checked.,Presumed original experimental capture; chain of custody not independently verified.
00_book/figures/report/diagrams/fhrp-nat-dhcp-lab/07-nat-config-verify.png,07-nat-config-verify.png,.png,17073,966,250,3.864,5e8e630d1e29980bb5e517108e14486bbe83734bd9aa03704b5276aceefeb6eb,RGBA,,,,terminal-evidence,"[""preserve-original""]",,,,True,yes,acceptable,acceptable,,,[],,partially-semantic,07-nat-config-verify.png,used,1,False,False,True,False,evidence-terminal,documentation_assets/evidence-terminal/,high,high,,,Visual inspection of full inventory contact sheets; source/caption context cross-checked.,Presumed original experimental capture; chain of custody not independently verified.
00_book/figures/report/diagrams/fhrp-nat-dhcp-lab/08-glbp-setup.png,08-glbp-setup.png,.png,88131,1049,694,1.511527,08047607c73b07c299f8ae39765747ca346b31b9402ceed5f021c46a526419f4,RGBA,,,,ui,"[""lab-original-capture"", ""cams-ui"", ""preserve-original""]",manual-screenshot-probable,requires-new-docshot-workflow,"Visible OS window decorations/desktop, live lab device state or screenshot crop; report lab captions; no matching registered workflow in docshots/cli.py or shot registry.",True,uncertain,acceptable,acceptable,,,[],,partially-semantic,08-glbp-setup.png,used,1,False,False,True,False,ui-legacy,documentation_assets/ui-legacy/,medium,high,medium,medium,"Visual inspection of full inventory contact sheets; source/caption context cross-checked. Reproducibility is static source capability, not a successful rendering test.",Presumed original experimental capture; chain of custody not independently verified.
00_book/figures/report/diagrams/fhrp-nat-dhcp-lab/09-glbp-member-policy.png,09-glbp-member-policy.png,.png,146420,1036,863,1.200463,6e2622e687c2ec9a3f64445808a20f90a69454daf3cbfe538ad15c12d364e32a,RGBA,,,,ui,"[""lab-original-capture"", ""cams-ui"", ""preserve-original""]",manual-screenshot-probable,requires-new-docshot-workflow,"Visible OS window decorations/desktop, live lab device state or screenshot crop; report lab captions; no matching registered workflow in docshots/cli.py or shot registry.",True,uncertain,acceptable,acceptable,,,[],,partially-semantic,09-glbp-member-policy.png,used,1,False,False,True,False,ui-legacy,documentation_assets/ui-legacy/,medium,high,medium,medium,"Visual inspection of full inventory contact sheets; source/caption context cross-checked. Reproducibility is static source capability, not a successful rendering test.",Presumed original experimental capture; chain of custody not independently verified.
00_book/figures/report/diagrams/fhrp-nat-dhcp-lab/10-glbp-config-preview.png,10-glbp-config-preview.png,.png,91136,861,665,1.294737,79d0629dc4d1494339c143ad4d248febcfd16d826715982ae8b5f87886beb185,RGBA,,,,ui,"[""lab-original-capture"", ""cams-ui"", ""preserve-original""]",manual-screenshot-probable,requires-new-docshot-workflow,"Visible OS window decorations/desktop, live lab device state or screenshot crop; report lab captions; no matching registered workflow in docshots/cli.py or shot registry.",True,uncertain,acceptable,acceptable,,,[],,partially-semantic,10-glbp-config-preview.png,used,1,False,False,True,False,ui-legacy,documentation_assets/ui-legacy/,medium,high,medium,medium,"Visual inspection of full inventory contact sheets; source/caption context cross-checked. Reproducibility is static source capability, not a successful rendering test.",Presumed original experimental capture; chain of custody not independently verified.
00_book/figures/report/diagrams/fhrp-nat-dhcp-lab/11-dhcp-pool.png,11-dhcp-pool.png,.png,80974,1580,995,1.58794,c03293618d751e255d873678cad4f8c1f955c361fd37f74070b59cd8981b70fd,RGBA,,,,ui,"[""lab-original-capture"", ""cams-ui"", ""preserve-original""]",manual-screenshot-probable,requires-new-docshot-workflow,"Visible OS window decorations/desktop, live lab device state or screenshot crop; report lab captions; no matching registered workflow in docshots/cli.py or shot registry.",True,uncertain,acceptable,acceptable,,,[],,partially-semantic,11-dhcp-pool.png,used,1,False,False,True,False,ui-legacy,documentation_assets/ui-legacy/,medium,high,medium,medium,"Visual inspection of full inventory contact sheets; source/caption context cross-checked. Reproducibility is static source capability, not a successful rendering test.",Presumed original experimental capture; chain of custody not independently verified.
00_book/figures/report/diagrams/fhrp-nat-dhcp-lab/13-dhcp-config-preview.png,13-dhcp-config-preview.png,.png,35803,843,638,1.321317,bcd6702acfff472d037dc4ad00b86baf6d168ef2c49915245634d8613e7b4935,RGBA,,,,ui,"[""lab-original-capture"", ""cams-ui"", ""preserve-original""]",manual-screenshot-probable,requires-new-docshot-workflow,"Visible OS window decorations/desktop, live lab device state or screenshot crop; report lab captions; no matching registered workflow in docshots/cli.py or shot registry.",True,uncertain,acceptable,acceptable,,,[],,partially-semantic,13-dhcp-config-preview.png,used,1,False,False,True,False,ui-legacy,documentation_assets/ui-legacy/,medium,high,medium,medium,"Visual inspection of full inventory contact sheets; source/caption context cross-checked. Reproducibility is static source capability, not a successful rendering test.",Presumed original experimental capture; chain of custody not independently verified.
00_book/figures/report/diagrams/fhrp-nat-dhcp-lab/14-dhcp-glbp-r1-verify.png,14-dhcp-glbp-r1-verify.png,.png,110379,1920,1053,1.823362,0d664b402e1c4404aa4454792942d9e4ad8140bc30f3535644bc45ac5b709d7c,RGBA,,,,terminal-evidence,"[""preserve-original""]",,,,True,yes,acceptable,acceptable,,,[],,partially-semantic,14-dhcp-glbp-r1-verify.png,used,1,False,False,True,False,evidence-terminal,documentation_assets/evidence-terminal/,high,high,,,Visual inspection of full inventory contact sheets; source/caption context cross-checked.,Presumed original experimental capture; chain of custody not independently verified.
00_book/figures/report/diagrams/fhrp-nat-dhcp-lab/15-glbp-r2-verify.png,15-glbp-r2-verify.png,.png,90673,1920,905,2.121547,40ce025beda153157589bf0d6d8086a212b5db3c5f100dfc78be7a25ece0c805,RGBA,,,,terminal-evidence,"[""preserve-original""]",,,,True,yes,acceptable,acceptable,,,[],,partially-semantic,15-glbp-r2-verify.png,used,1,False,False,True,False,evidence-terminal,documentation_assets/evidence-terminal/,high,high,,,Visual inspection of full inventory contact sheets; source/caption context cross-checked.,Presumed original experimental capture; chain of custody not independently verified.
00_book/figures/report/diagrams/fhrp-nat-dhcp-lab/16-client-connectivity-test.png,16-client-connectivity-test.png,.png,68983,1359,751,1.809587,7717d1dd21db8ed67104f75e6978ef928018c87699fe6bc2de19199bf6a0f3c0,RGBA,,,,terminal-evidence,"[""preserve-original""]",,,,True,yes,acceptable,acceptable,,,[],,partially-semantic,16-client-connectivity-test.png,used,1,False,False,True,False,evidence-terminal,documentation_assets/evidence-terminal/,high,high,,,Visual inspection of full inventory contact sheets; source/caption context cross-checked.,Presumed original experimental capture; chain of custody not independently verified.
00_book/figures/report/diagrams/fhrp-nat-dhcp-lab/fhrp-nat-dhcp-report.png,fhrp-nat-dhcp-report.png,.png,128162,2240,930,2.408602,10f0de904299f8ab03845c4f093d7c8872e3e2f2d0e6a13ada1b975e70068ade,RGB,,,,network-diagram,[],,,,False,,,,,,[],uncertain,semantic,fhrp-nat-dhcp-report.png,used,1,False,False,True,False,diagram-network,documentation_assets/diagram-network/,high,high,,,Visual inspection of full inventory contact sheets; source/caption context cross-checked. Same subject/name vector comparison: uncertain. No exporter provenance found; not classified derivative-raster.,
00_book/figures/report/diagrams/fhrp-nat-dhcp-lab/fhrp-nat-dhcp.svg,fhrp-nat-dhcp.svg,.svg,279071,1120.0,465.0,2.408602,7eb6b7385f7cd6ae561c4e9deded31e240b92aa0fb9d30cc5dea6b205bac9838,,0 0 1120 465,1120px,465px,network-diagram,"[""hybrid-svg""]",,,,False,,,,True,,"[""00_book/figures/report/diagrams/fhrp-nat-dhcp-lab/fhrp-nat-dhcp-report.png""]",uncertain,semantic,fhrp-nat-dhcp.svg,orphan,0,False,False,False,False,diagram-network,documentation_assets/diagram-network/,high,high,,,Visual inspection of full inventory contact sheets; source/caption context cross-checked. SVG contains 30 raster image elements; Qt SVG preview may omit some embedded icons; hybrid source is not pure vector.,
00_book/figures/report/diagrams/jenkins_pipeline_stages.png,jenkins_pipeline_stages.png,.png,85950,1024,640,1.6,c5608385461b674bee5cc5f41731a7f08747073cbe14d3df1b3e48955a151399,RGBA,,,,device-verification,"[""preserve-original"", ""external-tool"", ""ci-evidence""]",,,,True,uncertain,acceptable,acceptable,,,[],,partially-semantic,jenkins-pipeline-stages.png,orphan,0,False,False,False,False,evidence-device,documentation_assets/evidence-device/,medium,medium,,,Visual inspection of full inventory contact sheets; source/caption context cross-checked. External Jenkins UI: device-verification is closest available evidence bucket; secondary CI evidence tag; not CAMS UI.,Presumed original experimental capture; chain of custody not independently verified.
00_book/figures/report/diagrams/lab_4.svg,lab_4.svg,.svg,104337,3871.0,1806.0,2.143411,b8e138de584332e75f982909aab388cbbbe556c07bd8fd3301de2256cbf244e3,,0 0 3871 1806,3871px,1806px,network-diagram,"[""hybrid-svg""]",,,,False,,,,True,,[],,partially-semantic,lab-4.svg,orphan,0,False,False,False,False,diagram-network,documentation_assets/diagram-network/,high,high,,,Visual inspection of full inventory contact sheets; source/caption context cross-checked. SVG contains 5 raster image elements; Qt SVG preview may omit some embedded icons; hybrid source is not pure vector.,
00_book/figures/report/diagrams/routing-ospf-lab/1.png,1.png,.png,412880,2560,1600,1.6,98426b2a12db4173473253eb032d97d61995349bfb5660b686b0dadec6c68b28,RGBA,,,,ui,"[""lab-original-capture"", ""cams-ui"", ""preserve-original""]",manual-screenshot-probable,requires-new-docshot-workflow,"Visible OS window decorations/desktop, live lab device state or screenshot crop; report lab captions; no matching registered workflow in docshots/cli.py or shot registry.",True,uncertain,acceptable,acceptable,,,[],,opaque,routing-ospf-lab-router-interfaces-overview-1.png,used,1,False,False,True,False,ui-legacy,documentation_assets/ui-legacy/,medium,high,medium,medium,"Visual inspection of full inventory contact sheets; source/caption context cross-checked. Reproducibility is static source capability, not a successful rendering test.",Presumed original experimental capture; chain of custody not independently verified.
00_book/figures/report/diagrams/routing-ospf-lab/10.png,10.png,.png,87438,1032,865,1.193064,3a5bb49ff629e349cc22076db1e5ea41ab9d877e9cd30c9ffd7e47ce137d74bb,RGBA,,,,ui,"[""lab-original-capture"", ""cams-ui"", ""preserve-original""]",manual-screenshot-probable,requires-new-docshot-workflow,"Visible OS window decorations/desktop, live lab device state or screenshot crop; report lab captions; no matching registered workflow in docshots/cli.py or shot registry.",True,uncertain,acceptable,acceptable,,,[],,opaque,routing-ospf-lab-ospf-routing-group-hosts-10.png,used,1,False,False,True,False,ui-legacy,documentation_assets/ui-legacy/,medium,high,medium,medium,"Visual inspection of full inventory contact sheets; source/caption context cross-checked. Reproducibility is static source capability, not a successful rendering test.",Presumed original experimental capture; chain of custody not independently verified.
00_book/figures/report/diagrams/routing-ospf-lab/11.png,11.png,.png,165043,1056,874,1.208238,20a3ce2f004c74f6f5abcc65b7467d0ab15de9483ab800926fd3c364c80b3fff,RGBA,,,,ui,"[""lab-original-capture"", ""cams-ui"", ""preserve-original""]",manual-screenshot-probable,requires-new-docshot-workflow,"Visible OS window decorations/desktop, live lab device state or screenshot crop; report lab captions; no matching registered workflow in docshots/cli.py or shot registry.",True,uncertain,acceptable,acceptable,,,[],,opaque,routing-ospf-lab-ospf-routing-group-networks-11.png,used,1,False,False,True,False,ui-legacy,documentation_assets/ui-legacy/,medium,high,medium,medium,"Visual inspection of full inventory contact sheets; source/caption context cross-checked. Reproducibility is static source capability, not a successful rendering test.",Presumed original experimental capture; chain of custody not independently verified.
00_book/figures/report/diagrams/routing-ospf-lab/12.png,12.png,.png,267122,2560,1556,1.645244,b272ce9f5c1a3ec87febcfc2414f2fc7eb7578eb674ce5e877e852dd5360be4e,RGBA,,,,terminal-evidence,"[""preserve-original""]",,,,True,yes,good,acceptable,,,[],,opaque,routing-ospf-lab-ospf-running-config-multi-router-verification-12.png,used,1,False,False,True,False,evidence-terminal,documentation_assets/evidence-terminal/,high,high,,,Visual inspection of full inventory contact sheets; source/caption context cross-checked. Dense output; inspect original at full resolution before reconstruction.,Presumed original experimental capture; chain of custody not independently verified.
00_book/figures/report/diagrams/routing-ospf-lab/13.png,13.png,.png,245800,2560,1556,1.645244,ee6d2598a92e0bd90edc49ffc052f798bd99353095602bfb09696e75e903c377,RGBA,,,,ui,"[""lab-original-capture"", ""cams-ui"", ""preserve-original""]",manual-screenshot-probable,requires-new-docshot-workflow,"Visible OS window decorations/desktop, live lab device state or screenshot crop; report lab captions; no matching registered workflow in docshots/cli.py or shot registry.",True,uncertain,acceptable,acceptable,,,[],,opaque,routing-ospf-lab-r1-ospf-process-dark-13.png,orphan,0,False,False,False,False,ui-legacy,documentation_assets/ui-legacy/,medium,high,medium,medium,"Visual inspection of full inventory contact sheets; source/caption context cross-checked. Reproducibility is static source capability, not a successful rendering test.",Presumed original experimental capture; chain of custody not independently verified.
00_book/figures/report/diagrams/routing-ospf-lab/14.png,14.png,.png,75664,1038,768,1.351562,065c74740c78dc733b43ee1988871a0323f1caad082cc8d9508aa15fe7924489,RGBA,,,,ui,"[""lab-original-capture"", ""cams-ui"", ""preserve-original""]",manual-screenshot-probable,requires-new-docshot-workflow,"Visible OS window decorations/desktop, live lab device state or screenshot crop; report lab captions; no matching registered workflow in docshots/cli.py or shot registry.",True,uncertain,acceptable,acceptable,,,[],,opaque,routing-ospf-lab-ospf-group-view-push-progress-14.png,used,1,False,False,True,False,ui-legacy,documentation_assets/ui-legacy/,medium,high,medium,medium,"Visual inspection of full inventory contact sheets; source/caption context cross-checked. Reproducibility is static source capability, not a successful rendering test.",Presumed original experimental capture; chain of custody not independently verified.
00_book/figures/report/diagrams/routing-ospf-lab/15.png,15.png,.png,436872,2560,1556,1.645244,ee6f2ccd24b40a51839de0202e0c2c0edb91efd9aae1e1db97159c9b856f67a2,RGBA,,,,ui,"[""lab-original-capture"", ""cams-ui"", ""preserve-original""]",manual-screenshot-probable,requires-new-docshot-workflow,"Visible OS window decorations/desktop, live lab device state or screenshot crop; report lab captions; no matching registered workflow in docshots/cli.py or shot registry.",True,uncertain,acceptable,acceptable,,,[],,opaque,routing-ospf-lab-r1-ospf-view-push-dark-15.png,orphan,0,False,False,False,False,ui-legacy,documentation_assets/ui-legacy/,medium,high,medium,medium,"Visual inspection of full inventory contact sheets; source/caption context cross-checked. Reproducibility is static source capability, not a successful rendering test.",Presumed original experimental capture; chain of custody not independently verified.
00_book/figures/report/diagrams/routing-ospf-lab/16.png,16.png,.png,301865,2560,1600,1.6,37519446cc4abc8f75b64f03ba9781b7eec4dab0b517da642cc5bb1230dadabb,RGBA,,,,ui,"[""lab-original-capture"", ""cams-ui"", ""preserve-original""]",manual-screenshot-probable,requires-new-docshot-workflow,"Visible OS window decorations/desktop, live lab device state or screenshot crop; report lab captions; no matching registered workflow in docshots/cli.py or shot registry.",True,uncertain,acceptable,acceptable,,,[],,opaque,routing-ospf-lab-r2-ospf-process-16.png,used,1,False,False,True,False,ui-legacy,documentation_assets/ui-legacy/,medium,high,medium,medium,"Visual inspection of full inventory contact sheets; source/caption context cross-checked. Reproducibility is static source capability, not a successful rendering test.",Presumed original experimental capture; chain of custody not independently verified.
00_book/figures/report/diagrams/routing-ospf-lab/17.png,17.png,.png,372090,2560,1600,1.6,5740dd739ba8407f8346d490a777b2ff8e53dfef5734ecb549a0b72c5bb2deeb,RGBA,,,,terminal-evidence,"[""preserve-original""]",,,,True,yes,acceptable,acceptable,,,[],,opaque,routing-ospf-lab-r1-ospf-routing-verification-17.png,orphan,0,False,False,False,False,evidence-terminal,documentation_assets/evidence-terminal/,high,high,,,Visual inspection of full inventory contact sheets; source/caption context cross-checked. Dense output; inspect original at full resolution before reconstruction.,Presumed original experimental capture; chain of custody not independently verified.
00_book/figures/report/diagrams/routing-ospf-lab/18.png,18.png,.png,363725,2560,1600,1.6,83aecc39dce6a550f5163fdd43d394ae2f97d3874e324bf771552d939a312e28,RGBA,,,,terminal-evidence,"[""preserve-original""]",,,,True,yes,acceptable,acceptable,,,[],,opaque,routing-ospf-lab-r2-ospf-routing-verification-18.png,used,1,False,False,True,False,evidence-terminal,documentation_assets/evidence-terminal/,high,high,,,Visual inspection of full inventory contact sheets; source/caption context cross-checked. Dense output; inspect original at full resolution before reconstruction.,Presumed original experimental capture; chain of custody not independently verified.
00_book/figures/report/diagrams/routing-ospf-lab/19.png,19.png,.png,349297,2560,1600,1.6,107a14881202c7369470e01d2f6b8bd6016a4712c5f8758ac18a93cf6cb58cfe,RGBA,,,,terminal-evidence,"[""preserve-original""]",,,,True,yes,acceptable,acceptable,,,[],,opaque,routing-ospf-lab-r3-ospf-routing-verification-19.png,orphan,0,False,False,False,False,evidence-terminal,documentation_assets/evidence-terminal/,high,high,,,Visual inspection of full inventory contact sheets; source/caption context cross-checked. Dense output; inspect original at full resolution before reconstruction.,Presumed original experimental capture; chain of custody not independently verified.
00_book/figures/report/diagrams/routing-ospf-lab/2.png,2.png,.png,420531,2560,1600,1.6,e67bf4ab1c89813323bfae2e089b0811a82b64bd27fe7b4feadbb7c330dbfe9f,RGBA,,,,ui,"[""lab-original-capture"", ""cams-ui"", ""preserve-original""]",manual-screenshot-probable,requires-new-docshot-workflow,"Visible OS window decorations/desktop, live lab device state or screenshot crop; report lab captions; no matching registered workflow in docshots/cli.py or shot registry.",True,uncertain,acceptable,acceptable,,,[],,opaque,routing-ospf-lab-router-interface-editor-dark-2.png,orphan,0,False,False,False,False,ui-legacy,documentation_assets/ui-legacy/,medium,high,medium,medium,"Visual inspection of full inventory contact sheets; source/caption context cross-checked. Reproducibility is static source capability, not a successful rendering test.",Presumed original experimental capture; chain of custody not independently verified.
00_book/figures/report/diagrams/routing-ospf-lab/20.png,20.png,.png,368875,2560,1600,1.6,97434d4df89d72e95f691186de48b5b906de4aa0a26b9c89296b22f29deb72ec,RGBA,,,,terminal-evidence,"[""preserve-original""]",,,,True,yes,acceptable,acceptable,,,[],,opaque,routing-ospf-lab-r6-ospf-routing-verification-20.png,orphan,0,False,False,False,False,evidence-terminal,documentation_assets/evidence-terminal/,high,high,,,Visual inspection of full inventory contact sheets; source/caption context cross-checked. Dense output; inspect original at full resolution before reconstruction.,Presumed original experimental capture; chain of custody not independently verified.
00_book/figures/report/diagrams/routing-ospf-lab/21.png,21.png,.png,62188,973,708,1.374294,d9042a3b90c9d6a95837e60061ecc573f27571e5989e2d84474d3e1615a72826,RGBA,,,,terminal-evidence,"[""preserve-original""]",,,,True,yes,acceptable,acceptable,,,[],,opaque,routing-ospf-lab-vpc11-ip-configuration-21.png,orphan,0,False,False,False,False,evidence-terminal,documentation_assets/evidence-terminal/,high,high,,,Visual inspection of full inventory contact sheets; source/caption context cross-checked.,Presumed original experimental capture; chain of custody not independently verified.
00_book/figures/report/diagrams/routing-ospf-lab/22.png,22.png,.png,63847,980,716,1.368715,b7c9b4ede430cfd8c4feb2df0852578666d8722692fff048d7181f94d4b4d364,RGBA,,,,terminal-evidence,"[""preserve-original""]",,,,True,yes,acceptable,acceptable,,,[],,opaque,routing-ospf-lab-vpc12-ip-configuration-22.png,orphan,0,False,False,False,False,evidence-terminal,documentation_assets/evidence-terminal/,high,high,,,Visual inspection of full inventory contact sheets; source/caption context cross-checked.,Presumed original experimental capture; chain of custody not independently verified.
00_book/figures/report/diagrams/routing-ospf-lab/23.png,23.png,.png,65096,981,718,1.366295,ea865b77d3e98ce51a790e052ae144ba0db641fc6dd44de30c7993a4f5dc194f,RGBA,,,,terminal-evidence,"[""preserve-original""]",,,,True,yes,acceptable,acceptable,,,[],,opaque,routing-ospf-lab-vpc14-ip-configuration-23.png,orphan,0,False,False,False,False,evidence-terminal,documentation_assets/evidence-terminal/,high,high,,,Visual inspection of full inventory contact sheets; source/caption context cross-checked.,Presumed original experimental capture; chain of custody not independently verified.
00_book/figures/report/diagrams/routing-ospf-lab/24.png,24.png,.png,98490,984,744,1.322581,4c0fa44c496407b5ae45c92c912cdbc02faf7f0680f01ed6f7c1eb560acbc0f0,RGBA,,,,terminal-evidence,"[""preserve-original""]",,,,True,yes,acceptable,acceptable,,,[],,opaque,routing-ospf-lab-vpc13-ip-configuration-24.png,orphan,0,False,False,False,False,evidence-terminal,documentation_assets/evidence-terminal/,high,high,,,Visual inspection of full inventory contact sheets; source/caption context cross-checked.,Presumed original experimental capture; chain of custody not independently verified.
00_book/figures/report/diagrams/routing-ospf-lab/25.png,25.png,.png,78449,974,706,1.379603,b02fb1c18aa7fc90487beb819f396cc6730105736db55f1869d30ebdaeef576f,RGBA,,,,terminal-evidence,"[""preserve-original""]",,,,True,yes,acceptable,acceptable,,,[],,opaque,routing-ospf-lab-vpc11-ping-verification-25.png,used,1,False,False,True,False,evidence-terminal,documentation_assets/evidence-terminal/,high,high,,,Visual inspection of full inventory contact sheets; source/caption context cross-checked.,Presumed original experimental capture; chain of custody not independently verified.
00_book/figures/report/diagrams/routing-ospf-lab/26.png,26.png,.png,86712,980,720,1.361111,a412334fc16be88e9703b6bfd4d23963609c59b3ace60b9d315566a73ddb38e1,RGBA,,,,terminal-evidence,"[""preserve-original""]",,,,True,yes,acceptable,acceptable,,,[],,opaque,routing-ospf-lab-vpc13-ping-verification-26.png,orphan,0,False,False,False,False,evidence-terminal,documentation_assets/evidence-terminal/,high,high,,,Visual inspection of full inventory contact sheets; source/caption context cross-checked.,Presumed original experimental capture; chain of custody not independently verified.
00_book/figures/report/diagrams/routing-ospf-lab/27.png,27.png,.png,115543,992,726,1.366391,99b8ade3d63eab26aeb7a9db47c0147f5b40ba5d6a5c6732969af4f81fe2b587,RGBA,,,,terminal-evidence,"[""preserve-original""]",,,,True,yes,acceptable,acceptable,,,[],,opaque,routing-ospf-lab-vpc15-ping-verification-27.png,orphan,0,False,False,False,False,evidence-terminal,documentation_assets/evidence-terminal/,high,high,,,Visual inspection of full inventory contact sheets; source/caption context cross-checked.,Presumed original experimental capture; chain of custody not independently verified.
00_book/figures/report/diagrams/routing-ospf-lab/3.png,3.png,.png,421222,2560,1600,1.6,86643a83be2ae67f2d69a2fb24903bcc3cd38814e7bd448b5be567dee9ff51b4,RGBA,,,,ui,"[""lab-original-capture"", ""cams-ui"", ""preserve-original""]",manual-screenshot-probable,requires-new-docshot-workflow,"Visible OS window decorations/desktop, live lab device state or screenshot crop; report lab captions; no matching registered workflow in docshots/cli.py or shot registry.",True,uncertain,acceptable,acceptable,,,[],,opaque,routing-ospf-lab-router-interface-addresses-dark-3.png,orphan,0,False,False,False,False,ui-legacy,documentation_assets/ui-legacy/,medium,high,medium,medium,"Visual inspection of full inventory contact sheets; source/caption context cross-checked. Reproducibility is static source capability, not a successful rendering test.",Presumed original experimental capture; chain of custody not independently verified.
00_book/figures/report/diagrams/routing-ospf-lab/4.png,4.png,.png,422467,2560,1600,1.6,24f016f0b5616d0ca43205ba6a21fd7f9be403e2d4a6a318adb60055dd06f533,RGBA,,,,ui,"[""lab-original-capture"", ""cams-ui"", ""preserve-original""]",manual-screenshot-probable,requires-new-docshot-workflow,"Visible OS window decorations/desktop, live lab device state or screenshot crop; report lab captions; no matching registered workflow in docshots/cli.py or shot registry.",True,uncertain,acceptable,acceptable,,,[],,opaque,routing-ospf-lab-router-interface-policy-dark-4.png,orphan,0,False,False,False,False,ui-legacy,documentation_assets/ui-legacy/,medium,high,medium,medium,"Visual inspection of full inventory contact sheets; source/caption context cross-checked. Reproducibility is static source capability, not a successful rendering test.",Presumed original experimental capture; chain of custody not independently verified.
00_book/figures/report/diagrams/routing-ospf-lab/5.png,5.png,.png,476822,2560,1600,1.6,a8ed481f986f55dcc980e01237a56e61316eee7f0583de797d91bab9c7e221b0,RGBA,,,,ui,"[""lab-original-capture"", ""cams-ui"", ""preserve-original""]",manual-screenshot-probable,requires-new-docshot-workflow,"Visible OS window decorations/desktop, live lab device state or screenshot crop; report lab captions; no matching registered workflow in docshots/cli.py or shot registry.",True,uncertain,acceptable,acceptable,,,[],,opaque,routing-ospf-lab-router-interfaces-inventory-dark-5.png,orphan,0,False,False,False,False,ui-legacy,documentation_assets/ui-legacy/,medium,high,medium,medium,"Visual inspection of full inventory contact sheets; source/caption context cross-checked. Reproducibility is static source capability, not a successful rendering test.",Presumed original experimental capture; chain of custody not independently verified.
00_book/figures/report/diagrams/routing-ospf-lab/6.png,6.png,.png,485526,2560,1600,1.6,abcd6a0193d81de9914c664fda62eff319cf7d7883bbec1dd5296c7500849b10,RGBA,,,,ui,"[""lab-original-capture"", ""cams-ui"", ""preserve-original""]",manual-screenshot-probable,requires-new-docshot-workflow,"Visible OS window decorations/desktop, live lab device state or screenshot crop; report lab captions; no matching registered workflow in docshots/cli.py or shot registry.",True,uncertain,acceptable,acceptable,,,[],,opaque,routing-ospf-lab-router-interfaces-inventory-selected-dark-6.png,orphan,0,False,False,False,False,ui-legacy,documentation_assets/ui-legacy/,medium,high,medium,medium,"Visual inspection of full inventory contact sheets; source/caption context cross-checked. Reproducibility is static source capability, not a successful rendering test.",Presumed original experimental capture; chain of custody not independently verified.
00_book/figures/report/diagrams/routing-ospf-lab/7.png,7.png,.png,484680,2560,1600,1.6,27f5ce0fd345aa2a75fc522e646bb0ce532636fa3a1cb79d6186ddc84703eb30,RGBA,,,,ui,"[""lab-original-capture"", ""cams-ui"", ""preserve-original""]",manual-screenshot-probable,requires-new-docshot-workflow,"Visible OS window decorations/desktop, live lab device state or screenshot crop; report lab captions; no matching registered workflow in docshots/cli.py or shot registry.",True,uncertain,acceptable,acceptable,,,[],,opaque,routing-ospf-lab-router-interface-inventory-edit-dark-7.png,orphan,0,False,False,False,False,ui-legacy,documentation_assets/ui-legacy/,medium,high,medium,medium,"Visual inspection of full inventory contact sheets; source/caption context cross-checked. Reproducibility is static source capability, not a successful rendering test.",Presumed original experimental capture; chain of custody not independently verified.
00_book/figures/report/diagrams/routing-ospf-lab/8.png,8.png,.png,236922,2560,1600,1.6,6c9868113f76ae48569d11d9e2ed40466c7352e55a0e2944afdfd8f3708ef838,RGBA,,,,ui,"[""lab-original-capture"", ""cams-ui"", ""preserve-original""]",manual-screenshot-probable,requires-new-docshot-workflow,"Visible OS window decorations/desktop, live lab device state or screenshot crop; report lab captions; no matching registered workflow in docshots/cli.py or shot registry.",True,uncertain,acceptable,acceptable,,,[],,opaque,routing-ospf-lab-router-interface-counters-dark-8.png,orphan,0,False,False,False,False,ui-legacy,documentation_assets/ui-legacy/,medium,high,medium,medium,"Visual inspection of full inventory contact sheets; source/caption context cross-checked. Reproducibility is static source capability, not a successful rendering test.",Presumed original experimental capture; chain of custody not independently verified.
00_book/figures/report/diagrams/routing-ospf-lab/9.png,9.png,.png,279911,2560,1600,1.6,614946c0b125eedc2654d2a62a9253f6c15ef5e17ca73fa284e2f6a25af1d0e5,RGBA,,,,ui,"[""lab-original-capture"", ""cams-ui"", ""preserve-original""]",manual-screenshot-probable,requires-new-docshot-workflow,"Visible OS window decorations/desktop, live lab device state or screenshot crop; report lab captions; no matching registered workflow in docshots/cli.py or shot registry.",True,uncertain,acceptable,acceptable,,,[],,opaque,routing-ospf-lab-router-ospf-process-dark-9.png,orphan,0,False,False,False,False,ui-legacy,documentation_assets/ui-legacy/,medium,high,medium,medium,"Visual inspection of full inventory contact sheets; source/caption context cross-checked. Reproducibility is static source capability, not a successful rendering test.",Presumed original experimental capture; chain of custody not independently verified.
00_book/figures/report/diagrams/switching-lab/1_1.png,1_1.png,.png,307287,2560,1600,1.6,bbbde45e507e3073251bcce6f3b32f3cf72f83b0eaddcd2ce0222767ba51e058,RGBA,,,,ui,"[""lab-original-capture"", ""cams-ui"", ""preserve-original""]",manual-screenshot-probable,requires-new-docshot-workflow,"Visible OS window decorations/desktop, live lab device state or screenshot crop; report lab captions; no matching registered workflow in docshots/cli.py or shot registry.",True,uncertain,acceptable,acceptable,,,[],,opaque,switching-lab-switch-port-inventory-editor-1-1-1-1.png,orphan,0,False,False,False,False,ui-legacy,documentation_assets/ui-legacy/,medium,high,medium,medium,"Visual inspection of full inventory contact sheets; source/caption context cross-checked. Reproducibility is static source capability, not a successful rendering test.",Presumed original experimental capture; chain of custody not independently verified.
00_book/figures/report/diagrams/switching-lab/1_10.png,1_10.png,.png,412705,2560,1600,1.6,22b8eac4767def77575fce18f21a827b1057d62327e51d22f0a62b4883752867,RGBA,,,,ui,"[""lab-original-capture"", ""cams-ui"", ""preserve-original""]",manual-screenshot-probable,requires-new-docshot-workflow,"Visible OS window decorations/desktop, live lab device state or screenshot crop; report lab captions; no matching registered workflow in docshots/cli.py or shot registry.",True,uncertain,acceptable,acceptable,,,[],,opaque,switching-lab-switch-port-inventory-editor-1-10-1-10.png,orphan,0,False,False,False,False,ui-legacy,documentation_assets/ui-legacy/,medium,high,medium,medium,"Visual inspection of full inventory contact sheets; source/caption context cross-checked. Reproducibility is static source capability, not a successful rendering test.",Presumed original experimental capture; chain of custody not independently verified.
00_book/figures/report/diagrams/switching-lab/1_11.png,1_11.png,.png,439943,2560,1600,1.6,994ec1c65545ff08770796df0513d6d6f473fc035767ebd26297f600cdc23ce8,RGBA,,,,ui,"[""lab-original-capture"", ""cams-ui"", ""preserve-original""]",manual-screenshot-probable,requires-new-docshot-workflow,"Visible OS window decorations/desktop, live lab device state or screenshot crop; report lab captions; no matching registered workflow in docshots/cli.py or shot registry.",True,uncertain,acceptable,acceptable,,,[],,opaque,switching-lab-switch-port-inventory-editor-1-11-1-11.png,orphan,0,False,False,False,False,ui-legacy,documentation_assets/ui-legacy/,medium,high,medium,medium,"Visual inspection of full inventory contact sheets; source/caption context cross-checked. Reproducibility is static source capability, not a successful rendering test.",Presumed original experimental capture; chain of custody not independently verified.
00_book/figures/report/diagrams/switching-lab/1_12.png,1_12.png,.png,422995,2560,1600,1.6,363d132d762906925b1b8e82ce040fd872b69bf16941b758e627f91ab5886326,RGBA,,,,ui,"[""lab-original-capture"", ""cams-ui"", ""preserve-original""]",manual-screenshot-probable,requires-new-docshot-workflow,"Visible OS window decorations/desktop, live lab device state or screenshot crop; report lab captions; no matching registered workflow in docshots/cli.py or shot registry.",True,uncertain,acceptable,acceptable,,,[],,opaque,switching-lab-switch-port-inventory-editor-1-12-1-12.png,orphan,0,False,False,False,False,ui-legacy,documentation_assets/ui-legacy/,medium,high,medium,medium,"Visual inspection of full inventory contact sheets; source/caption context cross-checked. Reproducibility is static source capability, not a successful rendering test.",Presumed original experimental capture; chain of custody not independently verified.
00_book/figures/report/diagrams/switching-lab/1_13.png,1_13.png,.png,431163,2560,1600,1.6,428f51d0ea5c130979c39626153032448d5fa439e663990386db6dd249b66cd0,RGBA,,,,ui,"[""lab-original-capture"", ""cams-ui"", ""preserve-original""]",manual-screenshot-probable,requires-new-docshot-workflow,"Visible OS window decorations/desktop, live lab device state or screenshot crop; report lab captions; no matching registered workflow in docshots/cli.py or shot registry.",True,uncertain,acceptable,acceptable,,,[],,opaque,switching-lab-switch-port-inventory-editor-1-13-1-13.png,orphan,0,False,False,False,False,ui-legacy,documentation_assets/ui-legacy/,medium,high,medium,medium,"Visual inspection of full inventory contact sheets; source/caption context cross-checked. Reproducibility is static source capability, not a successful rendering test.",Presumed original experimental capture; chain of custody not independently verified.
00_book/figures/report/diagrams/switching-lab/1_14.png,1_14.png,.png,384612,2560,1600,1.6,dde0547aa221edeea9b24ae52efbc5ee3aab750ee415a4083e33078844788b03,RGBA,,,,ui,"[""lab-original-capture"", ""cams-ui"", ""preserve-original""]",manual-screenshot-probable,requires-new-docshot-workflow,"Visible OS window decorations/desktop, live lab device state or screenshot crop; report lab captions; no matching registered workflow in docshots/cli.py or shot registry.",True,uncertain,acceptable,acceptable,,,[],,opaque,switching-lab-switch-port-inventory-editor-1-14-1-14.png,orphan,0,False,False,False,False,ui-legacy,documentation_assets/ui-legacy/,medium,high,medium,medium,"Visual inspection of full inventory contact sheets; source/caption context cross-checked. Reproducibility is static source capability, not a successful rendering test.",Presumed original experimental capture; chain of custody not independently verified.
00_book/figures/report/diagrams/switching-lab/1_15.png,1_15.png,.png,385430,2560,1600,1.6,fe15e98c298f5c2004d792ea964455148c0051b3486fc0c7cc226260b29a0aa0,RGBA,,,,ui,"[""lab-original-capture"", ""cams-ui"", ""preserve-original""]",manual-screenshot-probable,requires-new-docshot-workflow,"Visible OS window decorations/desktop, live lab device state or screenshot crop; report lab captions; no matching registered workflow in docshots/cli.py or shot registry.",True,uncertain,acceptable,acceptable,,,[],,opaque,switching-lab-switch-port-inventory-editor-1-15-1-15.png,orphan,0,False,False,False,False,ui-legacy,documentation_assets/ui-legacy/,medium,high,medium,medium,"Visual inspection of full inventory contact sheets; source/caption context cross-checked. Reproducibility is static source capability, not a successful rendering test.",Presumed original experimental capture; chain of custody not independently verified.
00_book/figures/report/diagrams/switching-lab/1_16.png,1_16.png,.png,345826,2560,1600,1.6,2809933f285b06a0e2a96f913e022893afea839028c0c4d832d264eee8426cdd,RGBA,,,,ui,"[""lab-original-capture"", ""cams-ui"", ""preserve-original""]",manual-screenshot-probable,requires-new-docshot-workflow,"Visible OS window decorations/desktop, live lab device state or screenshot crop; report lab captions; no matching registered workflow in docshots/cli.py or shot registry.",True,uncertain,acceptable,acceptable,,,[],,opaque,switching-lab-vtp-group-policy-1-16-1-16.png,used,1,False,False,True,False,ui-legacy,documentation_assets/ui-legacy/,medium,high,medium,medium,"Visual inspection of full inventory contact sheets; source/caption context cross-checked. Reproducibility is static source capability, not a successful rendering test.",Presumed original experimental capture; chain of custody not independently verified.
00_book/figures/report/diagrams/switching-lab/1_17.png,1_17.png,.png,353588,2560,1600,1.6,747af0238c071b00854d1b67e1199425a3b4026b19dd58dae185fee2080845df,RGBA,,,,ui,"[""lab-original-capture"", ""cams-ui"", ""preserve-original""]",manual-screenshot-probable,requires-new-docshot-workflow,"Visible OS window decorations/desktop, live lab device state or screenshot crop; report lab captions; no matching registered workflow in docshots/cli.py or shot registry.",True,uncertain,acceptable,acceptable,,,[],,opaque,switching-lab-vtp-group-policy-1-17-1-17.png,orphan,0,False,False,False,False,ui-legacy,documentation_assets/ui-legacy/,medium,high,medium,medium,"Visual inspection of full inventory contact sheets; source/caption context cross-checked. Reproducibility is static source capability, not a successful rendering test.",Presumed original experimental capture; chain of custody not independently verified.
00_book/figures/report/diagrams/switching-lab/1_18.png,1_18.png,.png,313968,2560,1600,1.6,0207beffe4c488278454751867280dfd38da788930fed8dcceb9cd991dcb1a1e,RGBA,,,,ui,"[""lab-original-capture"", ""cams-ui"", ""preserve-original""]",manual-screenshot-probable,requires-new-docshot-workflow,"Visible OS window decorations/desktop, live lab device state or screenshot crop; report lab captions; no matching registered workflow in docshots/cli.py or shot registry.",True,uncertain,acceptable,acceptable,,,[],,opaque,switching-lab-switch-port-inventory-editor-1-18-1-18.png,orphan,0,False,False,False,False,ui-legacy,documentation_assets/ui-legacy/,medium,high,medium,medium,"Visual inspection of full inventory contact sheets; source/caption context cross-checked. Reproducibility is static source capability, not a successful rendering test.",Presumed original experimental capture; chain of custody not independently verified.
00_book/figures/report/diagrams/switching-lab/1_19.png,1_19.png,.png,316307,2560,1600,1.6,f9c0ca800a6a3ebf780d7af3bc4c5e4dd0cbde560c64c9e5b22d221408e49afd,RGBA,,,,ui,"[""lab-original-capture"", ""cams-ui"", ""preserve-original""]",manual-screenshot-probable,requires-new-docshot-workflow,"Visible OS window decorations/desktop, live lab device state or screenshot crop; report lab captions; no matching registered workflow in docshots/cli.py or shot registry.",True,uncertain,acceptable,acceptable,,,[],,opaque,switching-lab-switch-port-inventory-editor-1-19-1-19.png,orphan,0,False,False,False,False,ui-legacy,documentation_assets/ui-legacy/,medium,high,medium,medium,"Visual inspection of full inventory contact sheets; source/caption context cross-checked. Reproducibility is static source capability, not a successful rendering test.",Presumed original experimental capture; chain of custody not independently verified.
00_book/figures/report/diagrams/switching-lab/1_2.png,1_2.png,.png,371076,2560,1600,1.6,ed2571d0a296fa0e4986285e4ff1c31e460fb998178745814c0e959e6b110736,RGBA,,,,ui,"[""lab-original-capture"", ""cams-ui"", ""preserve-original""]",manual-screenshot-probable,requires-new-docshot-workflow,"Visible OS window decorations/desktop, live lab device state or screenshot crop; report lab captions; no matching registered workflow in docshots/cli.py or shot registry.",True,uncertain,acceptable,acceptable,,,[],,opaque,switching-lab-switch-port-inventory-editor-1-2-1-2.png,orphan,0,False,False,False,False,ui-legacy,documentation_assets/ui-legacy/,medium,high,medium,medium,"Visual inspection of full inventory contact sheets; source/caption context cross-checked. Reproducibility is static source capability, not a successful rendering test.",Presumed original experimental capture; chain of custody not independently verified.
00_book/figures/report/diagrams/switching-lab/1_20.png,1_20.png,.png,63835,1026,754,1.360743,44583fe722181386d801d4d231944ea6062ac324b0b1083a90aa97829afafa68,RGBA,,,,ui,"[""lab-original-capture"", ""cams-ui"", ""preserve-original""]",manual-screenshot-probable,requires-new-docshot-workflow,"Visible OS window decorations/desktop, live lab device state or screenshot crop; report lab captions; no matching registered workflow in docshots/cli.py or shot registry.",True,uncertain,acceptable,acceptable,,,[],,opaque,switching-lab-vlan-view-push-preview-1-20-1-20.png,used,1,False,False,True,False,ui-legacy,documentation_assets/ui-legacy/,medium,high,medium,medium,"Visual inspection of full inventory contact sheets; source/caption context cross-checked. Reproducibility is static source capability, not a successful rendering test.",Presumed original experimental capture; chain of custody not independently verified.
00_book/figures/report/diagrams/switching-lab/1_21.png,1_21.png,.png,363203,2560,1600,1.6,4a8af469b3a7f60848adf3a45a564d6ca47faab5256c961272480166f7841a0a,RGBA,,,,ui,"[""lab-original-capture"", ""cams-ui"", ""preserve-original""]",manual-screenshot-probable,requires-new-docshot-workflow,"Visible OS window decorations/desktop, live lab device state or screenshot crop; report lab captions; no matching registered workflow in docshots/cli.py or shot registry.",True,uncertain,acceptable,acceptable,,,[],,opaque,switching-lab-switch-port-inventory-editor-1-21-1-21.png,used,1,False,False,True,False,ui-legacy,documentation_assets/ui-legacy/,medium,high,medium,medium,"Visual inspection of full inventory contact sheets; source/caption context cross-checked. Reproducibility is static source capability, not a successful rendering test.",Presumed original experimental capture; chain of custody not independently verified.
00_book/figures/report/diagrams/switching-lab/1_22.png,1_22.png,.png,401965,2560,1600,1.6,9c804dbfb282f469ac41d67d2d9a8214039e0f8f8458687ff4f9438c27b0c64d,RGBA,,,,ui,"[""lab-original-capture"", ""cams-ui"", ""preserve-original""]",manual-screenshot-probable,requires-new-docshot-workflow,"Visible OS window decorations/desktop, live lab device state or screenshot crop; report lab captions; no matching registered workflow in docshots/cli.py or shot registry.",True,uncertain,acceptable,acceptable,,,[],,opaque,switching-lab-switch-port-inventory-editor-1-22-1-22.png,orphan,0,False,False,False,False,ui-legacy,documentation_assets/ui-legacy/,medium,high,medium,medium,"Visual inspection of full inventory contact sheets; source/caption context cross-checked. Reproducibility is static source capability, not a successful rendering test.",Presumed original experimental capture; chain of custody not independently verified.
00_book/figures/report/diagrams/switching-lab/1_23.png,1_23.png,.png,106450,1167,894,1.305369,ae9f766e11b132cbaf999d0b675046542ae3b1f37ba1d2061f10daf288fff1fc,RGBA,,,,ui,"[""lab-original-capture"", ""cams-ui"", ""preserve-original""]",manual-screenshot-probable,requires-new-docshot-workflow,"Visible OS window decorations/desktop, live lab device state or screenshot crop; report lab captions; no matching registered workflow in docshots/cli.py or shot registry.",True,uncertain,acceptable,acceptable,,,[],,opaque,switching-lab-l2-security-view-push-preview-1-23-1-23.png,orphan,0,False,False,False,False,ui-legacy,documentation_assets/ui-legacy/,medium,high,medium,medium,"Visual inspection of full inventory contact sheets; source/caption context cross-checked. Reproducibility is static source capability, not a successful rendering test.",Presumed original experimental capture; chain of custody not independently verified.
00_book/figures/report/diagrams/switching-lab/1_24.png,1_24.png,.png,392765,2560,1600,1.6,4a7ab12e559af457d41b73564b67ed4da27683f56426353d110f74ac68dd3b72,RGBA,,,,ui,"[""lab-original-capture"", ""cams-ui"", ""preserve-original""]",manual-screenshot-probable,requires-new-docshot-workflow,"Visible OS window decorations/desktop, live lab device state or screenshot crop; report lab captions; no matching registered workflow in docshots/cli.py or shot registry.",True,uncertain,acceptable,acceptable,,,[],,opaque,switching-lab-switch-port-inventory-editor-1-24-1-24.png,orphan,0,False,False,False,False,ui-legacy,documentation_assets/ui-legacy/,medium,high,medium,medium,"Visual inspection of full inventory contact sheets; source/caption context cross-checked. Reproducibility is static source capability, not a successful rendering test.",Presumed original experimental capture; chain of custody not independently verified.
00_book/figures/report/diagrams/switching-lab/1_25.png,1_25.png,.png,112162,1046,781,1.339309,64eae1293341df8234925ec6bc96606f6b13331eb61f71861ee95bec0717132f,RGBA,,,,ui,"[""lab-original-capture"", ""cams-ui"", ""preserve-original""]",manual-screenshot-probable,requires-new-docshot-workflow,"Visible OS window decorations/desktop, live lab device state or screenshot crop; report lab captions; no matching registered workflow in docshots/cli.py or shot registry.",True,uncertain,acceptable,acceptable,,,[],,opaque,switching-lab-port-security-view-push-preview-1-25-1-25.png,used,1,False,False,True,False,ui-legacy,documentation_assets/ui-legacy/,medium,high,medium,medium,"Visual inspection of full inventory contact sheets; source/caption context cross-checked. Reproducibility is static source capability, not a successful rendering test.",Presumed original experimental capture; chain of custody not independently verified.
00_book/figures/report/diagrams/switching-lab/1_26.png,1_26.png,.png,401506,2560,1600,1.6,fb753538ab1592640307ae2ed925ab32478440da260c7bc880e2d5e04a89faa2,RGBA,,,,ui,"[""lab-original-capture"", ""cams-ui"", ""preserve-original""]",manual-screenshot-probable,requires-new-docshot-workflow,"Visible OS window decorations/desktop, live lab device state or screenshot crop; report lab captions; no matching registered workflow in docshots/cli.py or shot registry.",True,uncertain,acceptable,acceptable,,,[],,opaque,switching-lab-switch-port-inventory-editor-1-26-1-26.png,orphan,0,False,False,False,False,ui-legacy,documentation_assets/ui-legacy/,medium,high,medium,medium,"Visual inspection of full inventory contact sheets; source/caption context cross-checked. Reproducibility is static source capability, not a successful rendering test.",Presumed original experimental capture; chain of custody not independently verified.
00_book/figures/report/diagrams/switching-lab/1_27.png,1_27.png,.png,174238,1483,1600,0.926875,1f79031317db8da9f975d4a0a998c21ffda69b94c268413d87bc80837ec8cb90,RGBA,,,,terminal-evidence,"[""preserve-original""]",,,,True,yes,acceptable,acceptable,,,[],,opaque,switching-lab-switch-device-cli-verification-1-27-1-27.png,orphan,0,False,False,False,False,evidence-terminal,documentation_assets/evidence-terminal/,high,high,,,Visual inspection of full inventory contact sheets; source/caption context cross-checked. Dense output; inspect original at full resolution before reconstruction.,Presumed original experimental capture; chain of custody not independently verified.
00_book/figures/report/diagrams/switching-lab/1_28.png,1_28.png,.png,167220,1408,1600,0.88,463ed3e658fe587992fe294d4916b7d9d3f8c0e78341c0009733b1d9bf878b66,RGBA,,,,terminal-evidence,"[""preserve-original""]",,,,True,yes,acceptable,acceptable,,,[],,opaque,switching-lab-switch-device-cli-verification-1-28-1-28.png,orphan,0,False,False,False,False,evidence-terminal,documentation_assets/evidence-terminal/,high,high,,,Visual inspection of full inventory contact sheets; source/caption context cross-checked. Dense output; inspect original at full resolution before reconstruction.,Presumed original experimental capture; chain of custody not independently verified.
00_book/figures/report/diagrams/switching-lab/1_29.png,1_29.png,.png,155210,982,1600,0.61375,591d4f7cfae450a62e8be1a282982243b92d5253590df9ea41a61bb79a1054a7,RGBA,,,,terminal-evidence,"[""preserve-original""]",,,,True,yes,acceptable,acceptable,,,[],,opaque,switching-lab-switch-device-cli-verification-1-29-1-29.png,orphan,0,False,False,False,False,evidence-terminal,documentation_assets/evidence-terminal/,high,high,,,Visual inspection of full inventory contact sheets; source/caption context cross-checked.,Presumed original experimental capture; chain of custody not independently verified.
00_book/figures/report/diagrams/switching-lab/1_3.png,1_3.png,.png,81843,1026,754,1.360743,e570bc1d4ed0c65eae3dbfdcc05b179af3e27908a9ccdf7a3147aff8924fbb71,RGBA,,,,ui,"[""lab-original-capture"", ""cams-ui"", ""preserve-original""]",manual-screenshot-probable,requires-new-docshot-workflow,"Visible OS window decorations/desktop, live lab device state or screenshot crop; report lab captions; no matching registered workflow in docshots/cli.py or shot registry.",True,uncertain,acceptable,acceptable,,,[],,opaque,switching-lab-etherchannel-view-push-preview-1-3-1-3.png,used,1,False,False,True,False,ui-legacy,documentation_assets/ui-legacy/,medium,high,medium,medium,"Visual inspection of full inventory contact sheets; source/caption context cross-checked. Reproducibility is static source capability, not a successful rendering test.",Presumed original experimental capture; chain of custody not independently verified.
00_book/figures/report/diagrams/switching-lab/1_30.png,1_30.png,.png,147937,1092,1600,0.6825,45d6530be20d713fb6799e9d88774fa1c994b27b3a1fbe6be10b72832c7f7819,RGBA,,,,terminal-evidence,"[""preserve-original""]",,,,True,yes,acceptable,acceptable,,,[],,opaque,switching-lab-switch-device-cli-verification-1-30-1-30.png,used,1,False,False,True,False,evidence-terminal,documentation_assets/evidence-terminal/,high,high,,,Visual inspection of full inventory contact sheets; source/caption context cross-checked. Dense output; inspect original at full resolution before reconstruction.,Presumed original experimental capture; chain of custody not independently verified.
00_book/figures/report/diagrams/switching-lab/1_31.png,1_31.png,.png,155090,980,1600,0.6125,1787137221051cd6e779ab1ec538d5cb41dd38c4f130273ad5b8dfeae335f523,RGBA,,,,terminal-evidence,"[""preserve-original""]",,,,True,yes,acceptable,acceptable,,,[],,opaque,switching-lab-switch-device-cli-verification-1-31-1-31.png,orphan,0,False,False,False,False,evidence-terminal,documentation_assets/evidence-terminal/,high,high,,,Visual inspection of full inventory contact sheets; source/caption context cross-checked. Dense output; inspect original at full resolution before reconstruction.,Presumed original experimental capture; chain of custody not independently verified.
00_book/figures/report/diagrams/switching-lab/1_32.png,1_32.png,.png,380530,2560,1600,1.6,37146e37a9b4febb0fc9bed107ba957170ff600d494e95d0c61c8f1bf85ed550,RGBA,,,,ui,"[""lab-original-capture"", ""cams-ui"", ""preserve-original""]",manual-screenshot-probable,requires-new-docshot-workflow,"Visible OS window decorations/desktop, live lab device state or screenshot crop; report lab captions; no matching registered workflow in docshots/cli.py or shot registry.",True,uncertain,acceptable,acceptable,,,[],,opaque,switching-lab-switch-port-inventory-editor-1-32-1-32.png,orphan,0,False,False,False,False,ui-legacy,documentation_assets/ui-legacy/,medium,high,medium,medium,"Visual inspection of full inventory contact sheets; source/caption context cross-checked. Reproducibility is static source capability, not a successful rendering test.",Presumed original experimental capture; chain of custody not independently verified.
00_book/figures/report/diagrams/switching-lab/1_33.png,1_33.png,.png,110756,1481,809,1.830655,82ab183bf8cdc3a9d10a5182bbbd731d33be8d1621f4d8ecdce504f186a72226,RGBA,,,,terminal-evidence,"[""preserve-original""]",,,,True,yes,acceptable,acceptable,,,[],,opaque,switching-lab-switch-device-cli-verification-1-33-1-33.png,orphan,0,False,False,False,False,evidence-terminal,documentation_assets/evidence-terminal/,high,high,,,Visual inspection of full inventory contact sheets; source/caption context cross-checked.,Presumed original experimental capture; chain of custody not independently verified.
00_book/figures/report/diagrams/switching-lab/1_4.png,1_4.png,.png,339889,2560,1600,1.6,3fd658c84bf6466120bd2d60361f848f86c10a40c725bfd3e5ef40fee336e68b,RGBA,,,,ui,"[""lab-original-capture"", ""cams-ui"", ""preserve-original""]",manual-screenshot-probable,requires-new-docshot-workflow,"Visible OS window decorations/desktop, live lab device state or screenshot crop; report lab captions; no matching registered workflow in docshots/cli.py or shot registry.",True,uncertain,acceptable,acceptable,,,[],,opaque,switching-lab-switch-port-inventory-editor-1-4-1-4.png,orphan,0,False,False,False,False,ui-legacy,documentation_assets/ui-legacy/,medium,high,medium,medium,"Visual inspection of full inventory contact sheets; source/caption context cross-checked. Reproducibility is static source capability, not a successful rendering test.",Presumed original experimental capture; chain of custody not independently verified.
00_book/figures/report/diagrams/switching-lab/1_5.png,1_5.png,.png,345130,2560,1600,1.6,3c859b89c9c4c78c5b211ec7f92785b3c5f53d4ff5d8e456740f26779e8a119d,RGBA,,,,ui,"[""lab-original-capture"", ""cams-ui"", ""preserve-original""]",manual-screenshot-probable,requires-new-docshot-workflow,"Visible OS window decorations/desktop, live lab device state or screenshot crop; report lab captions; no matching registered workflow in docshots/cli.py or shot registry.",True,uncertain,acceptable,acceptable,,,[],,opaque,switching-lab-switch-port-inventory-editor-1-5-1-5.png,orphan,0,False,False,False,False,ui-legacy,documentation_assets/ui-legacy/,medium,high,medium,medium,"Visual inspection of full inventory contact sheets; source/caption context cross-checked. Reproducibility is static source capability, not a successful rendering test.",Presumed original experimental capture; chain of custody not independently verified.
00_book/figures/report/diagrams/switching-lab/1_6.png,1_6.png,.png,342749,2560,1600,1.6,f39954911fd7549af46cd42373b8abb14792b19df072535b28a4388ba32f4d2e,RGBA,,,,ui,"[""lab-original-capture"", ""cams-ui"", ""preserve-original""]",manual-screenshot-probable,requires-new-docshot-workflow,"Visible OS window decorations/desktop, live lab device state or screenshot crop; report lab captions; no matching registered workflow in docshots/cli.py or shot registry.",True,uncertain,acceptable,acceptable,,,[],,opaque,switching-lab-switch-port-inventory-editor-1-6-1-6.png,orphan,0,False,False,False,False,ui-legacy,documentation_assets/ui-legacy/,medium,high,medium,medium,"Visual inspection of full inventory contact sheets; source/caption context cross-checked. Reproducibility is static source capability, not a successful rendering test.",Presumed original experimental capture; chain of custody not independently verified.
00_book/figures/report/diagrams/switching-lab/1_7.png,1_7.png,.png,354259,2560,1600,1.6,dedb6deb08193e38e84bbebead2af995a078a115fca74f0acf53f89cb8e39252,RGBA,,,,ui,"[""lab-original-capture"", ""cams-ui"", ""preserve-original""]",manual-screenshot-probable,requires-new-docshot-workflow,"Visible OS window decorations/desktop, live lab device state or screenshot crop; report lab captions; no matching registered workflow in docshots/cli.py or shot registry.",True,uncertain,acceptable,acceptable,,,[],,opaque,switching-lab-switch-port-inventory-editor-1-7-1-7.png,orphan,0,False,False,False,False,ui-legacy,documentation_assets/ui-legacy/,medium,high,medium,medium,"Visual inspection of full inventory contact sheets; source/caption context cross-checked. Reproducibility is static source capability, not a successful rendering test.",Presumed original experimental capture; chain of custody not independently verified.
00_book/figures/report/diagrams/switching-lab/1_8.png,1_8.png,.png,355936,2560,1600,1.6,df02c9a5fa468fd5d37eeecdb165da6f7e27ff2d69a89e19f74dfc1866c1a787,RGBA,,,,ui,"[""lab-original-capture"", ""cams-ui"", ""preserve-original""]",manual-screenshot-probable,requires-new-docshot-workflow,"Visible OS window decorations/desktop, live lab device state or screenshot crop; report lab captions; no matching registered workflow in docshots/cli.py or shot registry.",True,uncertain,acceptable,acceptable,,,[],,opaque,switching-lab-switch-port-inventory-editor-1-8-1-8.png,orphan,0,False,False,False,False,ui-legacy,documentation_assets/ui-legacy/,medium,high,medium,medium,"Visual inspection of full inventory contact sheets; source/caption context cross-checked. Reproducibility is static source capability, not a successful rendering test.",Presumed original experimental capture; chain of custody not independently verified.
00_book/figures/report/diagrams/switching-lab/1_9.png,1_9.png,.png,394384,2560,1600,1.6,96df1218bdb35b2c11f851213763cadfe3258cdcbfea8fd39469d4ad86b50f90,RGBA,,,,ui,"[""lab-original-capture"", ""cams-ui"", ""preserve-original""]",manual-screenshot-probable,requires-new-docshot-workflow,"Visible OS window decorations/desktop, live lab device state or screenshot crop; report lab captions; no matching registered workflow in docshots/cli.py or shot registry.",True,uncertain,acceptable,acceptable,,,[],,opaque,switching-lab-switch-port-inventory-editor-1-9-1-9.png,orphan,0,False,False,False,False,ui-legacy,documentation_assets/ui-legacy/,medium,high,medium,medium,"Visual inspection of full inventory contact sheets; source/caption context cross-checked. Reproducibility is static source capability, not a successful rendering test.",Presumed original experimental capture; chain of custody not independently verified.
00_book/figures/report/diagrams/syslog-lab/01-syslog-configuration.png,01-syslog-configuration.png,.png,131989,1920,1050,1.828571,51181d736a2a2ced1d3840299b68cb2e48b84488d3feae8adbaa4840d6d9b5fe,RGBA,,,,ui,"[""lab-original-capture"", ""cams-ui"", ""preserve-original""]",manual-screenshot-probable,requires-new-docshot-workflow,"Visible OS window decorations/desktop, live lab device state or screenshot crop; report lab captions; no matching registered workflow in docshots/cli.py or shot registry.",True,uncertain,acceptable,acceptable,,,[],,partially-semantic,01-syslog-configuration.png,used,1,False,False,True,False,ui-legacy,documentation_assets/ui-legacy/,medium,high,medium,medium,"Visual inspection of full inventory contact sheets; source/caption context cross-checked. Reproducibility is static source capability, not a successful rendering test.",Presumed original experimental capture; chain of custody not independently verified.
00_book/figures/report/diagrams/syslog-lab/02-syslog-select-hosts.png,02-syslog-select-hosts.png,.png,56896,846,715,1.183217,7afe77c12c13f9fe152aee040f0af29b341423b0057ebb0386b00e5d423e9c2a,RGBA,,,,ui,"[""lab-original-capture"", ""cams-ui"", ""preserve-original""]",manual-screenshot-probable,requires-new-docshot-workflow,"Visible OS window decorations/desktop, live lab device state or screenshot crop; report lab captions; no matching registered workflow in docshots/cli.py or shot registry.",True,uncertain,acceptable,acceptable,,,[],,partially-semantic,02-syslog-select-hosts.png,used,1,False,False,True,False,ui-legacy,documentation_assets/ui-legacy/,medium,high,medium,medium,"Visual inspection of full inventory contact sheets; source/caption context cross-checked. Reproducibility is static source capability, not a successful rendering test.",Presumed original experimental capture; chain of custody not independently verified.
00_book/figures/report/diagrams/syslog-lab/03-syslog-source-interfaces.png,03-syslog-source-interfaces.png,.png,61583,842,710,1.185915,7ecdf0c4a43c0ba388723e93f0ccebc173133f7984ed6b759885d97c069effdd,RGBA,,,,ui,"[""lab-original-capture"", ""cams-ui"", ""preserve-original""]",manual-screenshot-probable,requires-new-docshot-workflow,"Visible OS window decorations/desktop, live lab device state or screenshot crop; report lab captions; no matching registered workflow in docshots/cli.py or shot registry.",True,uncertain,acceptable,acceptable,,,[],,partially-semantic,03-syslog-source-interfaces.png,used,1,False,False,True,False,ui-legacy,documentation_assets/ui-legacy/,medium,high,medium,medium,"Visual inspection of full inventory contact sheets; source/caption context cross-checked. Reproducibility is static source capability, not a successful rendering test.",Presumed original experimental capture; chain of custody not independently verified.
00_book/figures/report/diagrams/syslog-lab/04-syslog-policy.png,04-syslog-policy.png,.png,55938,850,708,1.200565,4f1eda866dd3eb5bacbc2fdaed3a169468e09b7f2e6ff4c1a6102c806058f93c,RGBA,,,,ui,"[""lab-original-capture"", ""cams-ui"", ""preserve-original""]",manual-screenshot-probable,requires-new-docshot-workflow,"Visible OS window decorations/desktop, live lab device state or screenshot crop; report lab captions; no matching registered workflow in docshots/cli.py or shot registry.",True,uncertain,acceptable,acceptable,,,[],,partially-semantic,04-syslog-policy.png,used,1,False,False,True,False,ui-legacy,documentation_assets/ui-legacy/,medium,high,medium,medium,"Visual inspection of full inventory contact sheets; source/caption context cross-checked. Reproducibility is static source capability, not a successful rendering test.",Presumed original experimental capture; chain of custody not independently verified.
00_book/figures/report/diagrams/syslog-lab/05-syslog-config-preview.png,05-syslog-config-preview.png,.png,131917,868,664,1.307229,18943f1005c33da824d4fb3f926757ccebe6686716594b8f5cff7c86512ae5be,RGBA,,,,ui,"[""lab-original-capture"", ""cams-ui"", ""preserve-original""]",manual-screenshot-probable,requires-new-docshot-workflow,"Visible OS window decorations/desktop, live lab device state or screenshot crop; report lab captions; no matching registered workflow in docshots/cli.py or shot registry.",True,uncertain,acceptable,acceptable,,,[],,partially-semantic,05-syslog-config-preview.png,used,1,False,False,True,False,ui-legacy,documentation_assets/ui-legacy/,medium,high,medium,medium,"Visual inspection of full inventory contact sheets; source/caption context cross-checked. Reproducibility is static source capability, not a successful rendering test.",Presumed original experimental capture; chain of custody not independently verified.
00_book/figures/report/diagrams/syslog-lab/06-syslog-r1-verify.png,06-syslog-r1-verify.png,.png,57032,1920,462,4.155844,e464fb805a52d0dff05099a045e896136ab1c49e58cd35f315996c08dc2ec795,RGBA,,,,terminal-evidence,"[""preserve-original""]",,,,True,yes,good,good,,,[],,partially-semantic,06-syslog-r1-verify.png,used,1,False,False,True,False,evidence-terminal,documentation_assets/evidence-terminal/,high,high,,,Visual inspection of full inventory contact sheets; source/caption context cross-checked.,Presumed original experimental capture; chain of custody not independently verified.
00_book/figures/report/diagrams/syslog-lab/07-syslog-r2-verify.png,07-syslog-r2-verify.png,.png,58250,1920,462,4.155844,475b3a652fd8f872d89b053e40122b032d6aad4c2b6633432aca27b544feb44f,RGBA,,,,terminal-evidence,"[""preserve-original""]",,,,True,yes,good,good,,,[],,partially-semantic,07-syslog-r2-verify.png,used,1,False,False,True,False,evidence-terminal,documentation_assets/evidence-terminal/,high,high,,,Visual inspection of full inventory contact sheets; source/caption context cross-checked.,Presumed original experimental capture; chain of custody not independently verified.
00_book/figures/report/diagrams/syslog-lab/08-syslog-r3-verify.png,08-syslog-r3-verify.png,.png,58219,1920,462,4.155844,50dc89bb8e87624ab477e260cfe93c4ff445208ebb04979818d51827fd854250,RGBA,,,,terminal-evidence,"[""preserve-original""]",,,,True,yes,good,good,,,[],,partially-semantic,08-syslog-r3-verify.png,used,1,False,False,True,False,evidence-terminal,documentation_assets/evidence-terminal/,high,high,,,Visual inspection of full inventory contact sheets; source/caption context cross-checked.,Presumed original experimental capture; chain of custody not independently verified.
00_book/figures/report/diagrams/syslog-lab/09-syslog-sw1-verify.png,09-syslog-sw1-verify.png,.png,60069,1920,462,4.155844,bd0e98a6c516845e809b04173228114abc6450ed48dc7c5ef775739cf494311f,RGBA,,,,terminal-evidence,"[""preserve-original""]",,,,True,yes,good,good,,,[],,partially-semantic,09-syslog-sw1-verify.png,used,1,False,False,True,False,evidence-terminal,documentation_assets/evidence-terminal/,high,high,,,Visual inspection of full inventory contact sheets; source/caption context cross-checked.,Presumed original experimental capture; chain of custody not independently verified.
00_book/figures/report/diagrams/syslog-lab/10-syslog-listener-before-start.png,10-syslog-listener-before-start.png,.png,139871,1916,1052,1.821293,edb43fe3150642711521940644439771acfd38318227560a95a7393862578eb9,RGBA,,,,ui,"[""lab-original-capture"", ""cams-ui"", ""preserve-original""]",manual-screenshot-probable,requires-new-docshot-workflow,"Visible OS window decorations/desktop, live lab device state or screenshot crop; report lab captions; no matching registered workflow in docshots/cli.py or shot registry.",True,uncertain,acceptable,acceptable,,,[],,partially-semantic,10-syslog-listener-before-start.png,used,1,False,False,True,False,ui-legacy,documentation_assets/ui-legacy/,medium,high,medium,medium,"Visual inspection of full inventory contact sheets; source/caption context cross-checked. Reproducibility is static source capability, not a successful rendering test.",Presumed original experimental capture; chain of custody not independently verified.
00_book/figures/report/diagrams/syslog-lab/11-syslog-listener-receiving.png,11-syslog-listener-receiving.png,.png,394039,1918,1041,1.842459,ce02038cc5dfe04872310878f812c8d483475e6e8486e235bedce402c6290446,RGBA,,,,ui,"[""lab-original-capture"", ""cams-ui"", ""preserve-original""]",manual-screenshot-probable,requires-new-docshot-workflow,"Visible OS window decorations/desktop, live lab device state or screenshot crop; report lab captions; no matching registered workflow in docshots/cli.py or shot registry.",True,uncertain,acceptable,acceptable,,,[],,partially-semantic,11-syslog-listener-receiving.png,used,1,False,False,True,False,ui-legacy,documentation_assets/ui-legacy/,medium,high,medium,medium,"Visual inspection of full inventory contact sheets; source/caption context cross-checked. Reproducibility is static source capability, not a successful rendering test.",Presumed original experimental capture; chain of custody not independently verified.
00_book/figures/report/diagrams/syslog-lab/12-syslog-message-detail.png,12-syslog-message-detail.png,.png,62238,766,549,1.395264,5a4bf790e665263e15d0e1e43bad53465fe1789a20cf792f49db1b49e6dc57f6,RGBA,,,,ui,"[""lab-original-capture"", ""cams-ui"", ""preserve-original""]",manual-screenshot-probable,requires-new-docshot-workflow,"Visible OS window decorations/desktop, live lab device state or screenshot crop; report lab captions; no matching registered workflow in docshots/cli.py or shot registry.",True,uncertain,acceptable,acceptable,,,[],,partially-semantic,12-syslog-message-detail.png,used,1,False,False,True,False,ui-legacy,documentation_assets/ui-legacy/,medium,high,medium,medium,"Visual inspection of full inventory contact sheets; source/caption context cross-checked. Reproducibility is static source capability, not a successful rendering test.",Presumed original experimental capture; chain of custody not independently verified.
00_book/figures/report/diagrams/syslog-lab/13-syslog-r1-device-logs.png,13-syslog-r1-device-logs.png,.png,363902,1920,1045,1.837321,e675147f607b1798c993af00025e8655f3822035d7f02c7bb085fbdb4e7a8acf,RGBA,,,,syslog-evidence,"[""preserve-original"", ""terminal-output""]",,,,True,uncertain,good,good,,,[],,partially-semantic,13-syslog-r1-device-logs.png,used,1,False,False,True,False,evidence-syslog,documentation_assets/evidence-syslog/,high,high,,,Visual inspection of full inventory contact sheets; source/caption context cross-checked. Dense output; inspect original at full resolution before reconstruction.,Presumed original experimental capture; chain of custody not independently verified.
00_book/figures/report/diagrams/syslog-lab/14-syslog-r2-device-logs.png,14-syslog-r2-device-logs.png,.png,361102,1920,1045,1.837321,3f37e39c36cc4be8fc0c0b48a99a5e33a6e67243d6d6fada5bb416bcc527e572,RGBA,,,,syslog-evidence,"[""preserve-original"", ""terminal-output""]",,,,True,uncertain,acceptable,acceptable,,,[],,partially-semantic,14-syslog-r2-device-logs.png,used,1,False,False,True,False,evidence-syslog,documentation_assets/evidence-syslog/,high,high,,,Visual inspection of full inventory contact sheets; source/caption context cross-checked. Dense output; inspect original at full resolution before reconstruction.,Presumed original experimental capture; chain of custody not independently verified.
00_book/figures/report/diagrams/syslog-lab/15-syslog-r3-device-logs.png,15-syslog-r3-device-logs.png,.png,343285,1920,1045,1.837321,7cdb3559149de2d91bd8a0392834a42a109a002a29433c79eedebb36d19f5ea4,RGBA,,,,syslog-evidence,"[""preserve-original"", ""terminal-output""]",,,,True,uncertain,acceptable,acceptable,,,[],,partially-semantic,15-syslog-r3-device-logs.png,used,1,False,False,True,False,evidence-syslog,documentation_assets/evidence-syslog/,high,high,,,Visual inspection of full inventory contact sheets; source/caption context cross-checked. Dense output; inspect original at full resolution before reconstruction.,Presumed original experimental capture; chain of custody not independently verified.
00_book/figures/report/diagrams/syslog-lab/16-syslog-sw1-device-logs.png,16-syslog-sw1-device-logs.png,.png,375285,1920,1045,1.837321,b95109940a7f52aa47823daf57eb5b60c086c420ae83cb2ee6fd4c422c6d4e16,RGBA,,,,syslog-evidence,"[""preserve-original"", ""terminal-output""]",,,,True,uncertain,acceptable,acceptable,,,[],,partially-semantic,16-syslog-sw1-device-logs.png,used,1,False,False,True,False,evidence-syslog,documentation_assets/evidence-syslog/,high,high,,,Visual inspection of full inventory contact sheets; source/caption context cross-checked. Dense output; inspect original at full resolution before reconstruction.,Presumed original experimental capture; chain of custody not independently verified.
00_book/figures/report/diagrams/syslog-lab/17-email-alert-settings.png,17-email-alert-settings.png,.png,91248,1252,990,1.264646,86ff34aae8825786d57c6ee17c6c77dca85f70c7ae0d2f91783e3752242cc438,RGB,,,,ui,"[""lab-original-capture"", ""cams-ui"", ""preserve-original""]",manual-screenshot-probable,requires-new-docshot-workflow,"Visible OS window decorations/desktop, live lab device state or screenshot crop; report lab captions; no matching registered workflow in docshots/cli.py or shot registry.",True,uncertain,acceptable,acceptable,,,[],,partially-semantic,17-email-alert-settings.png,used,1,False,False,True,False,ui-legacy,documentation_assets/ui-legacy/,medium,high,medium,medium,"Visual inspection of full inventory contact sheets; source/caption context cross-checked. Reproducibility is static source capability, not a successful rendering test.",Presumed original experimental capture; chain of custody not independently verified.
00_book/figures/report/diagrams/syslog-lab/18-email-critical.png,18-email-critical.png,.png,67325,680,745,0.912752,cc3a1e1101ac8a1754861ad77de1262b06a51f6026b949d1dae0162b61a0ebee,RGB,,,,syslog-evidence,"[""preserve-original"", ""email-alert""]",,,,True,uncertain,good,good,,,[],,partially-semantic,18-email-critical.png,used,1,False,False,True,False,evidence-syslog,documentation_assets/evidence-syslog/,high,high,,,Visual inspection of full inventory contact sheets; source/caption context cross-checked.,Presumed original experimental capture; chain of custody not independently verified.
00_book/figures/report/diagrams/syslog-lab/19-email-warning.png,19-email-warning.png,.png,71466,680,745,0.912752,3c508cda8b4b860271da1f5cd696ac491260658c2e21b515b8879062924c59c5,RGB,,,,syslog-evidence,"[""preserve-original"", ""email-alert""]",,,,True,uncertain,good,good,,,[],,partially-semantic,19-email-warning.png,used,1,False,False,True,False,evidence-syslog,documentation_assets/evidence-syslog/,high,high,,,Visual inspection of full inventory contact sheets; source/caption context cross-checked.,Presumed original experimental capture; chain of custody not independently verified.
00_book/figures/report/diagrams/syslog-lab/syslog-lab-topology-report.png,syslog-lab-topology-report.png,.png,183605,3036,2604,1.165899,fe2ee6aa95ad828e517f4d5f8bb974340ae3d447cc18f9f8927acfe5ddf66dd2,RGB,,,,network-diagram,[],,,,False,,,,,,[],uncertain,semantic,syslog-lab-topology-report.png,used,1,False,False,True,False,diagram-network,documentation_assets/diagram-network/,high,high,,,Visual inspection of full inventory contact sheets; source/caption context cross-checked. Same subject/name vector comparison: uncertain. No exporter provenance found; not classified derivative-raster.,
00_book/figures/report/diagrams/syslog-lab/syslog-lab-topology.svg,syslog-lab-topology.svg,.svg,305392,1518.0,1302.0,1.165899,f9599f89d5a29a964084addc839d730dbbd6c7cd5ebd6181ebcb19da74527e94,,0 0 1518 1302,1518px,1302px,network-diagram,"[""hybrid-svg""]",,,,False,,,,True,,"[""00_book/figures/report/diagrams/syslog-lab/syslog-lab-topology-report.png""]",uncertain,semantic,syslog-lab-topology.svg,orphan,0,False,False,False,False,diagram-network,documentation_assets/diagram-network/,high,high,,,Visual inspection of full inventory contact sheets; source/caption context cross-checked. SVG contains 13 raster image elements; Qt SVG preview may omit some embedded icons; hybrid source is not pure vector.,
00_book/figures/report/diagrams/vlan.png,vlan.png,.png,65104,627,262,2.39313,9fa7718ceb23b369c5a2c5b14817acf3e9fb423c0feb68b2968b7922b70ee2d0,RGBA,,,,network-diagram,[],,,,False,,,,,,[],,semantic,vlan.png,orphan,0,False,False,False,False,diagram-network,documentation_assets/diagram-network/,high,high,,,Visual inspection of full inventory contact sheets; source/caption context cross-checked.,
00_book/figures/report/misc/cams-screenshot-2026-09-13-18-17-17.png,cams-screenshot-2026-09-13-18-17-17.png,.png,85019,823,1049,0.784557,6959c9797d52630233fec989d45ddfe8f119e65b855675f6e8c6f50974163061,RGBA,,,,terminal-evidence,"[""preserve-original""]",,,,True,yes,acceptable,acceptable,,,[],,semantic,cams-screenshot-2026-09-13-18-17-17.png,orphan,0,False,False,False,False,evidence-terminal,documentation_assets/evidence-terminal/,high,high,,,Visual inspection of full inventory contact sheets; source/caption context cross-checked.,Presumed original experimental capture; chain of custody not independently verified.
00_book/figures/report/misc/xxd-ntp.png,xxd-ntp.png,.png,150217,990,853,1.16061,c373623ed7f3f94e1896f6fe79885bb2b08a8d1bf8d9e4f834d42a849fa575b8,RGBA,,,,terminal-evidence,"[""preserve-original""]",,,,True,yes,acceptable,acceptable,,,[],,semantic,xxd-ntp.png,used,1,False,False,True,False,evidence-terminal,documentation_assets/evidence-terminal/,high,high,,,Visual inspection of full inventory contact sheets; source/caption context cross-checked.,Presumed original experimental capture; chain of custody not independently verified.
00_report/Tai_lieu_lab/LAB1/1.png,1.png,.png,439764,966,1272,0.759434,6aa41e80ce608c6b09c21e5600b777bde5c4d2512a93dd7ff26d5857e8cbfd84,RGBA,,,,misc,"[""lab-source"", ""raw-source""]",,,,False,,,,,,[],,opaque,lab1-lab-instructions-page-1-1.png,orphan,0,False,False,False,False,misc,documentation_assets/misc/,high,high,,,"Visual inspection of full inventory contact sheets; source/caption context cross-checked. Raw lab source document page, not terminal screenshot; retain even without runtime document reference.",
00_report/Tai_lieu_lab/LAB1/10.png,10.png,.png,603285,966,1272,0.759434,828533ead3cd57400e0e5283746d00161b21c6e07059384ab59ade84a8e39c40,RGBA,,,,misc,"[""lab-source"", ""raw-source""]",,,,False,,,,,,[],,opaque,lab1-lab-instructions-page-10-10.png,orphan,0,False,False,False,False,misc,documentation_assets/misc/,high,high,,,"Visual inspection of full inventory contact sheets; source/caption context cross-checked. Raw lab source document page, not terminal screenshot; retain even without runtime document reference.",
00_report/Tai_lieu_lab/LAB1/11.png,11.png,.png,518234,966,1272,0.759434,eb6025386ea56806dd0b0920d077825ec70c62ce0000d17d9b447987aca0956d,RGBA,,,,misc,"[""lab-source"", ""raw-source""]",,,,False,,,,,,[],,opaque,lab1-lab-instructions-page-11-11.png,orphan,0,False,False,False,False,misc,documentation_assets/misc/,high,high,,,"Visual inspection of full inventory contact sheets; source/caption context cross-checked. Raw lab source document page, not terminal screenshot; retain even without runtime document reference.",
00_report/Tai_lieu_lab/LAB1/12.png,12.png,.png,302211,966,1272,0.759434,946d740fe99320c44e4888b74729519a000b7ed922563c6d099f83ff7f33bee1,RGBA,,,,misc,"[""lab-source"", ""raw-source""]",,,,False,,,,,,[],,opaque,lab1-lab-instructions-page-12-12.png,orphan,0,False,False,False,False,misc,documentation_assets/misc/,high,high,,,"Visual inspection of full inventory contact sheets; source/caption context cross-checked. Raw lab source document page, not terminal screenshot; retain even without runtime document reference.",
00_report/Tai_lieu_lab/LAB1/2.png,2.png,.png,446313,966,1272,0.759434,8596a6c164db878a4ece2230ac8151e58a32a4283edc5608d1e49db5e1ae3bb1,RGBA,,,,misc,"[""lab-source"", ""raw-source""]",,,,False,,,,,,[],,opaque,lab1-lab-instructions-page-2-2.png,orphan,0,False,False,False,False,misc,documentation_assets/misc/,high,high,,,"Visual inspection of full inventory contact sheets; source/caption context cross-checked. Raw lab source document page, not terminal screenshot; retain even without runtime document reference.",
00_report/Tai_lieu_lab/LAB1/3.png,3.png,.png,503507,966,1272,0.759434,35b14269f906eb7ccb69262e61fe064d7d250cd9d5e5094388cd999212dbe411,RGBA,,,,misc,"[""lab-source"", ""raw-source""]",,,,False,,,,,,[],,opaque,lab1-lab-instructions-page-3-3.png,orphan,0,False,False,False,False,misc,documentation_assets/misc/,high,high,,,"Visual inspection of full inventory contact sheets; source/caption context cross-checked. Raw lab source document page, not terminal screenshot; retain even without runtime document reference.",
00_report/Tai_lieu_lab/LAB1/4.png,4.png,.png,631407,966,1272,0.759434,5e5e654beba37961a3a3003d28ac090817469471cf4bbfe68c21eea251d2c9fc,RGBA,,,,misc,"[""lab-source"", ""raw-source""]",,,,False,,,,,,[],,opaque,lab1-lab-instructions-page-4-4.png,orphan,0,False,False,False,False,misc,documentation_assets/misc/,high,high,,,"Visual inspection of full inventory contact sheets; source/caption context cross-checked. Raw lab source document page, not terminal screenshot; retain even without runtime document reference.",
00_report/Tai_lieu_lab/LAB1/5.png,5.png,.png,495261,966,1272,0.759434,dd0b9e69be911e2f0555945f83b22a1646189571b36b230904b3f7351c42f9d4,RGBA,,,,misc,"[""lab-source"", ""raw-source""]",,,,False,,,,,,[],,opaque,lab1-lab-instructions-page-5-5.png,orphan,0,False,False,False,False,misc,documentation_assets/misc/,high,high,,,"Visual inspection of full inventory contact sheets; source/caption context cross-checked. Raw lab source document page, not terminal screenshot; retain even without runtime document reference.",
00_report/Tai_lieu_lab/LAB1/6.png,6.png,.png,571147,966,1272,0.759434,8883a73b382c0cc63029bb8b016f94daf8ef1bcfeeddeec430fe102f318432a9,RGBA,,,,misc,"[""lab-source"", ""raw-source""]",,,,False,,,,,,[],,opaque,lab1-lab-instructions-page-6-6.png,orphan,0,False,False,False,False,misc,documentation_assets/misc/,high,high,,,"Visual inspection of full inventory contact sheets; source/caption context cross-checked. Raw lab source document page, not terminal screenshot; retain even without runtime document reference.",
00_report/Tai_lieu_lab/LAB1/7.png,7.png,.png,522904,966,1272,0.759434,7b31b60da9d6d2f0a0b031c6852eab8fe5da6b356d71a86ce1b370eae574b630,RGBA,,,,misc,"[""lab-source"", ""raw-source""]",,,,False,,,,,,[],,opaque,lab1-lab-instructions-page-7-7.png,orphan,0,False,False,False,False,misc,documentation_assets/misc/,high,high,,,"Visual inspection of full inventory contact sheets; source/caption context cross-checked. Raw lab source document page, not terminal screenshot; retain even without runtime document reference.",
00_report/Tai_lieu_lab/LAB1/8.png,8.png,.png,555840,966,1272,0.759434,07678ac436952f9649d5ea5d2f4a43846be724a59c29c76152fb718dfc609084,RGBA,,,,misc,"[""lab-source"", ""raw-source""]",,,,False,,,,,,[],,opaque,lab1-lab-instructions-page-8-8.png,orphan,0,False,False,False,False,misc,documentation_assets/misc/,high,high,,,"Visual inspection of full inventory contact sheets; source/caption context cross-checked. Raw lab source document page, not terminal screenshot; retain even without runtime document reference.",
00_report/Tai_lieu_lab/LAB1/9.png,9.png,.png,592658,966,1272,0.759434,d01d7503f8598dc438848dfad420461b4ab8576bc6665160904c8e64975f56a4,RGBA,,,,misc,"[""lab-source"", ""raw-source""]",,,,False,,,,,,[],,opaque,lab1-lab-instructions-page-9-9.png,orphan,0,False,False,False,False,misc,documentation_assets/misc/,high,high,,,"Visual inspection of full inventory contact sheets; source/caption context cross-checked. Raw lab source document page, not terminal screenshot; retain even without runtime document reference.",
00_report/Tai_lieu_lab/LAB1/ANH_CUA_LAB/1.png,1.png,.png,34570,1194,477,2.503145,74c29016a3676863772550c4667803fdc4fb9b88df30d3b52b302c9cafd7406b,RGBA,,,,network-diagram,[],,,,False,,,,,,[],,opaque,anh-cua-lab-lab-router-switch-management-topology-1.png,orphan,0,False,False,False,False,diagram-network,documentation_assets/diagram-network/,high,high,,,Visual inspection of full inventory contact sheets; source/caption context cross-checked.,
00_report/Tai_lieu_lab/LAB1/ANH_CUA_LAB/image copy 10.png,image copy 10.png,.png,114135,1072,850,1.261176,d55b18190588ee09255251eedc63a7e1a99baf3021b0baa6846df8978b002376,RGBA,,,,terminal-evidence,"[""preserve-original""]",,,,True,yes,acceptable,acceptable,,,[],,problematic,anh-cua-lab-r2-interface-ip-configuration-verification-image-copy-10.png,orphan,0,False,False,False,False,evidence-terminal,documentation_assets/evidence-terminal/,high,high,,,Visual inspection of full inventory contact sheets; source/caption context cross-checked.,Presumed original experimental capture; chain of custody not independently verified.
00_report/Tai_lieu_lab/LAB1/ANH_CUA_LAB/image copy 11.png,image copy 11.png,.png,274596,2560,1469,1.742682,28ff2c929329b7833b5712209863eb6b649fa90db21e90275363287df33ffa76,RGBA,,,,ui,"[""lab-original-capture"", ""cams-ui"", ""preserve-original""]",manual-screenshot-probable,requires-new-docshot-workflow,"Visible OS window decorations/desktop, live lab device state or screenshot crop; report lab captions; no matching registered workflow in docshots/cli.py or shot registry.",True,uncertain,acceptable,acceptable,,,[],,problematic,anh-cua-lab-l2-security-static-mac-editor-image-copy-11.png,orphan,0,False,False,False,False,ui-legacy,documentation_assets/ui-legacy/,medium,high,medium,medium,"Visual inspection of full inventory contact sheets; source/caption context cross-checked. Reproducibility is static source capability, not a successful rendering test.",Presumed original experimental capture; chain of custody not independently verified.
00_report/Tai_lieu_lab/LAB1/ANH_CUA_LAB/image copy 12.png,image copy 12.png,.png,35768,1066,244,4.368852,ab8aded7672c08b97c0643bdd1791c26ed3fa64b01feb03a4ae3cc1c8a86371b,RGBA,,,,terminal-evidence,"[""preserve-original""]",,,,True,yes,good,good,,,[],,problematic,anh-cua-lab-r2-interface-status-verification-image-copy-12.png,orphan,0,False,False,False,False,evidence-terminal,documentation_assets/evidence-terminal/,high,high,,,Visual inspection of full inventory contact sheets; source/caption context cross-checked.,Presumed original experimental capture; chain of custody not independently verified.
00_report/Tai_lieu_lab/LAB1/ANH_CUA_LAB/image copy 13.png,image copy 13.png,.png,122997,2084,273,7.6337,a9b78706fbfb63382ea5e3320cc1adfa4ef832fbd1081ff901ea2dfcd189a7d4,RGBA,,,,ui,"[""lab-original-capture"", ""cams-ui"", ""preserve-original""]",manual-screenshot-probable,requires-new-docshot-workflow,"Visible OS window decorations/desktop, live lab device state or screenshot crop; report lab captions; no matching registered workflow in docshots/cli.py or shot registry.",True,uncertain,acceptable,acceptable,,,[],,problematic,anh-cua-lab-system-logs-filtered-messages-image-copy-13.png,orphan,0,False,False,False,False,ui-legacy,documentation_assets/ui-legacy/,medium,high,medium,medium,"Visual inspection of full inventory contact sheets; source/caption context cross-checked. Reproducibility is static source capability, not a successful rendering test.",Presumed original experimental capture; chain of custody not independently verified.
00_report/Tai_lieu_lab/LAB1/ANH_CUA_LAB/image copy 14.png,image copy 14.png,.png,516415,2560,1600,1.6,a3895e9de8a2d994816268fa1660ea080efdc9eeff685856f7a7007121d96e86,RGBA,,,,ui,"[""lab-original-capture"", ""cams-ui"", ""preserve-original""]",manual-screenshot-probable,requires-new-docshot-workflow,"Visible OS window decorations/desktop, live lab device state or screenshot crop; report lab captions; no matching registered workflow in docshots/cli.py or shot registry.",True,uncertain,acceptable,acceptable,,,[],,problematic,anh-cua-lab-l2-security-view-push-dialog-image-copy-14.png,orphan,0,False,False,False,False,ui-legacy,documentation_assets/ui-legacy/,medium,high,medium,medium,"Visual inspection of full inventory contact sheets; source/caption context cross-checked. Reproducibility is static source capability, not a successful rendering test.",Presumed original experimental capture; chain of custody not independently verified.
00_report/Tai_lieu_lab/LAB1/ANH_CUA_LAB/image copy 2.png,image copy 2.png,.png,354164,2560,1600,1.6,024af13df0779caba66b855b6a7130bd4d58be88dd8f391d243c1202d2a17fc1,RGBA,,,,ui,"[""lab-original-capture"", ""cams-ui"", ""preserve-original""]",manual-screenshot-probable,requires-new-docshot-workflow,"Visible OS window decorations/desktop, live lab device state or screenshot crop; report lab captions; no matching registered workflow in docshots/cli.py or shot registry.",True,uncertain,acceptable,acceptable,,,[],,problematic,anh-cua-lab-router-interface-editor-image-copy-2.png,orphan,0,False,False,False,False,ui-legacy,documentation_assets/ui-legacy/,medium,high,medium,medium,"Visual inspection of full inventory contact sheets; source/caption context cross-checked. Reproducibility is static source capability, not a successful rendering test.",Presumed original experimental capture; chain of custody not independently verified.
00_report/Tai_lieu_lab/LAB1/ANH_CUA_LAB/image copy 3.png,image copy 3.png,.png,255313,2560,1600,1.6,7ad40a276aa7e12cfd97d526642ffb2ba37168799fa3fb88335e593b300e3d66,RGBA,,,,ui,"[""lab-original-capture"", ""cams-ui"", ""preserve-original""]",manual-screenshot-probable,requires-new-docshot-workflow,"Visible OS window decorations/desktop, live lab device state or screenshot crop; report lab captions; no matching registered workflow in docshots/cli.py or shot registry.",True,uncertain,acceptable,acceptable,,,[],,problematic,anh-cua-lab-dhcp-pool-editor-image-copy-3.png,orphan,0,False,False,False,False,ui-legacy,documentation_assets/ui-legacy/,medium,high,medium,medium,"Visual inspection of full inventory contact sheets; source/caption context cross-checked. Reproducibility is static source capability, not a successful rendering test.",Presumed original experimental capture; chain of custody not independently verified.
00_report/Tai_lieu_lab/LAB1/ANH_CUA_LAB/image copy 4.png,image copy 4.png,.png,238231,2560,1600,1.6,68ecff69e5a1c2a524a52dff8c373a6431b7f479a3a725b805101e52574216f9,RGBA,,,,ui,"[""lab-original-capture"", ""cams-ui"", ""preserve-original""]",manual-screenshot-probable,requires-new-docshot-workflow,"Visible OS window decorations/desktop, live lab device state or screenshot crop; report lab captions; no matching registered workflow in docshots/cli.py or shot registry.",True,uncertain,acceptable,acceptable,,,[],,problematic,anh-cua-lab-acl-standard-rule-editor-image-copy-4.png,orphan,0,False,False,False,False,ui-legacy,documentation_assets/ui-legacy/,medium,high,medium,medium,"Visual inspection of full inventory contact sheets; source/caption context cross-checked. Reproducibility is static source capability, not a successful rendering test.",Presumed original experimental capture; chain of custody not independently verified.
00_report/Tai_lieu_lab/LAB1/ANH_CUA_LAB/image copy 5.png,image copy 5.png,.png,337342,2560,1600,1.6,9a736157d53bd4cff311a69f5bbf7b1e601e7271537c103733b3445726a82d71,RGBA,,,,ui,"[""lab-original-capture"", ""cams-ui"", ""preserve-original""]",manual-screenshot-probable,requires-new-docshot-workflow,"Visible OS window decorations/desktop, live lab device state or screenshot crop; report lab captions; no matching registered workflow in docshots/cli.py or shot registry.",True,uncertain,acceptable,acceptable,,,[],,problematic,anh-cua-lab-l2-security-port-security-editor-image-copy-5.png,orphan,0,False,False,False,False,ui-legacy,documentation_assets/ui-legacy/,medium,high,medium,medium,"Visual inspection of full inventory contact sheets; source/caption context cross-checked. Reproducibility is static source capability, not a successful rendering test.",Presumed original experimental capture; chain of custody not independently verified.
00_report/Tai_lieu_lab/LAB1/ANH_CUA_LAB/image copy 6.png,image copy 6.png,.png,331999,2560,1600,1.6,8e9d3d1ac6c8f7a0784c180da9597ce99243a514396398c0def289d7bd149c52,RGBA,,,,ui,"[""lab-original-capture"", ""cams-ui"", ""preserve-original""]",manual-screenshot-probable,requires-new-docshot-workflow,"Visible OS window decorations/desktop, live lab device state or screenshot crop; report lab captions; no matching registered workflow in docshots/cli.py or shot registry.",True,uncertain,acceptable,acceptable,,,[],,problematic,anh-cua-lab-l2-security-editor-save-result-image-copy-6.png,orphan,0,False,False,False,False,ui-legacy,documentation_assets/ui-legacy/,medium,high,medium,medium,"Visual inspection of full inventory contact sheets; source/caption context cross-checked. Reproducibility is static source capability, not a successful rendering test.",Presumed original experimental capture; chain of custody not independently verified.
00_report/Tai_lieu_lab/LAB1/ANH_CUA_LAB/image copy 7.png,image copy 7.png,.png,742530,2560,1600,1.6,9f817e2bdda981e47b3e4bee441f878942a715aa4383983a1f3388c2c1cc52ba,RGBA,,,,ui,"[""lab-original-capture"", ""cams-ui"", ""preserve-original""]",manual-screenshot-probable,requires-new-docshot-workflow,"Visible OS window decorations/desktop, live lab device state or screenshot crop; report lab captions; no matching registered workflow in docshots/cli.py or shot registry.",True,uncertain,acceptable,acceptable,,,[],,problematic,anh-cua-lab-system-logs-receiving-messages-image-copy-7.png,orphan,0,False,False,False,False,ui-legacy,documentation_assets/ui-legacy/,medium,high,medium,medium,"Visual inspection of full inventory contact sheets; source/caption context cross-checked. Reproducibility is static source capability, not a successful rendering test.",Presumed original experimental capture; chain of custody not independently verified.
00_report/Tai_lieu_lab/LAB1/ANH_CUA_LAB/image copy 8.png,image copy 8.png,.png,435911,2560,1600,1.6,52a672194f265d2296bff06ab2d2f5e19de0eebcbc45dbf60caabc0846cdd14e,RGBA,,,,ui,"[""lab-original-capture"", ""cams-ui"", ""preserve-original""]",manual-screenshot-probable,requires-new-docshot-workflow,"Visible OS window decorations/desktop, live lab device state or screenshot crop; report lab captions; no matching registered workflow in docshots/cli.py or shot registry.",True,uncertain,acceptable,acceptable,,,[],,problematic,anh-cua-lab-l2-security-view-push-overlay-image-copy-8.png,orphan,0,False,False,False,False,ui-legacy,documentation_assets/ui-legacy/,medium,high,medium,medium,"Visual inspection of full inventory contact sheets; source/caption context cross-checked. Reproducibility is static source capability, not a successful rendering test.",Presumed original experimental capture; chain of custody not independently verified.
00_report/Tai_lieu_lab/LAB1/ANH_CUA_LAB/image copy 9.png,image copy 9.png,.png,101058,1058,861,1.228804,3171f3d24cd65e8f1cade8d7e6710be77c4c158d2c395cb1e112ff8bc29bbb94,RGBA,,,,terminal-evidence,"[""preserve-original""]",,,,True,yes,acceptable,acceptable,,,[],,problematic,anh-cua-lab-r1-interface-ip-configuration-verification-image-copy-9.png,orphan,0,False,False,False,False,evidence-terminal,documentation_assets/evidence-terminal/,high,high,,,Visual inspection of full inventory contact sheets; source/caption context cross-checked.,Presumed original experimental capture; chain of custody not independently verified.
00_report/Tai_lieu_lab/LAB1/ANH_CUA_LAB/image copy.png,image copy.png,.png,341022,2560,1600,1.6,e07db6a50cd6276d1306b46e7a1a3b1b35b4b6cd4d89e3eb05ac744424c2b200,RGBA,,,,ui,"[""lab-original-capture"", ""cams-ui"", ""preserve-original""]",manual-screenshot-probable,requires-new-docshot-workflow,"Visible OS window decorations/desktop, live lab device state or screenshot crop; report lab captions; no matching registered workflow in docshots/cli.py or shot registry.",True,uncertain,acceptable,acceptable,,,[],,problematic,anh-cua-lab-router-interface-physical-settings-image-copy.png,orphan,0,False,False,False,False,ui-legacy,documentation_assets/ui-legacy/,medium,high,medium,medium,"Visual inspection of full inventory contact sheets; source/caption context cross-checked. Reproducibility is static source capability, not a successful rendering test.",Presumed original experimental capture; chain of custody not independently verified.
00_report/Tai_lieu_lab/LAB1/ANH_CUA_LAB/image.png,image.png,.png,436331,2560,1600,1.6,11c309a13360ee6c5b4f3661b371c8c563ca4e4c93fb42e3bc7432bbf0b2cfba,RGBA,,,,ui,"[""lab-original-capture"", ""cams-ui"", ""preserve-original""]",manual-screenshot-probable,requires-new-docshot-workflow,"Visible OS window decorations/desktop, live lab device state or screenshot crop; report lab captions; no matching registered workflow in docshots/cli.py or shot registry.",True,uncertain,acceptable,acceptable,,,[],,problematic,anh-cua-lab-switch-ports-inventory-image.png,orphan,0,False,False,False,False,ui-legacy,documentation_assets/ui-legacy/,medium,high,medium,medium,"Visual inspection of full inventory contact sheets; source/caption context cross-checked. Reproducibility is static source capability, not a successful rendering test.",Presumed original experimental capture; chain of custody not independently verified.
