current_path,document_usage,subject,current_provenance,reproducibility,known_generator,generator_command,recommended_action,provenance_evidence,confidence
00_book/figures/gui/chapter-02/01-welcome-window.png,"[""00_book/contents/02_cai_dat_su_dung.typ:146 (resolved)"", ""00_book/DOC/02_cai_dat_su_dung.md:188 (broken-local)""]",Màn hình Welcome của CAMS khi chưa có project gần đây.,unknown,reproducible-with-existing-framework,,,regenerate-later,CAMS UI visibly matches production QML; docs describe subject. No exact registered filename/workflow. Documentation-like styling alone does not establish docshot provenance.,medium
00_book/figures/gui/chapter-02/02-create-project.png,"[""00_book/contents/02_cai_dat_su_dung.typ:179 (resolved)"", ""00_book/DOC/02_cai_dat_su_dung.md:245 (broken-local)""]",Hộp thoại tạo một project CAMS mới.,unknown,reproducible-with-existing-framework,,,regenerate-later,CAMS UI visibly matches production QML; docs describe subject. No exact registered filename/workflow. Documentation-like styling alone does not establish docshot provenance.,medium
00_book/figures/gui/chapter-02/03-project-details.png,"[""00_book/contents/02_cai_dat_su_dung.typ:184 (resolved)"", ""00_book/DOC/02_cai_dat_su_dung.md:260 (broken-local)""]",Thông tin project mới đã sẵn sàng để xác nhận.,unknown,reproducible-with-existing-framework,,,regenerate-later,CAMS UI visibly matches production QML; docs describe subject. No exact registered filename/workflow. Documentation-like styling alone does not establish docshot provenance.,medium
00_book/figures/gui/chapter-02/04-workspace-opened.png,"[""00_book/contents/02_cai_dat_su_dung.typ:189 (resolved)"", ""00_book/DOC/02_cai_dat_su_dung.md:274 (broken-local)""]",Workspace trống sau khi project Network-Lab được tạo thành công.,unknown,reproducible-with-existing-framework,,,regenerate-later,CAMS UI visibly matches production QML; docs describe subject. No exact registered filename/workflow. Documentation-like styling alone does not establish docshot provenance.,medium
00_book/figures/gui/chapter-02/05-open-project-choice.png,"[""00_book/DOC/02_cai_dat_su_dung.md:316 (broken-local)""]",05-open-project-choice,unknown,reproducible-with-existing-framework,,,regenerate-later,CAMS UI visibly matches production QML; docs describe subject. No exact registered filename/workflow. Documentation-like styling alone does not establish docshot provenance.,medium
00_book/figures/gui/chapter-02/06-open-existing-project.png,"[""00_book/contents/02_cai_dat_su_dung.typ:214 (resolved)"", ""00_book/DOC/02_cai_dat_su_dung.md:330 (broken-local)""]",Workspace sau khi mở project Branch-Office-Lab có sẵn.,unknown,reproducible-with-existing-framework,,,regenerate-later,CAMS UI visibly matches production QML; docs describe subject. No exact registered filename/workflow. Documentation-like styling alone does not establish docshot provenance.,medium
00_book/figures/gui/chapter-02/07-recent-projects.png,"[""00_book/contents/02_cai_dat_su_dung.typ:223 (resolved)"", ""00_book/DOC/02_cai_dat_su_dung.md:351 (broken-local)""]",Danh sách Recent Projects với hai project mẫu hợp lệ.,unknown,reproducible-with-existing-framework,,,regenerate-later,CAMS UI visibly matches production QML; docs describe subject. No exact registered filename/workflow. Documentation-like styling alone does not establish docshot provenance.,medium
00_book/figures/gui/chapter-02/08-save-project.png,"[""00_book/contents/02_cai_dat_su_dung.typ:230 (resolved)"", ""00_book/DOC/02_cai_dat_su_dung.md:367 (broken-local)""]",Lệnh Save Workspace và các lệnh snapshot trong menu File.,unknown,reproducible-with-existing-framework,,,regenerate-later,CAMS UI visibly matches production QML; docs describe subject. No exact registered filename/workflow. Documentation-like styling alone does not establish docshot provenance.,medium
00_book/figures/gui/chapter-02/09-snapshot-history.png,"[""00_book/contents/02_cai_dat_su_dung.typ:248 (resolved)"", ""00_book/DOC/02_cai_dat_su_dung.md:404 (broken-local)""]",Khu vực Snapshot History với các điểm khôi phục của project.,unknown,reproducible-with-existing-framework,,,regenerate-later,CAMS UI visibly matches production QML; docs describe subject. No exact registered filename/workflow. Documentation-like styling alone does not establish docshot provenance.,medium
00_book/figures/gui/chapter-02/10-ready-workspace.png,"[""00_book/DOC/02_cai_dat_su_dung.md:461 (broken-local)""]",10-ready-workspace,unknown,reproducible-with-existing-framework,,,regenerate-later,CAMS UI visibly matches production QML; docs describe subject. No exact registered filename/workflow. Documentation-like styling alone does not establish docshot provenance.,medium
00_book/figures/gui/chapter-03/01-workspace-overview.png,"[""00_book/contents/03_giao_dien_dieu_huong.typ:16 (resolved)"", ""00_report/contents/08_xay_dung_phan_mem.typ:19 (resolved)"", ""00_book/DOC/03_giao_dien_dieu_huong.md:22 (broken-local)"", ""00_report/README.md:31 (mention-only)"", ""00_report/README.md:58 (mention-only)"", ""00_report/config/images.typ:3 (mention-only)"", ""MKDOCS.md:27 (broken-local)""]",Các khu vực chính trong Workspace của CAMS.,docshot-confirmed,reproducible-now,docshots/chapter03.py,uv run python scripts/docshots.py chapter-03,keep,"Exact current generator filename: docshots/chapter03.py; docshots/shots.py registry; tests/test_docshots_chapter03.py. Filename confirms supported shot, not byte-for-byte historical generation. CLI destination mismatch: docshots/cli.py:20-21,81-84.",high
00_book/figures/gui/chapter-03/02-menu-bar.png,"[""00_book/contents/03_giao_dien_dieu_huong.typ:47 (resolved)"", ""00_book/DOC/03_giao_dien_dieu_huong.md:72 (broken-local)""]",Các lệnh điều hướng trong menu View.,docshot-confirmed,reproducible-now,docshots/chapter03.py,uv run python scripts/docshots.py chapter-03,keep,"Exact current generator filename: docshots/chapter03.py; docshots/shots.py registry; tests/test_docshots_chapter03.py. Filename confirms supported shot, not byte-for-byte historical generation. CLI destination mismatch: docshots/cli.py:20-21,81-84.",high
00_book/figures/gui/chapter-03/03-activity-bar.png,"[""00_book/contents/03_giao_dien_dieu_huong.typ:56 (resolved)"", ""00_book/DOC/03_giao_dien_dieu_huong.md:92 (broken-local)""]",Nhóm điều hướng phía trên với Dashboard đang được chọn.,docshot-confirmed,reproducible-now,docshots/chapter03.py,uv run python scripts/docshots.py chapter-03,keep,"Exact current generator filename: docshots/chapter03.py; docshots/shots.py registry; tests/test_docshots_chapter03.py. Filename confirms supported shot, not byte-for-byte historical generation. CLI destination mismatch: docshots/cli.py:20-21,81-84.",high
00_book/figures/gui/chapter-03/04-devices-sidebar.png,"[""00_book/contents/03_giao_dien_dieu_huong.typ:69 (resolved)"", ""00_book/DOC/03_giao_dien_dieu_huong.md:127 (broken-local)""]",Devices Sidebar với các nhóm trạng thái và thiết bị mẫu.,docshot-confirmed,reproducible-now,docshots/chapter03.py,uv run python scripts/docshots.py chapter-03,keep,"Exact current generator filename: docshots/chapter03.py; docshots/shots.py registry; tests/test_docshots_chapter03.py. Filename confirms supported shot, not byte-for-byte historical generation. CLI destination mismatch: docshots/cli.py:20-21,81-84.",high
00_book/figures/gui/chapter-03/05-device-tabs.png,"[""00_book/contents/03_giao_dien_dieu_huong.typ:84 (resolved)"", ""00_book/DOC/03_giao_dien_dieu_huong.md:165 (broken-local)""]",Hai tab thiết bị với R1 đang là tab hoạt động.,docshot-confirmed,reproducible-now,docshots/chapter03.py,uv run python scripts/docshots.py chapter-03,keep,"Exact current generator filename: docshots/chapter03.py; docshots/shots.py registry; tests/test_docshots_chapter03.py. Filename confirms supported shot, not byte-for-byte historical generation. CLI destination mismatch: docshots/cli.py:20-21,81-84.",high
00_book/figures/gui/chapter-03/06-feature-bar-router.png,"[""00_book/contents/03_giao_dien_dieu_huong.typ:107 (resolved)"", ""00_book/DOC/03_giao_dien_dieu_huong.md:215 (broken-local)""]",Feature Bar khi làm việc với Router R1.,docshot-confirmed,reproducible-now,docshots/chapter03.py,uv run python scripts/docshots.py chapter-03,keep,"Exact current generator filename: docshots/chapter03.py; docshots/shots.py registry; tests/test_docshots_chapter03.py. Filename confirms supported shot, not byte-for-byte historical generation. CLI destination mismatch: docshots/cli.py:20-21,81-84.",high
00_book/figures/gui/chapter-03/07-feature-bar-switch.png,"[""00_book/contents/03_giao_dien_dieu_huong.typ:110 (resolved)"", ""00_book/DOC/03_giao_dien_dieu_huong.md:223 (broken-local)""]",Feature Bar khi làm việc với Router R1.,docshot-confirmed,reproducible-now,docshots/chapter03.py,uv run python scripts/docshots.py chapter-03,keep,"Exact current generator filename: docshots/chapter03.py; docshots/shots.py registry; tests/test_docshots_chapter03.py. Filename confirms supported shot, not byte-for-byte historical generation. CLI destination mismatch: docshots/cli.py:20-21,81-84.",high
00_book/figures/gui/chapter-03/08-content-area.png,"[""00_book/contents/03_giao_dien_dieu_huong.typ:133 (resolved)"", ""00_book/DOC/03_giao_dien_dieu_huong.md:258 (broken-local)""]",Phần nội dung Information của R1 khi chưa có dữ liệu cấu hình.,docshot-confirmed,reproducible-now,docshots/chapter03.py,uv run python scripts/docshots.py chapter-03,keep,"Exact current generator filename: docshots/chapter03.py; docshots/shots.py registry; tests/test_docshots_chapter03.py. Filename confirms supported shot, not byte-for-byte historical generation. CLI destination mismatch: docshots/cli.py:20-21,81-84.",high
00_book/figures/gui/chapter-03/09-status-bar.png,"[""00_book/contents/03_giao_dien_dieu_huong.typ:144 (resolved)"", ""00_book/DOC/03_giao_dien_dieu_huong.md:285 (broken-local)""]",Vị trí các nhóm thông tin trên Status Bar.,docshot-confirmed,reproducible-now,docshots/chapter03.py,uv run python scripts/docshots.py chapter-03,keep,"Exact current generator filename: docshots/chapter03.py; docshots/shots.py registry; tests/test_docshots_chapter03.py. Filename confirms supported shot, not byte-for-byte historical generation. CLI destination mismatch: docshots/cli.py:20-21,81-84.",high
00_book/figures/gui/chapter-03/09-status-details.png,"[""00_book/contents/03_giao_dien_dieu_huong.typ:149 (resolved)"", ""00_book/DOC/03_giao_dien_dieu_huong.md:300 (broken-local)""]","Chi tiết kết nối mẫu, RAM và biểu tượng thông báo.",docshot-confirmed,reproducible-now,docshots/chapter03.py,uv run python scripts/docshots.py chapter-03,keep,"Exact current generator filename: docshots/chapter03.py; docshots/shots.py registry; tests/test_docshots_chapter03.py. Filename confirms supported shot, not byte-for-byte historical generation. CLI destination mismatch: docshots/cli.py:20-21,81-84.",high
00_book/figures/gui/chapter-03/10-sidebar-collapsed.png,"[""00_book/contents/03_giao_dien_dieu_huong.typ:160 (resolved)"", ""00_book/DOC/03_giao_dien_dieu_huong.md:326 (broken-local)""]",Workspace khi Sidebar được thu gọn.,docshot-confirmed,reproducible-now,docshots/chapter03.py,uv run python scripts/docshots.py chapter-03,keep,"Exact current generator filename: docshots/chapter03.py; docshots/shots.py registry; tests/test_docshots_chapter03.py. Filename confirms supported shot, not byte-for-byte historical generation. CLI destination mismatch: docshots/cli.py:20-21,81-84.",high
00_book/figures/gui/chapter-04/01-devices-inventory.png,"[""00_book/contents/04_quan_ly_thiet_bi.typ:16 (resolved)"", ""00_book/DOC/04_quan_ly_thiet_bi.md:23 (broken-local)""]",Inventory gồm bốn thiết bị vừa được khai báo.,docshot-confirmed,reproducible-now,docshots/chapter04.py,uv run python scripts/docshots.py chapter-04,keep,"Exact current generator filename: docshots/chapter04.py; docshots/shots.py registry; tests/test_docshots_chapter04.py. Filename confirms supported shot, not byte-for-byte historical generation. CLI destination mismatch: docshots/cli.py:20-21,81-84.",high
00_book/figures/gui/chapter-04/02-add-device-empty.png,"[""00_book/contents/04_quan_ly_thiet_bi.typ:47 (resolved)"", ""00_book/DOC/04_quan_ly_thiet_bi.md:70 (broken-local)""]",Cửa sổ khai báo một thiết bị mới.,docshot-confirmed,reproducible-now,docshots/chapter04.py,uv run python scripts/docshots.py chapter-04,keep,"Exact current generator filename: docshots/chapter04.py; docshots/shots.py registry; tests/test_docshots_chapter04.py. Filename confirms supported shot, not byte-for-byte historical generation. CLI destination mismatch: docshots/cli.py:20-21,81-84.",high
00_book/figures/gui/chapter-04/03-add-device-filled.png,"[""00_book/contents/04_quan_ly_thiet_bi.typ:113 (resolved)"", ""00_book/DOC/04_quan_ly_thiet_bi.md:145 (broken-local)""]","Thông tin của R1 đã được điền, mật khẩu được che.",docshot-confirmed,reproducible-now,docshots/chapter04.py,uv run python scripts/docshots.py chapter-04,keep,"Exact current generator filename: docshots/chapter04.py; docshots/shots.py registry; tests/test_docshots_chapter04.py. Filename confirms supported shot, not byte-for-byte historical generation. CLI destination mismatch: docshots/cli.py:20-21,81-84.",high
00_book/figures/gui/chapter-04/04-device-added-waiting.png,"[""00_book/contents/04_quan_ly_thiet_bi.typ:135 (resolved)"", ""00_book/DOC/04_quan_ly_thiet_bi.md:196 (broken-local)""]",R1 xuất hiện trong Waiting sau khi được thêm.,docshot-confirmed,reproducible-now,docshots/chapter04.py,uv run python scripts/docshots.py chapter-04,keep,"Exact current generator filename: docshots/chapter04.py; docshots/shots.py registry; tests/test_docshots_chapter04.py. Filename confirms supported shot, not byte-for-byte historical generation. CLI destination mismatch: docshots/cli.py:20-21,81-84.",high
00_book/figures/gui/chapter-04/05-ssh-compatibility.png,"[""00_book/contents/04_quan_ly_thiet_bi.typ:120 (resolved)"", ""00_book/DOC/04_quan_ly_thiet_bi.md:160 (broken-local)""]",Các trường tương thích SSH riêng cho một thiết bị.,docshot-confirmed,reproducible-now,docshots/chapter04.py,uv run python scripts/docshots.py chapter-04,keep,"Exact current generator filename: docshots/chapter04.py; docshots/shots.py registry; tests/test_docshots_chapter04.py. Filename confirms supported shot, not byte-for-byte historical generation. CLI destination mismatch: docshots/cli.py:20-21,81-84.",high
00_book/figures/gui/chapter-04/06-add-multiple-devices.png,"[""00_book/contents/04_quan_ly_thiet_bi.typ:144 (resolved)"", ""00_book/DOC/04_quan_ly_thiet_bi.md:213 (broken-local)""]",Cửa sổ thêm nhiều thiết bị và các nút nhập danh sách.,docshot-confirmed,reproducible-now,docshots/chapter04.py,uv run python scripts/docshots.py chapter-04,keep,"Exact current generator filename: docshots/chapter04.py; docshots/shots.py registry; tests/test_docshots_chapter04.py. Filename confirms supported shot, not byte-for-byte historical generation. CLI destination mismatch: docshots/cli.py:20-21,81-84.",high
00_book/figures/gui/chapter-04/07-batch-devices-filled.png,"[""00_book/contents/04_quan_ly_thiet_bi.typ:157 (resolved)"", ""00_book/DOC/04_quan_ly_thiet_bi.md:241 (broken-local)""]",Ba thiết bị bổ sung với Role riêng trên từng dòng.,docshot-confirmed,reproducible-now,docshots/chapter04.py,uv run python scripts/docshots.py chapter-04,keep,"Exact current generator filename: docshots/chapter04.py; docshots/shots.py registry; tests/test_docshots_chapter04.py. Filename confirms supported shot, not byte-for-byte historical generation. CLI destination mismatch: docshots/cli.py:20-21,81-84.",high
00_book/figures/gui/chapter-04/08-search-filter.png,"[""00_book/contents/04_quan_ly_thiet_bi.typ:200 (resolved)"", ""00_book/DOC/04_quan_ly_thiet_bi.md:332 (broken-local)""]",Tìm SW để giữ lại các switch phù hợp.,docshot-confirmed,reproducible-now,docshots/chapter04.py,uv run python scripts/docshots.py chapter-04,keep,"Exact current generator filename: docshots/chapter04.py; docshots/shots.py registry; tests/test_docshots_chapter04.py. Filename confirms supported shot, not byte-for-byte historical generation. CLI destination mismatch: docshots/cli.py:20-21,81-84.",high
00_book/figures/gui/chapter-04/09-device-context-waiting.png,"[""00_book/contents/04_quan_ly_thiet_bi.typ:238 (resolved)"", ""00_book/DOC/04_quan_ly_thiet_bi.md:400 (broken-local)""]",Menu của thiết bị Waiting với lệnh Connect.,docshot-confirmed,reproducible-now,docshots/chapter04.py,uv run python scripts/docshots.py chapter-04,keep,"Exact current generator filename: docshots/chapter04.py; docshots/shots.py registry; tests/test_docshots_chapter04.py. Filename confirms supported shot, not byte-for-byte historical generation. CLI destination mismatch: docshots/cli.py:20-21,81-84.",high
00_book/figures/gui/chapter-04/10-device-connected.png,"[""00_book/contents/04_quan_ly_thiet_bi.typ:250 (resolved)"", ""00_book/DOC/04_quan_ly_thiet_bi.md:427 (broken-local)""]",R1 chuyển sang Connected sau thao tác Connect.,docshot-confirmed,reproducible-now,docshots/chapter04.py,uv run python scripts/docshots.py chapter-04,keep,"Exact current generator filename: docshots/chapter04.py; docshots/shots.py registry; tests/test_docshots_chapter04.py. Filename confirms supported shot, not byte-for-byte historical generation. CLI destination mismatch: docshots/cli.py:20-21,81-84.",high
00_book/figures/gui/chapter-04/11-device-context-connected.png,"[""00_book/contents/04_quan_ly_thiet_bi.typ:241 (resolved)"", ""00_book/contents/12_truyen_tep_sftp.typ:133 (resolved)"", ""00_book/DOC/04_quan_ly_thiet_bi.md:409 (broken-local)"", ""00_book/DOC/12_truyen_tep_sftp.md:196 (broken-local)""]",Menu của thiết bị Waiting với lệnh Connect.,docshot-confirmed,reproducible-now,docshots/chapter04.py,uv run python scripts/docshots.py chapter-04,keep,"Exact current generator filename: docshots/chapter04.py; docshots/shots.py registry; tests/test_docshots_chapter04.py. Filename confirms supported shot, not byte-for-byte historical generation. CLI destination mismatch: docshots/cli.py:20-21,81-84.",high
00_book/figures/gui/chapter-04/12-device-context-disconnected.png,"[""00_book/contents/04_quan_ly_thiet_bi.typ:261 (resolved)"", ""00_book/DOC/04_quan_ly_thiet_bi.md:454 (broken-local)""]",Lệnh Reconnect của thiết bị Disconnected.,docshot-confirmed,reproducible-now,docshots/chapter04.py,uv run python scripts/docshots.py chapter-04,keep,"Exact current generator filename: docshots/chapter04.py; docshots/shots.py registry; tests/test_docshots_chapter04.py. Filename confirms supported shot, not byte-for-byte historical generation. CLI destination mismatch: docshots/cli.py:20-21,81-84.",high
00_book/figures/gui/chapter-04/13-multi-select.png,"[""00_book/contents/04_quan_ly_thiet_bi.typ:211 (resolved)"", ""00_book/DOC/04_quan_ly_thiet_bi.md:358 (broken-local)""]",Bốn host được chọn với trạng thái hỗn hợp.,docshot-confirmed,reproducible-now,docshots/chapter04.py,uv run python scripts/docshots.py chapter-04,keep,"Exact current generator filename: docshots/chapter04.py; docshots/shots.py registry; tests/test_docshots_chapter04.py. Filename confirms supported shot, not byte-for-byte historical generation. CLI destination mismatch: docshots/cli.py:20-21,81-84.",high
00_book/figures/gui/chapter-04/14-multi-select-actions.png,"[""00_book/contents/04_quan_ly_thiet_bi.typ:305 (resolved)"", ""00_book/DOC/04_quan_ly_thiet_bi.md:552 (broken-local)""]",Thao tác hàng loạt với bốn thiết bị được chọn.,docshot-confirmed,reproducible-now,docshots/chapter04.py,uv run python scripts/docshots.py chapter-04,keep,"Exact current generator filename: docshots/chapter04.py; docshots/shots.py registry; tests/test_docshots_chapter04.py. Filename confirms supported shot, not byte-for-byte historical generation. CLI destination mismatch: docshots/cli.py:20-21,81-84.",high
00_book/figures/gui/chapter-04/15-edit-device.png,"[""00_book/contents/04_quan_ly_thiet_bi.typ:328 (resolved)"", ""00_book/DOC/04_quan_ly_thiet_bi.md:585 (broken-local)""]",Đổi tên R1 thành Core-Router trong Edit Device.,docshot-confirmed,reproducible-now,docshots/chapter04.py,uv run python scripts/docshots.py chapter-04,keep,"Exact current generator filename: docshots/chapter04.py; docshots/shots.py registry; tests/test_docshots_chapter04.py. Filename confirms supported shot, not byte-for-byte historical generation. CLI destination mismatch: docshots/cli.py:20-21,81-84.",high
00_book/figures/gui/chapter-04/16-delete-device-confirmation.png,"[""00_book/contents/04_quan_ly_thiet_bi.typ:341 (resolved)"", ""00_book/DOC/04_quan_ly_thiet_bi.md:619 (broken-local)""]",Xác nhận trước khi xóa vĩnh viễn thiết bị tạm.,docshot-confirmed,reproducible-now,docshots/chapter04.py,uv run python scripts/docshots.py chapter-04,keep,"Exact current generator filename: docshots/chapter04.py; docshots/shots.py registry; tests/test_docshots_chapter04.py. Filename confirms supported shot, not byte-for-byte historical generation. CLI destination mismatch: docshots/cli.py:20-21,81-84.",high
00_book/figures/gui/chapter-04/17-running-config-result.png,"[""00_book/contents/04_quan_ly_thiet_bi.typ:282 (resolved)"", ""00_book/DOC/04_quan_ly_thiet_bi.md:499 (broken-local)""]",Một phiên bản running-config trong Information.,docshot-confirmed,reproducible-now,docshots/chapter04.py,uv run python scripts/docshots.py chapter-04,keep,"Exact current generator filename: docshots/chapter04.py; docshots/shots.py registry; tests/test_docshots_chapter04.py. Filename confirms supported shot, not byte-for-byte historical generation. CLI destination mismatch: docshots/cli.py:20-21,81-84.",high
00_book/figures/gui/chapter-04/18-import-result.png,"[""00_book/contents/04_quan_ly_thiet_bi.typ:189 (resolved)"", ""00_book/DOC/04_quan_ly_thiet_bi.md:307 (broken-local)""]",TEMP-SW xuất hiện trong inventory sau import.,docshot-confirmed,reproducible-now,docshots/chapter04.py,uv run python scripts/docshots.py chapter-04,keep,"Exact current generator filename: docshots/chapter04.py; docshots/shots.py registry; tests/test_docshots_chapter04.py. Filename confirms supported shot, not byte-for-byte historical generation. CLI destination mismatch: docshots/cli.py:20-21,81-84.",high
00_book/figures/gui/chapter-04/19-batch-table-detail.png,"[""00_book/contents/04_quan_ly_thiet_bi.typ:162 (resolved)"", ""00_book/DOC/04_quan_ly_thiet_bi.md:254 (broken-local)""]",Chi tiết Host và Name của ba dòng nhập.,docshot-confirmed,reproducible-now,docshots/chapter04.py,uv run python scripts/docshots.py chapter-04,keep,"Exact current generator filename: docshots/chapter04.py; docshots/shots.py registry; tests/test_docshots_chapter04.py. Filename confirms supported shot, not byte-for-byte historical generation. CLI destination mismatch: docshots/cli.py:20-21,81-84.",high
00_book/figures/gui/chapter-05/01-router-interface-overview.png,"[""00_book/contents/05_cau_hinh_interface_router.typ:16 (resolved)"", ""00_book/DOC/05_cau_hinh_interface_router.md:19 (broken-local)""]",Tổng quan tab Physical của Router Interface.,unknown,reproducible-with-existing-framework,,,regenerate-later,CAMS UI visibly matches production QML; docs describe subject. No exact registered filename/workflow. Documentation-like styling alone does not establish docshot provenance.,medium
00_book/figures/gui/chapter-05/02-edit-physical-interface.png,"[""00_book/DOC/05_cau_hinh_interface_router.md:43 (broken-local)""]",02-edit-physical-interface,unknown,reproducible-with-existing-framework,,,regenerate-later,CAMS UI visibly matches production QML; docs describe subject. No exact registered filename/workflow. Documentation-like styling alone does not establish docshot provenance.,medium
00_book/figures/gui/chapter-05/03-physical-interface-configured.png,"[""00_book/contents/05_cau_hinh_interface_router.typ:37 (resolved)"", ""00_book/DOC/05_cau_hinh_interface_router.md:60 (broken-local)""]",Các giá trị chuẩn bị lưu cho interface vật lý.,unknown,reproducible-with-existing-framework,,,regenerate-later,CAMS UI visibly matches production QML; docs describe subject. No exact registered filename/workflow. Documentation-like styling alone does not establish docshot provenance.,medium
00_book/figures/gui/chapter-05/04-loopback-interface.png,"[""00_book/contents/05_cau_hinh_interface_router.typ:62 (resolved)"", ""00_book/DOC/05_cau_hinh_interface_router.md:86 (broken-local)""]",Loopback0 dùng địa chỉ /32 làm Router ID mẫu.,unknown,reproducible-with-existing-framework,,,regenerate-later,CAMS UI visibly matches production QML; docs describe subject. No exact registered filename/workflow. Documentation-like styling alone does not establish docshot provenance.,medium
00_book/figures/gui/chapter-05/05-tunnel-interface.png,"[""00_book/contents/05_cau_hinh_interface_router.typ:71 (resolved)"", ""00_book/DOC/05_cau_hinh_interface_router.md:103 (broken-local)""]","Tunnel10 với source, destination, key và keepalive mẫu.",unknown,reproducible-with-existing-framework,,,regenerate-later,CAMS UI visibly matches production QML; docs describe subject. No exact registered filename/workflow. Documentation-like styling alone does not establish docshot provenance.,medium
00_book/figures/gui/chapter-05/06-subinterface.png,"[""00_book/contents/05_cau_hinh_interface_router.typ:80 (resolved)"", ""00_book/DOC/05_cau_hinh_interface_router.md:120 (broken-local)""]",Subinterface .20 làm gateway cho VLAN 20.,unknown,reproducible-with-existing-framework,,,regenerate-later,CAMS UI visibly matches production QML; docs describe subject. No exact registered filename/workflow. Documentation-like styling alone does not establish docshot provenance.,medium
00_book/figures/gui/chapter-05/07-view-push-preview.png,"[""00_book/contents/05_cau_hinh_interface_router.typ:89 (resolved)"", ""00_report/contents/08_xay_dung_phan_mem.typ:49 (resolved)"", ""00_book/DOC/05_cau_hinh_interface_router.md:135 (broken-local)""]",Preview tổng hợp các tác vụ Router Interface đang chờ.,unknown,reproducible-with-existing-framework,,,regenerate-later,CAMS UI visibly matches production QML; docs describe subject. No exact registered filename/workflow. Documentation-like styling alone does not establish docshot provenance.,medium
00_book/figures/gui/chapter-06/01-static-routes.png,"[""00_book/contents/06_cau_hinh_routing.typ:20 (resolved)"", ""00_book/DOC/06_cau_hinh_routing.md:24 (broken-local)""]",Hai static route đã lưu cho R1.,unknown,reproducible-with-existing-framework,,,regenerate-later,CAMS UI visibly matches production QML; docs describe subject. No exact registered filename/workflow. Documentation-like styling alone does not establish docshot provenance.,medium
00_book/figures/gui/chapter-06/02-default-routes.png,"[""00_book/DOC/06_cau_hinh_routing.md:46 (broken-local)""]",02-default-routes,unknown,reproducible-with-existing-framework,,,regenerate-later,CAMS UI visibly matches production QML; docs describe subject. No exact registered filename/workflow. Documentation-like styling alone does not establish docshot provenance.,medium
00_book/figures/gui/chapter-06/03-ospf-process.png,"[""00_book/contents/06_cau_hinh_routing.typ:52 (resolved)"", ""00_book/DOC/06_cau_hinh_routing.md:68 (broken-local)""]",OSPF process 10 với Router ID 1.1.1.1.,unknown,reproducible-with-existing-framework,,,regenerate-later,CAMS UI visibly matches production QML; docs describe subject. No exact registered filename/workflow. Documentation-like styling alone does not establish docshot provenance.,medium
00_book/figures/gui/chapter-06/04-ospf-networks.png,"[""00_book/contents/06_cau_hinh_routing.typ:65 (resolved)"", ""00_book/DOC/06_cau_hinh_routing.md:87 (broken-local)""]",Các network statement thuộc area 0 và area 10.,unknown,reproducible-with-existing-framework,,,regenerate-later,CAMS UI visibly matches production QML; docs describe subject. No exact registered filename/workflow. Documentation-like styling alone does not establish docshot provenance.,medium
00_book/figures/gui/chapter-06/05-ospf-areas.png,"[""00_book/contents/06_cau_hinh_routing.typ:74 (resolved)"", ""00_book/DOC/06_cau_hinh_routing.md:102 (broken-local)""]",Area 0 và stub area 10 cùng một summary range.,unknown,reproducible-with-existing-framework,,,regenerate-later,CAMS UI visibly matches production QML; docs describe subject. No exact registered filename/workflow. Documentation-like styling alone does not establish docshot provenance.,medium
00_book/figures/gui/chapter-06/06-ospf-distance.png,"[""00_book/DOC/06_cau_hinh_routing.md:117 (broken-local)""]",06-ospf-distance,unknown,reproducible-with-existing-framework,,,regenerate-later,CAMS UI visibly matches production QML; docs describe subject. No exact registered filename/workflow. Documentation-like styling alone does not establish docshot provenance.,medium
00_book/figures/gui/chapter-06/07-ospf-redistribute.png,"[""00_book/contents/06_cau_hinh_routing.typ:89 (resolved)"", ""00_book/DOC/06_cau_hinh_routing.md:130 (broken-local)""]",Redistribute static có route-map và metric mẫu.,unknown,reproducible-with-existing-framework,,,regenerate-later,CAMS UI visibly matches production QML; docs describe subject. No exact registered filename/workflow. Documentation-like styling alone does not establish docshot provenance.,medium
00_book/figures/gui/chapter-06/08-ospf-interfaces.png,"[""00_book/contents/06_cau_hinh_routing.typ:98 (resolved)"", ""00_book/DOC/06_cau_hinh_routing.md:145 (broken-local)""]","Cost, timer, network type, BFD và authentication trên interface.",unknown,reproducible-with-existing-framework,,,regenerate-later,CAMS UI visibly matches production QML; docs describe subject. No exact registered filename/workflow. Documentation-like styling alone does not establish docshot provenance.,medium
00_book/figures/gui/chapter-06/09-ospf-passive-interface.png,"[""00_book/DOC/06_cau_hinh_routing.md:161 (broken-local)""]",09-ospf-passive-interface,unknown,reproducible-with-existing-framework,,,regenerate-later,CAMS UI visibly matches production QML; docs describe subject. No exact registered filename/workflow. Documentation-like styling alone does not establish docshot provenance.,medium
00_book/figures/gui/chapter-06/10-ospf-tuning.png,"[""00_book/DOC/06_cau_hinh_routing.md:171 (broken-local)""]",10-ospf-tuning,unknown,reproducible-with-existing-framework,,,regenerate-later,CAMS UI visibly matches production QML; docs describe subject. No exact registered filename/workflow. Documentation-like styling alone does not establish docshot provenance.,medium
00_book/figures/gui/chapter-06/11-eigrp-process.png,"[""00_book/contents/06_cau_hinh_routing.typ:121 (resolved)"", ""00_book/DOC/06_cau_hinh_routing.md:190 (broken-local)""]",EIGRP AS 100 với các tham số process mẫu.,unknown,reproducible-with-existing-framework,,,regenerate-later,CAMS UI visibly matches production QML; docs describe subject. No exact registered filename/workflow. Documentation-like styling alone does not establish docshot provenance.,medium
00_book/figures/gui/chapter-06/12-eigrp-networks.png,"[""00_book/DOC/06_cau_hinh_routing.md:206 (broken-local)""]",12-eigrp-networks,unknown,reproducible-with-existing-framework,,,regenerate-later,CAMS UI visibly matches production QML; docs describe subject. No exact registered filename/workflow. Documentation-like styling alone does not establish docshot provenance.,medium
00_book/figures/gui/chapter-06/13-eigrp-interfaces.png,"[""00_book/contents/06_cau_hinh_routing.typ:134 (resolved)"", ""00_book/DOC/06_cau_hinh_routing.md:217 (broken-local)""]",Các tham số EIGRP của GigabitEthernet0/1.,unknown,reproducible-with-existing-framework,,,regenerate-later,CAMS UI visibly matches production QML; docs describe subject. No exact registered filename/workflow. Documentation-like styling alone does not establish docshot provenance.,medium
00_book/figures/gui/chapter-06/14-eigrp-passive-interface.png,"[""00_book/DOC/06_cau_hinh_routing.md:232 (broken-local)""]",14-eigrp-passive-interface,unknown,reproducible-with-existing-framework,,,regenerate-later,CAMS UI visibly matches production QML; docs describe subject. No exact registered filename/workflow. Documentation-like styling alone does not establish docshot provenance.,medium
00_book/figures/gui/chapter-06/15-eigrp-redistribute.png,"[""00_book/contents/06_cau_hinh_routing.typ:147 (resolved)"", ""00_book/DOC/06_cau_hinh_routing.md:243 (broken-local)""]",Redistribute static vào EIGRP với route-map và seed metric.,unknown,reproducible-with-existing-framework,,,regenerate-later,CAMS UI visibly matches production QML; docs describe subject. No exact registered filename/workflow. Documentation-like styling alone does not establish docshot provenance.,medium
00_book/figures/gui/chapter-06/16-eigrp-distribute-list.png,"[""00_book/DOC/06_cau_hinh_routing.md:254 (broken-local)""]",16-eigrp-distribute-list,unknown,reproducible-with-existing-framework,,,regenerate-later,CAMS UI visibly matches production QML; docs describe subject. No exact registered filename/workflow. Documentation-like styling alone does not establish docshot provenance.,medium
00_book/figures/gui/chapter-06/17-eigrp-offset-list.png,"[""00_book/DOC/06_cau_hinh_routing.md:265 (broken-local)""]",17-eigrp-offset-list,unknown,reproducible-with-existing-framework,,,regenerate-later,CAMS UI visibly matches production QML; docs describe subject. No exact registered filename/workflow. Documentation-like styling alone does not establish docshot provenance.,medium
00_book/figures/gui/chapter-06/18-eigrp-key-chains.png,"[""00_book/contents/06_cau_hinh_routing.typ:164 (resolved)"", ""00_book/DOC/06_cau_hinh_routing.md:279 (broken-local)""]",Key chain KC-EIGRP và khoảng thời gian hiệu lực mẫu.,unknown,reproducible-with-existing-framework,,,regenerate-later,CAMS UI visibly matches production QML; docs describe subject. No exact registered filename/workflow. Documentation-like styling alone does not establish docshot provenance.,medium
00_book/figures/gui/chapter-06/19-routing-group-hosts.png,"[""00_book/contents/06_cau_hinh_routing.typ:177 (resolved)"", ""00_book/DOC/06_cau_hinh_routing.md:301 (broken-local)""]",Chọn hai router R1 và R2 cho Routing Group OSPF.,unknown,reproducible-with-existing-framework,,,regenerate-later,CAMS UI visibly matches production QML; docs describe subject. No exact registered filename/workflow. Documentation-like styling alone does not establish docshot provenance.,medium
00_book/figures/gui/chapter-06/20-routing-group-identity.png,"[""00_book/contents/06_cau_hinh_routing.typ:184 (resolved)"", ""00_book/DOC/06_cau_hinh_routing.md:312 (broken-local)""]",Process ID và Router ID riêng của từng router.,unknown,reproducible-with-existing-framework,,,regenerate-later,CAMS UI visibly matches production QML; docs describe subject. No exact registered filename/workflow. Documentation-like styling alone does not establish docshot provenance.,medium
00_book/figures/gui/chapter-06/21-routing-group-common.png,"[""00_book/DOC/06_cau_hinh_routing.md:323 (broken-local)""]",21-routing-group-common,unknown,reproducible-with-existing-framework,,,regenerate-later,CAMS UI visibly matches production QML; docs describe subject. No exact registered filename/workflow. Documentation-like styling alone does not establish docshot provenance.,medium
00_book/figures/gui/chapter-06/22-routing-group-networks.png,"[""00_book/contents/06_cau_hinh_routing.typ:195 (resolved)"", ""00_book/DOC/06_cau_hinh_routing.md:334 (broken-local)""]",Chọn network và area độc lập cho R1 và R2.,unknown,reproducible-with-existing-framework,,,regenerate-later,CAMS UI visibly matches production QML; docs describe subject. No exact registered filename/workflow. Documentation-like styling alone does not establish docshot provenance.,medium
00_book/figures/gui/chapter-06/23-static-view-push.png,"[""00_book/DOC/06_cau_hinh_routing.md:369 (broken-local)""]",23-static-view-push,unknown,reproducible-with-existing-framework,,,regenerate-later,CAMS UI visibly matches production QML; docs describe subject. No exact registered filename/workflow. Documentation-like styling alone does not establish docshot provenance.,medium
00_book/figures/gui/chapter-06/24-ospf-view-push.png,"[""00_book/contents/06_cau_hinh_routing.typ:229 (resolved)"", ""00_book/DOC/06_cau_hinh_routing.md:379 (broken-local)""]",View & Push OSPF với toàn bộ lệnh của process đang chờ.,unknown,reproducible-with-existing-framework,,,regenerate-later,CAMS UI visibly matches production QML; docs describe subject. No exact registered filename/workflow. Documentation-like styling alone does not establish docshot provenance.,medium
00_book/figures/gui/chapter-06/25-eigrp-view-push.png,"[""00_book/DOC/06_cau_hinh_routing.md:385 (broken-local)""]",25-eigrp-view-push,unknown,reproducible-with-existing-framework,,,regenerate-later,CAMS UI visibly matches production QML; docs describe subject. No exact registered filename/workflow. Documentation-like styling alone does not establish docshot provenance.,medium
00_book/figures/gui/chapter-06/26-routing-group-view-push.png,"[""00_book/contents/06_cau_hinh_routing.typ:205 (resolved)"", ""00_book/DOC/06_cau_hinh_routing.md:347 (broken-local)""]",View & Push OSPF tổng hợp lệnh riêng cho hai thiết bị.,unknown,reproducible-with-existing-framework,,,regenerate-later,CAMS UI visibly matches production QML; docs describe subject. No exact registered filename/workflow. Documentation-like styling alone does not establish docshot provenance.,medium
00_book/figures/gui/chapter-07/01-dhcp-pools.png,"[""00_book/contents/07_cau_hinh_dhcp.typ:20 (resolved)"", ""00_book/DOC/07_cau_hinh_dhcp.md:21 (broken-local)""]",Hai DHCP pool đã lưu cho các mạng VLAN 10 và VLAN 20.,unknown,reproducible-with-existing-framework,,,regenerate-later,CAMS UI visibly matches production QML; docs describe subject. No exact registered filename/workflow. Documentation-like styling alone does not establish docshot provenance.,medium
00_book/figures/gui/chapter-07/02-dhcp-excluded-addresses.png,"[""00_book/contents/07_cau_hinh_dhcp.typ:46 (resolved)"", ""00_book/DOC/07_cau_hinh_dhcp.md:49 (broken-local)""]",Hai khoảng địa chỉ bị loại trừ khỏi quá trình cấp phát.,unknown,reproducible-with-existing-framework,,,regenerate-later,CAMS UI visibly matches production QML; docs describe subject. No exact registered filename/workflow. Documentation-like styling alone does not establish docshot provenance.,medium
00_book/figures/gui/chapter-07/03-dhcp-helper-addresses.png,"[""00_book/contents/07_cau_hinh_dhcp.typ:55 (resolved)"", ""00_book/DOC/07_cau_hinh_dhcp.md:64 (broken-local)""]",Hai DHCP server dự phòng được gắn với interface relay.,unknown,reproducible-with-existing-framework,,,regenerate-later,CAMS UI visibly matches production QML; docs describe subject. No exact registered filename/workflow. Documentation-like styling alone does not establish docshot provenance.,medium
00_book/figures/gui/chapter-07/04-dhcp-view-push.png,"[""00_book/contents/07_cau_hinh_dhcp.typ:64 (resolved)"", ""00_book/DOC/07_cau_hinh_dhcp.md:79 (broken-local)""]","View & Push DHCP tổng hợp Pool, Excluded và Helper đang chờ.",unknown,reproducible-with-existing-framework,,,regenerate-later,CAMS UI visibly matches production QML; docs describe subject. No exact registered filename/workflow. Documentation-like styling alone does not establish docshot provenance.,medium
00_book/figures/gui/chapter-08/01-acl-standard.png,"[""00_book/contents/08_cau_hinh_acl.typ:19 (resolved)"", ""00_book/DOC/08_cau_hinh_acl.md:24 (broken-local)""]",Standard ACL cho phép mạng tin cậy rồi từ chối các nguồn còn lại.,unknown,reproducible-with-existing-framework,,,regenerate-later,CAMS UI visibly matches production QML; docs describe subject. No exact registered filename/workflow. Documentation-like styling alone does not establish docshot provenance.,medium
00_book/figures/gui/chapter-08/02-acl-extended.png,"[""00_book/contents/08_cau_hinh_acl.typ:28 (resolved)"", ""00_book/DOC/08_cau_hinh_acl.md:38 (broken-local)""]",Extended ACL cho phép TCP/443 tới application server.,unknown,reproducible-with-existing-framework,,,regenerate-later,CAMS UI visibly matches production QML; docs describe subject. No exact registered filename/workflow. Documentation-like styling alone does not establish docshot provenance.,medium
00_book/figures/gui/chapter-08/03-acl-dynamic.png,"[""00_book/contents/08_cau_hinh_acl.typ:37 (resolved)"", ""00_book/DOC/08_cau_hinh_acl.md:53 (broken-local)""]",Dynamic ACL cấp quyền SSH tạm thời cho người dùng từ xa.,unknown,reproducible-with-existing-framework,,,regenerate-later,CAMS UI visibly matches production QML; docs describe subject. No exact registered filename/workflow. Documentation-like styling alone does not establish docshot provenance.,medium
00_book/figures/gui/chapter-08/04-acl-reflexive.png,"[""00_book/contents/08_cau_hinh_acl.typ:46 (resolved)"", ""00_book/DOC/08_cau_hinh_acl.md:68 (broken-local)""]",Reflexive ACL theo dõi các session TCP đi ra từ mạng LAN.,unknown,reproducible-with-existing-framework,,,regenerate-later,CAMS UI visibly matches production QML; docs describe subject. No exact registered filename/workflow. Documentation-like styling alone does not establish docshot provenance.,medium
00_book/figures/gui/chapter-08/05-acl-mac.png,"[""00_book/contents/08_cau_hinh_acl.typ:55 (resolved)"", ""00_book/DOC/08_cau_hinh_acl.md:82 (broken-local)""]",MAC ACL cho phép một dải địa chỉ MAC tin cậy.,unknown,reproducible-with-existing-framework,,,regenerate-later,CAMS UI visibly matches production QML; docs describe subject. No exact registered filename/workflow. Documentation-like styling alone does not establish docshot provenance.,medium
00_book/figures/gui/chapter-08/06-acl-bindings.png,"[""00_book/contents/08_cau_hinh_acl.typ:64 (resolved)"", ""00_book/DOC/08_cau_hinh_acl.md:96 (broken-local)""]",Standard ACL được gắn chiều IN trên GigabitEthernet0/0.,unknown,reproducible-with-existing-framework,,,regenerate-later,CAMS UI visibly matches production QML; docs describe subject. No exact registered filename/workflow. Documentation-like styling alone does not establish docshot provenance.,medium
00_book/figures/gui/chapter-08/07-acl-view-push.png,"[""00_book/contents/08_cau_hinh_acl.typ:73 (resolved)"", ""00_book/DOC/08_cau_hinh_acl.md:112 (broken-local)""]",View & Push ACL tổng hợp năm ACL và interface binding đang chờ.,unknown,reproducible-with-existing-framework,,,regenerate-later,CAMS UI visibly matches production QML; docs describe subject. No exact registered filename/workflow. Documentation-like styling alone does not establish docshot provenance.,medium
00_book/figures/gui/chapter-09/01-hsrp-gateway-members.png,"[""00_book/DOC/09_cau_hinh_fhrp.md:49 (broken-local)""]",01-hsrp-gateway-members,unknown,reproducible-with-existing-framework,,,regenerate-later,CAMS UI visibly matches production QML; docs describe subject. No exact registered filename/workflow. Documentation-like styling alone does not establish docshot provenance.,medium
00_book/figures/gui/chapter-09/02-hsrp-authentication-timers.png,[],02-hsrp-authentication-timers,unknown,reproducible-with-existing-framework,,,regenerate-later,CAMS UI visibly matches production QML; docs describe subject. No exact registered filename/workflow. Documentation-like styling alone does not establish docshot provenance.,medium
00_book/figures/gui/chapter-09/03-hsrp-member-policy.png,"[""00_book/DOC/09_cau_hinh_fhrp.md:100 (broken-local)""]",03-hsrp-member-policy,unknown,reproducible-with-existing-framework,,,regenerate-later,CAMS UI visibly matches production QML; docs describe subject. No exact registered filename/workflow. Documentation-like styling alone does not establish docshot provenance.,medium
00_book/figures/gui/chapter-09/04-vrrp-configuration.png,"[""00_book/DOC/09_cau_hinh_fhrp.md:132 (broken-local)""]",04-vrrp-configuration,unknown,reproducible-with-existing-framework,,,regenerate-later,CAMS UI visibly matches production QML; docs describe subject. No exact registered filename/workflow. Documentation-like styling alone does not establish docshot provenance.,medium
00_book/figures/gui/chapter-09/05-glbp-configuration.png,"[""00_book/DOC/09_cau_hinh_fhrp.md:166 (broken-local)""]",05-glbp-configuration,unknown,reproducible-with-existing-framework,,,regenerate-later,CAMS UI visibly matches production QML; docs describe subject. No exact registered filename/workflow. Documentation-like styling alone does not establish docshot provenance.,medium
00_book/figures/gui/chapter-09/06-hsrp-view-push.png,"[""00_book/contents/09_cau_hinh_fhrp.typ:130 (resolved)"", ""00_book/DOC/09_cau_hinh_fhrp.md:193 (broken-local)""]",View & Push FHRP của nhóm HSRP trên R1 và R2.,unknown,reproducible-with-existing-framework,,,regenerate-later,CAMS UI visibly matches production QML; docs describe subject. No exact registered filename/workflow. Documentation-like styling alone does not establish docshot provenance.,medium
00_book/figures/gui/chapter-09/07-vrrp-view-push.png,"[""00_book/DOC/09_cau_hinh_fhrp.md:199 (broken-local)""]",07-vrrp-view-push,unknown,reproducible-with-existing-framework,,,regenerate-later,CAMS UI visibly matches production QML; docs describe subject. No exact registered filename/workflow. Documentation-like styling alone does not establish docshot provenance.,medium
00_book/figures/gui/chapter-09/08-glbp-view-push.png,"[""00_book/DOC/09_cau_hinh_fhrp.md:205 (broken-local)""]",08-glbp-view-push,unknown,reproducible-with-existing-framework,,,regenerate-later,CAMS UI visibly matches production QML; docs describe subject. No exact registered filename/workflow. Documentation-like styling alone does not establish docshot provenance.,medium
00_book/figures/gui/chapter-09/09-hsrp-gateway-form-zoom.png,"[""00_book/contents/09_cau_hinh_fhrp.typ:36 (resolved)"", ""00_book/DOC/09_cau_hinh_fhrp.md:39 (broken-local)""]",Cận cảnh khối Gateway identity và danh sách router tham gia.,unknown,reproducible-with-existing-framework,,,regenerate-later,CAMS UI visibly matches production QML; docs describe subject. No exact registered filename/workflow. Documentation-like styling alone does not establish docshot provenance.,medium
00_book/figures/gui/chapter-09/11-hsrp-primary-member-zoom.png,"[""00_book/contents/09_cau_hinh_fhrp.typ:61 (resolved)"", ""00_book/DOC/09_cau_hinh_fhrp.md:78 (broken-local)""]","R1 được đặt priority 120, bật Preempt và theo dõi object 1.",unknown,reproducible-with-existing-framework,,,regenerate-later,CAMS UI visibly matches production QML; docs describe subject. No exact registered filename/workflow. Documentation-like styling alone does not establish docshot provenance.,medium
00_book/figures/gui/chapter-09/12-hsrp-secondary-member-zoom.png,"[""00_book/contents/09_cau_hinh_fhrp.typ:66 (resolved)"", ""00_book/DOC/09_cau_hinh_fhrp.md:89 (broken-local)""]",R2 dùng cùng interface LAN nhưng có priority và delay riêng.,unknown,reproducible-with-existing-framework,,,regenerate-later,CAMS UI visibly matches production QML; docs describe subject. No exact registered filename/workflow. Documentation-like styling alone does not establish docshot provenance.,medium
00_book/figures/gui/chapter-09/13-vrrp-options-member-zoom.png,"[""00_book/contents/09_cau_hinh_fhrp.typ:79 (resolved)"", ""00_book/DOC/09_cau_hinh_fhrp.md:122 (broken-local)""]","Cận cảnh VRRPv2, advertisement timer và chính sách Master/Backup.",unknown,reproducible-with-existing-framework,,,regenerate-later,CAMS UI visibly matches production QML; docs describe subject. No exact registered filename/workflow. Documentation-like styling alone does not establish docshot provenance.,medium
00_book/figures/gui/chapter-09/14-glbp-weighting-zoom.png,"[""00_book/contents/09_cau_hinh_fhrp.typ:104 (resolved)"", ""00_book/DOC/09_cau_hinh_fhrp.md:155 (broken-local)""]","Cận cảnh weighting, threshold, forwarder preempt và tracking của GLBP.",unknown,reproducible-with-existing-framework,,,regenerate-later,CAMS UI visibly matches production QML; docs describe subject. No exact registered filename/workflow. Documentation-like styling alone does not establish docshot provenance.,medium
00_book/figures/gui/chapter-09/15-hsrp-auth-protocol-detail.png,"[""00_book/contents/09_cau_hinh_fhrp.typ:43 (resolved)"", ""00_book/DOC/09_cau_hinh_fhrp.md:59 (broken-local)""]","Cận cảnh xác thực, HSRP version và Hello/Hold timer.",unknown,reproducible-with-existing-framework,,,regenerate-later,CAMS UI visibly matches production QML; docs describe subject. No exact registered filename/workflow. Documentation-like styling alone does not establish docshot provenance.,medium
00_book/figures/gui/chapter-10/01-syslog-destinations.png,"[""00_book/contents/10_cau_hinh_syslog_server.typ:16 (resolved)"", ""00_book/DOC/10_cau_hinh_syslog_server.md:18 (broken-local)""]",Danh sách destination và trạng thái cấu hình Syslog của router.,unknown,reproducible-with-existing-framework,,,regenerate-later,CAMS UI visibly matches production QML; docs describe subject. No exact registered filename/workflow. Documentation-like styling alone does not establish docshot provenance.,medium
00_book/figures/gui/chapter-10/02-syslog-server-editor.png,"[""00_book/contents/10_cau_hinh_syslog_server.typ:23 (resolved)"", ""00_book/DOC/10_cau_hinh_syslog_server.md:31 (broken-local)""]","Biểu mẫu destination với địa chỉ máy thu, transport, port và policy log.",unknown,reproducible-with-existing-framework,,,regenerate-later,CAMS UI visibly matches production QML; docs describe subject. No exact registered filename/workflow. Documentation-like styling alone does not establish docshot provenance.,medium
00_book/figures/gui/chapter-10/03-syslog-group-hosts.png,"[""00_book/contents/10_cau_hinh_syslog_server.typ:51 (resolved)"", ""00_book/DOC/10_cau_hinh_syslog_server.md:58 (broken-local)""]",Chọn các router Connected đã có dữ liệu interface trong inventory.,unknown,reproducible-with-existing-framework,,,regenerate-later,CAMS UI visibly matches production QML; docs describe subject. No exact registered filename/workflow. Documentation-like styling alone does not establish docshot provenance.,medium
00_book/figures/gui/chapter-10/04-syslog-group-interfaces.png,"[""00_book/contents/10_cau_hinh_syslog_server.typ:58 (resolved)"", ""00_book/DOC/10_cau_hinh_syslog_server.md:70 (broken-local)""]",Chọn một source interface riêng cho từng router.,unknown,reproducible-with-existing-framework,,,regenerate-later,CAMS UI visibly matches production QML; docs describe subject. No exact registered filename/workflow. Documentation-like styling alone does not establish docshot provenance.,medium
00_book/figures/gui/chapter-10/05-syslog-group-policy.png,"[""00_book/contents/10_cau_hinh_syslog_server.typ:65 (resolved)"", ""00_book/DOC/10_cau_hinh_syslog_server.md:82 (broken-local)""]",Nhập destination và chính sách thông báo dùng chung cho cả nhóm.,unknown,reproducible-with-existing-framework,,,regenerate-later,CAMS UI visibly matches production QML; docs describe subject. No exact registered filename/workflow. Documentation-like styling alone does not establish docshot provenance.,medium
00_book/figures/gui/chapter-10/06-syslog-view-push.png,"[""00_book/contents/10_cau_hinh_syslog_server.typ:74 (resolved)"", ""00_book/DOC/10_cau_hinh_syslog_server.md:97 (broken-local)""]",View & Push SYSLOG tổng hợp lệnh riêng cho R1 và R2.,unknown,reproducible-with-existing-framework,,,regenerate-later,CAMS UI visibly matches production QML; docs describe subject. No exact registered filename/workflow. Documentation-like styling alone does not establish docshot provenance.,medium
00_book/figures/gui/chapter-11/01-quick-pat-setup.png,"[""00_book/contents/11_cau_hinh_nat.typ:16 (resolved)"", ""00_book/DOC/11_cau_hinh_nat.md:18 (broken-local)""]",Quick PAT Setup với hai interface và mạng LAN cần dịch địa chỉ.,unknown,reproducible-with-existing-framework,,,regenerate-later,CAMS UI visibly matches production QML; docs describe subject. No exact registered filename/workflow. Documentation-like styling alone does not establish docshot provenance.,medium
00_book/figures/gui/chapter-11/02-interfaces-form-zoom.png,"[""00_book/contents/11_cau_hinh_nat.typ:39 (resolved)"", ""00_book/DOC/11_cau_hinh_nat.md:41 (broken-local)""]",Form gán interface LAN vào vai trò Inside.,unknown,reproducible-with-existing-framework,,,regenerate-later,CAMS UI visibly matches production QML; docs describe subject. No exact registered filename/workflow. Documentation-like styling alone does not establish docshot provenance.,medium
00_book/figures/gui/chapter-11/03-interfaces-overview.png,"[""00_book/DOC/11_cau_hinh_nat.md:52 (broken-local)""]",03-interfaces-overview,unknown,reproducible-with-existing-framework,,,regenerate-later,CAMS UI visibly matches production QML; docs describe subject. No exact registered filename/workflow. Documentation-like styling alone does not establish docshot provenance.,medium
00_book/figures/gui/chapter-11/04-acl-form-zoom.png,"[""00_book/contents/11_cau_hinh_nat.typ:51 (resolved)"", ""00_book/DOC/11_cau_hinh_nat.md:62 (broken-local)""]",Form NAT ACL cho mạng 192.168.10.0/24.,unknown,reproducible-with-existing-framework,,,regenerate-later,CAMS UI visibly matches production QML; docs describe subject. No exact registered filename/workflow. Documentation-like styling alone does not establish docshot provenance.,medium
00_book/figures/gui/chapter-11/05-acl-overview.png,"[""00_book/DOC/11_cau_hinh_nat.md:80 (broken-local)""]",05-acl-overview,unknown,reproducible-with-existing-framework,,,regenerate-later,CAMS UI visibly matches production QML; docs describe subject. No exact registered filename/workflow. Documentation-like styling alone does not establish docshot provenance.,medium
00_book/figures/gui/chapter-11/06-static-form-zoom.png,"[""00_book/contents/11_cau_hinh_nat.typ:75 (resolved)"", ""00_book/DOC/11_cau_hinh_nat.md:91 (broken-local)""]",Form Static NAT ánh xạ TCP/443 nội bộ sang TCP/8443 bên ngoài.,unknown,reproducible-with-existing-framework,,,regenerate-later,CAMS UI visibly matches production QML; docs describe subject. No exact registered filename/workflow. Documentation-like styling alone does not establish docshot provenance.,medium
00_book/figures/gui/chapter-11/07-static-overview.png,"[""00_book/DOC/11_cau_hinh_nat.md:103 (broken-local)""]",07-static-overview,unknown,reproducible-with-existing-framework,,,regenerate-later,CAMS UI visibly matches production QML; docs describe subject. No exact registered filename/workflow. Documentation-like styling alone does not establish docshot provenance.,medium
00_book/figures/gui/chapter-11/08-dynamic-form-zoom.png,"[""00_book/contents/11_cau_hinh_nat.typ:95 (resolved)"", ""00_book/DOC/11_cau_hinh_nat.md:114 (broken-local)""]",Form Dynamic NAT Pool và ACL được liên kết.,unknown,reproducible-with-existing-framework,,,regenerate-later,CAMS UI visibly matches production QML; docs describe subject. No exact registered filename/workflow. Documentation-like styling alone does not establish docshot provenance.,medium
00_book/figures/gui/chapter-11/09-dynamic-overview.png,"[""00_book/DOC/11_cau_hinh_nat.md:125 (broken-local)""]",09-dynamic-overview,unknown,reproducible-with-existing-framework,,,regenerate-later,CAMS UI visibly matches production QML; docs describe subject. No exact registered filename/workflow. Documentation-like styling alone does not establish docshot provenance.,medium
00_book/figures/gui/chapter-11/10-pat-form-zoom.png,"[""00_book/contents/11_cau_hinh_nat.typ:115 (resolved)"", ""00_book/DOC/11_cau_hinh_nat.md:136 (broken-local)""]",Form PAT dùng địa chỉ của Outside Interface.,unknown,reproducible-with-existing-framework,,,regenerate-later,CAMS UI visibly matches production QML; docs describe subject. No exact registered filename/workflow. Documentation-like styling alone does not establish docshot provenance.,medium
00_book/figures/gui/chapter-11/11-pat-overview.png,"[""00_book/DOC/11_cau_hinh_nat.md:148 (broken-local)""]",11-pat-overview,unknown,reproducible-with-existing-framework,,,regenerate-later,CAMS UI visibly matches production QML; docs describe subject. No exact registered filename/workflow. Documentation-like styling alone does not establish docshot provenance.,medium
00_book/figures/gui/chapter-11/12-route-map-form-zoom.png,"[""00_book/contents/11_cau_hinh_nat.typ:134 (resolved)"", ""00_book/DOC/11_cau_hinh_nat.md:159 (broken-local)""]",Form Route Map Entry với sequence 10 và NAT ACL.,unknown,reproducible-with-existing-framework,,,regenerate-later,CAMS UI visibly matches production QML; docs describe subject. No exact registered filename/workflow. Documentation-like styling alone does not establish docshot provenance.,medium
00_book/figures/gui/chapter-11/13-route-map-overview.png,"[""00_book/DOC/11_cau_hinh_nat.md:173 (broken-local)""]",13-route-map-overview,unknown,reproducible-with-existing-framework,,,regenerate-later,CAMS UI visibly matches production QML; docs describe subject. No exact registered filename/workflow. Documentation-like styling alone does not establish docshot provenance.,medium
00_book/figures/gui/chapter-11/14-nat-view-push.png,"[""00_book/contents/11_cau_hinh_nat.typ:155 (resolved)"", ""00_book/DOC/11_cau_hinh_nat.md:185 (broken-local)""]","View & Push NAT tổng hợp interface role, ACL, Static, Dynamic, PAT và Route Map.",unknown,reproducible-with-existing-framework,,,regenerate-later,CAMS UI visibly matches production QML; docs describe subject. No exact registered filename/workflow. Documentation-like styling alone does not establish docshot provenance.,medium
00_book/figures/gui/chapter-12/01-sftp-connection-form.png,"[""00_book/contents/12_truyen_tep_sftp.typ:31 (resolved)"", ""00_book/DOC/12_truyen_tep_sftp.md:27 (broken-local)""]",Thông tin xác thực và trường Transfer mode của profile SFTP/SCP.,unknown,requires-new-docshot-workflow,,,investigate,CAMS UI visibly matches production QML; docs describe subject. No exact registered filename/workflow. Documentation-like styling alone does not establish docshot provenance. Transfer/log/counter/history fixtures are needed.,medium
00_book/figures/gui/chapter-12/02-sftp-workspace-overview.png,"[""00_book/contents/12_truyen_tep_sftp.typ:114 (resolved)"", ""00_book/DOC/12_truyen_tep_sftp.md:164 (broken-local)""]",Tổng thể Workspace SFTP với hai panel và hàng đợi truyền tệp.,unknown,requires-new-docshot-workflow,,,investigate,CAMS UI visibly matches production QML; docs describe subject. No exact registered filename/workflow. Documentation-like styling alone does not establish docshot provenance. Transfer/log/counter/history fixtures are needed.,medium
00_book/figures/gui/chapter-12/03-sftp-connection-bar.png,"[""00_book/contents/12_truyen_tep_sftp.typ:67 (resolved)"", ""00_book/DOC/12_truyen_tep_sftp.md:72 (broken-local)""]",Thanh kết nối nhanh có thêm lựa chọn Mode SFTP hoặc SCP.,unknown,requires-new-docshot-workflow,,,investigate,CAMS UI visibly matches production QML; docs describe subject. No exact registered filename/workflow. Documentation-like styling alone does not establish docshot provenance. Transfer/log/counter/history fixtures are needed.,medium
00_book/figures/gui/chapter-12/04-sftp-local-files.png,"[""00_book/DOC/12_truyen_tep_sftp.md:107 (broken-local)""]",04-sftp-local-files,unknown,requires-new-docshot-workflow,,,investigate,CAMS UI visibly matches production QML; docs describe subject. No exact registered filename/workflow. Documentation-like styling alone does not establish docshot provenance. Transfer/log/counter/history fixtures are needed.,medium
00_book/figures/gui/chapter-12/05-sftp-remote-files.png,"[""00_book/DOC/12_truyen_tep_sftp.md:124 (broken-local)""]",05-sftp-remote-files,unknown,requires-new-docshot-workflow,,,investigate,CAMS UI visibly matches production QML; docs describe subject. No exact registered filename/workflow. Documentation-like styling alone does not establish docshot provenance. Transfer/log/counter/history fixtures are needed.,medium
00_book/figures/gui/chapter-12/06-sftp-transfer-queue.png,"[""00_book/contents/12_truyen_tep_sftp.typ:119 (resolved)"", ""00_book/DOC/12_truyen_tep_sftp.md:173 (broken-local)""]","Tiến độ Upload, Download và trạng thái hoàn thành.",unknown,requires-new-docshot-workflow,,,investigate,CAMS UI visibly matches production QML; docs describe subject. No exact registered filename/workflow. Documentation-like styling alone does not establish docshot provenance. Transfer/log/counter/history fixtures are needed.,medium
00_book/figures/gui/chapter-12/07-sftp-host-key-confirmation.png,"[""00_book/contents/12_truyen_tep_sftp.typ:76 (resolved)"", ""00_book/DOC/12_truyen_tep_sftp.md:89 (broken-local)""]",Xác nhận fingerprint của SFTP server trước lần kết nối đầu tiên.,unknown,requires-new-docshot-workflow,,,investigate,CAMS UI visibly matches production QML; docs describe subject. No exact registered filename/workflow. Documentation-like styling alone does not establish docshot provenance. Transfer/log/counter/history fixtures are needed.,medium
00_book/figures/gui/chapter-12/08-sftp-connection-paths.png,"[""00_book/contents/12_truyen_tep_sftp.typ:54 (resolved)"", ""00_book/DOC/12_truyen_tep_sftp.md:49 (broken-local)""]",Đường dẫn local và remote được mở sau khi kết nối.,unknown,requires-new-docshot-workflow,,,investigate,CAMS UI visibly matches production QML; docs describe subject. No exact registered filename/workflow. Documentation-like styling alone does not establish docshot provenance. Transfer/log/counter/history fixtures are needed.,medium
00_book/figures/gui/chapter-12/09-scp-workspace.png,"[""00_book/contents/12_truyen_tep_sftp.typ:103 (resolved)"", ""00_book/DOC/12_truyen_tep_sftp.md:143 (broken-local)""]",Workspace SCP với đường dẫn remote nhập trực tiếp.,unknown,requires-new-docshot-workflow,,,investigate,CAMS UI visibly matches production QML; docs describe subject. No exact registered filename/workflow. Documentation-like styling alone does not establish docshot provenance. Transfer/log/counter/history fixtures are needed.,medium
00_book/figures/gui/chapter-12/10-sync-notifications.png,"[""00_book/contents/12_truyen_tep_sftp.typ:138 (resolved)"", ""00_book/DOC/12_truyen_tep_sftp.md:206 (broken-local)""]","Thông báo lần lượt khi lấy running-config, lưu snapshot và hoàn tất đồng bộ nền.",unknown,requires-new-docshot-workflow,,,investigate,CAMS UI visibly matches production QML; docs describe subject. No exact registered filename/workflow. Documentation-like styling alone does not establish docshot provenance. Transfer/log/counter/history fixtures are needed.,medium
00_book/figures/gui/chapter-12/11-running-config-history.png,"[""00_book/contents/12_truyen_tep_sftp.typ:150 (resolved)"", ""00_book/DOC/12_truyen_tep_sftp.md:228 (broken-local)""]",Snapshot mới nhất và danh sách các phiên bản running-config.,unknown,requires-new-docshot-workflow,,,investigate,CAMS UI visibly matches production QML; docs describe subject. No exact registered filename/workflow. Documentation-like styling alone does not establish docshot provenance. Transfer/log/counter/history fixtures are needed.,medium
00_book/figures/gui/chapter-12/12-running-config-diff.png,"[""00_book/contents/12_truyen_tep_sftp.typ:159 (resolved)"", ""00_report/contents/08_xay_dung_phan_mem.typ:36 (resolved)"", ""00_book/DOC/12_truyen_tep_sftp.md:244 (broken-local)""]",Diff giữa hai phiên bản với số dòng thêm và xóa.,unknown,requires-new-docshot-workflow,,,investigate,CAMS UI visibly matches production QML; docs describe subject. No exact registered filename/workflow. Documentation-like styling alone does not establish docshot provenance. Transfer/log/counter/history fixtures are needed.,medium
00_book/figures/gui/chapter-13/01-system-logs-overview.png,"[""00_book/contents/13_xem_system_logs.typ:29 (resolved)"", ""00_report/contents/08_xay_dung_phan_mem.typ:84 (resolved)"", ""00_book/DOC/13_xem_system_logs.md:37 (broken-local)""]",Tổng thể System Logs với đủ tám mức severity từ 0 đến 7.,unknown,requires-new-docshot-workflow,,,investigate,CAMS UI visibly matches production QML; docs describe subject. No exact registered filename/workflow. Documentation-like styling alone does not establish docshot provenance. Transfer/log/counter/history fixtures are needed.,medium
00_book/figures/gui/chapter-13/02-listener-status.png,"[""00_book/contents/13_xem_system_logs.typ:14 (resolved)"", ""00_book/DOC/13_xem_system_logs.md:13 (broken-local)""]",Listener đang nhận Syslog qua UDP và TCP.,unknown,requires-new-docshot-workflow,,,investigate,CAMS UI visibly matches production QML; docs describe subject. No exact registered filename/workflow. Documentation-like styling alone does not establish docshot provenance. Transfer/log/counter/history fixtures are needed.,medium
00_book/figures/gui/chapter-13/03-log-filter-bar.png,"[""00_book/contents/13_xem_system_logs.typ:67 (resolved)"", ""00_book/DOC/13_xem_system_logs.md:87 (broken-local)""]",Các điều kiện lọc nhanh trước khi đọc hoặc xuất log.,unknown,requires-new-docshot-workflow,,,investigate,CAMS UI visibly matches production QML; docs describe subject. No exact registered filename/workflow. Documentation-like styling alone does not establish docshot provenance. Transfer/log/counter/history fixtures are needed.,medium
00_book/figures/gui/chapter-13/04-severity-levels.png,"[""00_book/contents/13_xem_system_logs.typ:55 (resolved)"", ""00_book/DOC/13_xem_system_logs.md:66 (broken-local)""]",Bộ lọc cho phép chọn chính xác từng mức severity 0–7.,unknown,requires-new-docshot-workflow,,,investigate,CAMS UI visibly matches production QML; docs describe subject. No exact registered filename/workflow. Documentation-like styling alone does not establish docshot provenance. Transfer/log/counter/history fixtures are needed.,medium
00_book/figures/gui/chapter-13/05-critical-filter-result.png,"[""00_book/contents/13_xem_system_logs.typ:62 (resolved)"", ""00_report/contents/08_xay_dung_phan_mem.typ:114 (resolved)"", ""00_book/DOC/13_xem_system_logs.md:79 (broken-local)""]","Kết quả khi lọc đồng thời bốn mức nghiêm trọng 0, 1, 2 và 3.",unknown,requires-new-docshot-workflow,,,investigate,CAMS UI visibly matches production QML; docs describe subject. No exact registered filename/workflow. Documentation-like styling alone does not establish docshot provenance. Transfer/log/counter/history fixtures are needed.,medium
00_book/figures/gui/chapter-13/06-smart-filter-builder.png,"[""00_book/contents/13_xem_system_logs.typ:93 (resolved)"", ""00_book/DOC/13_xem_system_logs.md:112 (broken-local)""]","Smart Filter kết hợp host, severity, facility, mnemonic và thời gian.",unknown,requires-new-docshot-workflow,,,investigate,CAMS UI visibly matches production QML; docs describe subject. No exact registered filename/workflow. Documentation-like styling alone does not establish docshot provenance. Transfer/log/counter/history fixtures are needed.,medium
00_book/figures/gui/chapter-13/07-log-message-details.png,"[""00_book/contents/13_xem_system_logs.typ:119 (resolved)"", ""00_book/DOC/13_xem_system_logs.md:141 (broken-local)""]",Thông tin đã phân tích và raw message của một sự kiện Cisco.,unknown,requires-new-docshot-workflow,,,investigate,CAMS UI visibly matches production QML; docs describe subject. No exact registered filename/workflow. Documentation-like styling alone does not establish docshot provenance. Transfer/log/counter/history fixtures are needed.,medium
00_book/figures/gui/chapter-14/01-switch-ports-overview.png,"[""00_book/contents/14_interface_switch_l2.typ:85 (resolved)"", ""00_book/DOC/14_interface_switch_l2.md:99 (broken-local)""]",Tổng thể Switch Ports với hai Access Port và hai Trunk Port.,unknown,reproducible-with-existing-framework,,,regenerate-later,CAMS UI visibly matches production QML; docs describe subject. No exact registered filename/workflow. Documentation-like styling alone does not establish docshot provenance.,medium
00_book/figures/gui/chapter-14/02-access-port-form.png,"[""00_book/contents/14_interface_switch_l2.typ:16 (resolved)"", ""00_book/DOC/14_interface_switch_l2.md:17 (broken-local)""]",Form Access Port với VLAN dữ liệu và Voice VLAN.,unknown,reproducible-with-existing-framework,,,regenerate-later,CAMS UI visibly matches production QML; docs describe subject. No exact registered filename/workflow. Documentation-like styling alone does not establish docshot provenance.,medium
00_book/figures/gui/chapter-14/03-access-loop-protection.png,"[""00_book/contents/14_interface_switch_l2.typ:40 (resolved)"", ""00_book/DOC/14_interface_switch_l2.md:38 (broken-local)""]",PortFast và BPDU Guard trên port nối thiết bị đầu cuối.,unknown,reproducible-with-existing-framework,,,regenerate-later,CAMS UI visibly matches production QML; docs describe subject. No exact registered filename/workflow. Documentation-like styling alone does not establish docshot provenance.,medium
00_book/figures/gui/chapter-14/04-trunk-port-form.png,"[""00_book/contents/14_interface_switch_l2.typ:55 (resolved)"", ""00_book/DOC/14_interface_switch_l2.md:62 (broken-local)""]",Form Trunk với danh sách VLAN được phép đi qua liên kết.,unknown,reproducible-with-existing-framework,,,regenerate-later,CAMS UI visibly matches production QML; docs describe subject. No exact registered filename/workflow. Documentation-like styling alone does not establish docshot provenance.,medium
00_book/figures/gui/chapter-14/05-trunk-loop-protection.png,"[""00_book/contents/14_interface_switch_l2.typ:76 (resolved)"", ""00_book/DOC/14_interface_switch_l2.md:81 (broken-local)""]",Root Guard trên một uplink cần ngăn superior root.,unknown,reproducible-with-existing-framework,,,regenerate-later,CAMS UI visibly matches production QML; docs describe subject. No exact registered filename/workflow. Documentation-like styling alone does not establish docshot provenance.,medium
00_book/figures/gui/chapter-14/06-interfaces-view-push.png,"[""00_book/contents/14_interface_switch_l2.typ:94 (resolved)"", ""00_book/DOC/14_interface_switch_l2.md:113 (broken-local)""]",Preview riêng của Interfaces trước khi áp dụng lên SW2.,unknown,reproducible-with-existing-framework,,,regenerate-later,CAMS UI visibly matches production QML; docs describe subject. No exact registered filename/workflow. Documentation-like styling alone does not establish docshot provenance.,medium
00_book/figures/gui/chapter-15/01-vlan-form.png,"[""00_book/contents/15_vlan_etherchannel_stp_vtp.typ:16 (resolved)"", ""00_book/DOC/15_vlan_etherchannel_stp_vtp.md:16 (broken-local)""]",Form VLAN ID 10 dành cho người dùng.,unknown,reproducible-with-existing-framework,,,regenerate-later,CAMS UI visibly matches production QML; docs describe subject. No exact registered filename/workflow. Documentation-like styling alone does not establish docshot provenance.,medium
00_book/figures/gui/chapter-15/02-vlan-overview.png,"[""00_book/DOC/15_vlan_etherchannel_stp_vtp.md:31 (broken-local)""]",02-vlan-overview,unknown,reproducible-with-existing-framework,,,regenerate-later,CAMS UI visibly matches production QML; docs describe subject. No exact registered filename/workflow. Documentation-like styling alone does not establish docshot provenance.,medium
00_book/figures/gui/chapter-15/03-vlan-view-push.png,"[""00_book/contents/15_vlan_etherchannel_stp_vtp.typ:35 (resolved)"", ""00_book/DOC/15_vlan_etherchannel_stp_vtp.md:40 (broken-local)""]","Preview tạo VLAN 10, đặt tên Users và trạng thái active.",unknown,reproducible-with-existing-framework,,,regenerate-later,CAMS UI visibly matches production QML; docs describe subject. No exact registered filename/workflow. Documentation-like styling alone does not establish docshot provenance.,medium
00_book/figures/gui/chapter-15/04-etherchannel-form.png,"[""00_book/contents/15_vlan_etherchannel_stp_vtp.typ:42 (resolved)"", ""00_book/DOC/15_vlan_etherchannel_stp_vtp.md:51 (broken-local)""]",Port-channel10 dùng LACP active với hai member uplink.,unknown,reproducible-with-existing-framework,,,regenerate-later,CAMS UI visibly matches production QML; docs describe subject. No exact registered filename/workflow. Documentation-like styling alone does not establish docshot provenance.,medium
00_book/figures/gui/chapter-15/05-quick-etherchannel.png,"[""00_book/contents/15_vlan_etherchannel_stp_vtp.typ:72 (resolved)"", ""00_book/DOC/15_vlan_etherchannel_stp_vtp.md:85 (broken-local)""]","Chọn member local, số Port-channel và giao thức.",unknown,reproducible-with-existing-framework,,,regenerate-later,CAMS UI visibly matches production QML; docs describe subject. No exact registered filename/workflow. Documentation-like styling alone does not establish docshot provenance.,medium
00_book/figures/gui/chapter-15/06-etherchannel-view-push.png,"[""00_book/contents/15_vlan_etherchannel_stp_vtp.typ:61 (resolved)"", ""00_book/DOC/15_vlan_etherchannel_stp_vtp.md:68 (broken-local)""]",View & Push EtherChannel gồm Port-channel và từng member interface.,unknown,reproducible-with-existing-framework,,,regenerate-later,CAMS UI visibly matches production QML; docs describe subject. No exact registered filename/workflow. Documentation-like styling alone does not establish docshot provenance.,medium
00_book/figures/gui/chapter-15/07-stp-form.png,"[""00_book/contents/15_vlan_etherchannel_stp_vtp.typ:102 (resolved)"", ""00_book/DOC/15_vlan_etherchannel_stp_vtp.md:129 (broken-local)""]",Rapid-PVST và vai trò Root Primary cho VLAN 10.,unknown,reproducible-with-existing-framework,,,regenerate-later,CAMS UI visibly matches production QML; docs describe subject. No exact registered filename/workflow. Documentation-like styling alone does not establish docshot provenance.,medium
00_book/figures/gui/chapter-15/08-stp-view-push.png,"[""00_book/contents/15_vlan_etherchannel_stp_vtp.typ:120 (resolved)"", ""00_book/DOC/15_vlan_etherchannel_stp_vtp.md:146 (broken-local)""]",View & Push STP với policy riêng cho VLAN 10 và VLAN 20.,unknown,reproducible-with-existing-framework,,,regenerate-later,CAMS UI visibly matches production QML; docs describe subject. No exact registered filename/workflow. Documentation-like styling alone does not establish docshot provenance.,medium
00_book/figures/gui/chapter-15/09-vtp-group-top.png,"[""00_book/contents/15_vlan_etherchannel_stp_vtp.typ:129 (resolved)"", ""00_book/DOC/15_vlan_etherchannel_stp_vtp.md:161 (broken-local)""]","Domain CAMPUS, phiên bản 2 và hai switch tham gia.",unknown,reproducible-with-existing-framework,,,regenerate-later,CAMS UI visibly matches production QML; docs describe subject. No exact registered filename/workflow. Documentation-like styling alone does not establish docshot provenance.,medium
00_book/figures/gui/chapter-15/10-vtp-member-policy.png,"[""00_book/contents/15_vlan_etherchannel_stp_vtp.typ:147 (resolved)"", ""00_book/DOC/15_vlan_etherchannel_stp_vtp.md:177 (broken-local)""]","Member policy với SW1 Server, SW3 Client và Pruning.",unknown,reproducible-with-existing-framework,,,regenerate-later,CAMS UI visibly matches production QML; docs describe subject. No exact registered filename/workflow. Documentation-like styling alone does not establish docshot provenance.,medium
00_book/figures/gui/chapter-15/11-vtp-view-push.png,"[""00_book/contents/15_vlan_etherchannel_stp_vtp.typ:158 (resolved)"", ""00_book/DOC/15_vlan_etherchannel_stp_vtp.md:194 (broken-local)""]",View & Push VTP tổng hợp preview riêng cho từng member.,unknown,reproducible-with-existing-framework,,,regenerate-later,CAMS UI visibly matches production QML; docs describe subject. No exact registered filename/workflow. Documentation-like styling alone does not establish docshot provenance.,medium
00_book/figures/gui/chapter-15/12-quick-etherchannel-peer.png,"[""00_book/contents/15_vlan_etherchannel_stp_vtp.typ:81 (resolved)"", ""00_book/DOC/15_vlan_etherchannel_stp_vtp.md:97 (broken-local)""]",Chọn switch peer và cổng nối đúng với local port.,unknown,reproducible-with-existing-framework,,,regenerate-later,CAMS UI visibly matches production QML; docs describe subject. No exact registered filename/workflow. Documentation-like styling alone does not establish docshot provenance.,medium
00_book/figures/gui/chapter-15/13-quick-etherchannel-link-mode.png,"[""00_book/contents/15_vlan_etherchannel_stp_vtp.typ:88 (resolved)"", ""00_book/DOC/15_vlan_etherchannel_stp_vtp.md:109 (broken-local)""]",Đặt cùng Switchport mode và VLAN cho cả hai đầu.,unknown,reproducible-with-existing-framework,,,regenerate-later,CAMS UI visibly matches production QML; docs describe subject. No exact registered filename/workflow. Documentation-like styling alone does not establish docshot provenance.,medium
00_book/figures/gui/chapter-16/01-vlan-protection.png,"[""00_book/contents/16_bao_mat_switch_l2.typ:16 (resolved)"", ""00_book/DOC/16_bao_mat_switch_l2.md:16 (broken-local)""]",DHCP Snooping và Dynamic ARP Inspection theo từng VLAN.,unknown,reproducible-with-existing-framework,,,regenerate-later,CAMS UI visibly matches production QML; docs describe subject. No exact registered filename/workflow. Documentation-like styling alone does not establish docshot provenance.,medium
00_book/figures/gui/chapter-16/02-trusted-uplinks.png,"[""00_book/contents/16_bao_mat_switch_l2.typ:29 (resolved)"", ""00_book/DOC/16_bao_mat_switch_l2.md:39 (broken-local)""]",Danh sách uplink tin cậy và form chọn Layer 2 interface.,unknown,reproducible-with-existing-framework,,,regenerate-later,CAMS UI visibly matches production QML; docs describe subject. No exact registered filename/workflow. Documentation-like styling alone does not establish docshot provenance.,medium
00_book/figures/gui/chapter-16/03-static-mac-form.png,"[""00_book/contents/16_bao_mat_switch_l2.typ:51 (resolved)"", ""00_book/DOC/16_bao_mat_switch_l2.md:59 (broken-local)""]",Binding cố định MAC–VLAN–Interface cho một thiết bị.,unknown,reproducible-with-existing-framework,,,regenerate-later,CAMS UI visibly matches production QML; docs describe subject. No exact registered filename/workflow. Documentation-like styling alone does not establish docshot provenance.,medium
00_book/figures/gui/chapter-16/04-l2-security-view-push.png,"[""00_book/contents/16_bao_mat_switch_l2.typ:72 (resolved)"", ""00_report/contents/08_xay_dung_phan_mem.typ:103 (resolved)"", ""00_book/DOC/16_bao_mat_switch_l2.md:79 (broken-local)""]","Preview Snooping, DAI, trust port và Static MAC.",unknown,reproducible-with-existing-framework,,,regenerate-later,CAMS UI visibly matches production QML; docs describe subject. No exact registered filename/workflow. Documentation-like styling alone does not establish docshot provenance.,medium
00_book/figures/gui/chapter-16/05-port-security-form.png,"[""00_book/contents/16_bao_mat_switch_l2.typ:88 (resolved)"", ""00_book/DOC/16_bao_mat_switch_l2.md:100 (broken-local)""]",Port Security cho GigabitEthernet0/1.,unknown,reproducible-with-existing-framework,,,regenerate-later,CAMS UI visibly matches production QML; docs describe subject. No exact registered filename/workflow. Documentation-like styling alone does not establish docshot provenance.,medium
00_book/figures/gui/chapter-16/07-port-security-view-push.png,"[""00_book/contents/16_bao_mat_switch_l2.typ:118 (resolved)"", ""00_book/DOC/16_bao_mat_switch_l2.md:131 (broken-local)""]",Preview PORT\_SECURITY cho một access port.,unknown,reproducible-with-existing-framework,,,regenerate-later,CAMS UI visibly matches production QML; docs describe subject. No exact registered filename/workflow. Documentation-like styling alone does not establish docshot provenance.,medium
00_book/figures/gui/chapter-17/01-port-counters.png,"[""00_book/contents/17_giam_sat_switch_l2.typ:12 (resolved)"", ""00_book/DOC/17_giam_sat_switch_l2.md:10 (broken-local)""]","Lưu lượng, lỗi, discard và lần link flap gần nhất theo port.",unknown,requires-new-docshot-workflow,,,investigate,CAMS UI visibly matches production QML; docs describe subject. No exact registered filename/workflow. Documentation-like styling alone does not establish docshot provenance. Transfer/log/counter/history fixtures are needed.,medium
00_book/figures/gui/chapter-17/02-mac-address-table.png,"[""00_book/contents/17_giam_sat_switch_l2.typ:34 (resolved)"", ""00_book/DOC/17_giam_sat_switch_l2.md:31 (broken-local)""]","Địa chỉ MAC đã học theo VLAN, interface và loại entry.",unknown,requires-new-docshot-workflow,,,investigate,CAMS UI visibly matches production QML; docs describe subject. No exact registered filename/workflow. Documentation-like styling alone does not establish docshot provenance. Transfer/log/counter/history fixtures are needed.,medium
00_book/figures/gui/chapter-18/01-routed-port-form.png,"[""00_book/contents/18_interface_switch_l3.typ:20 (resolved)"", ""00_book/DOC/18_interface_switch_l3.md:26 (broken-local)""]",Các trường mode và trạng thái liên kết của Routed Port.,unknown,reproducible-with-existing-framework,,,regenerate-later,CAMS UI visibly matches production QML; docs describe subject. No exact registered filename/workflow. Documentation-like styling alone does not establish docshot provenance.,medium
00_book/figures/gui/chapter-18/02-routed-ports-overview.png,"[""00_book/DOC/18_interface_switch_l3.md:48 (broken-local)""]",02-routed-ports-overview,unknown,reproducible-with-existing-framework,,,regenerate-later,CAMS UI visibly matches production QML; docs describe subject. No exact registered filename/workflow. Documentation-like styling alone does not establish docshot provenance.,medium
00_book/figures/gui/chapter-18/03-interfaces-view-push-routed.png,"[""00_book/contents/18_interface_switch_l3.typ:46 (resolved)"", ""00_book/DOC/18_interface_switch_l3.md:64 (broken-local)""]",Preview Interfaces có lệnh chuyển GigabitEthernet0/1 thành routed port.,unknown,reproducible-with-existing-framework,,,regenerate-later,CAMS UI visibly matches production QML; docs describe subject. No exact registered filename/workflow. Documentation-like styling alone does not establish docshot provenance.,medium
00_book/figures/gui/chapter-18/04-svi-form.png,"[""00_book/contents/18_interface_switch_l3.typ:55 (resolved)"", ""00_book/DOC/18_interface_switch_l3.md:80 (broken-local)""]","Form SVI với VLAN ID, địa chỉ gateway, subnet mask và trạng thái quản trị.",unknown,reproducible-with-existing-framework,,,regenerate-later,CAMS UI visibly matches production QML; docs describe subject. No exact registered filename/workflow. Documentation-like styling alone does not establish docshot provenance.,medium
00_book/figures/gui/chapter-18/05-svi-overview-ip-routing.png,"[""00_book/contents/18_interface_switch_l3.typ:79 (resolved)"", ""00_book/DOC/18_interface_switch_l3.md:107 (broken-local)""]",Ba SVI đã có địa chỉ và trạng thái IP Routing đang On.,unknown,reproducible-with-existing-framework,,,regenerate-later,CAMS UI visibly matches production QML; docs describe subject. No exact registered filename/workflow. Documentation-like styling alone does not establish docshot provenance.,medium
00_book/figures/gui/chapter-18/06-svi-view-push.png,"[""00_book/contents/18_interface_switch_l3.typ:88 (resolved)"", ""00_book/DOC/18_interface_switch_l3.md:122 (broken-local)""]","Preview riêng của SVI gồm #raw(""ip routing"") và từng #raw(""interface Vlan"").",unknown,reproducible-with-existing-framework,,,regenerate-later,CAMS UI visibly matches production QML; docs describe subject. No exact registered filename/workflow. Documentation-like styling alone does not establish docshot provenance.,medium
00_book/figures/gui/chapter-19/01-dhcp-pool-form.png,"[""00_book/contents/19_dhcp_acl_switch_l3.typ:16 (resolved)"", ""00_book/DOC/19_dhcp_acl_switch_l3.md:17 (broken-local)""]",Các tham số DHCP Pool cho VLAN 10.,unknown,reproducible-with-existing-framework,,,regenerate-later,CAMS UI visibly matches production QML; docs describe subject. No exact registered filename/workflow. Documentation-like styling alone does not establish docshot provenance.,medium
00_book/figures/gui/chapter-19/02-dhcp-server-overview.png,"[""00_book/DOC/19_dhcp_acl_switch_l3.md:36 (broken-local)""]",02-dhcp-server-overview,unknown,reproducible-with-existing-framework,,,regenerate-later,CAMS UI visibly matches production QML; docs describe subject. No exact registered filename/workflow. Documentation-like styling alone does not establish docshot provenance.,medium
00_book/figures/gui/chapter-19/03-dhcp-server-view-push.png,"[""00_book/contents/19_dhcp_acl_switch_l3.typ:44 (resolved)"", ""00_book/DOC/19_dhcp_acl_switch_l3.md:53 (broken-local)""]",Preview chỉ gồm Excluded Address và hai DHCP Pool của SW3.,unknown,reproducible-with-existing-framework,,,regenerate-later,CAMS UI visibly matches production QML; docs describe subject. No exact registered filename/workflow. Documentation-like styling alone does not establish docshot provenance.,medium
00_book/figures/gui/chapter-19/04-dhcp-relay-form.png,"[""00_book/contents/19_dhcp_acl_switch_l3.typ:53 (resolved)"", ""00_book/DOC/19_dhcp_acl_switch_l3.md:69 (broken-local)""]",Helper Address trên SVI Vlan99 trỏ tới DHCP server 192.0.2.50.,unknown,reproducible-with-existing-framework,,,regenerate-later,CAMS UI visibly matches production QML; docs describe subject. No exact registered filename/workflow. Documentation-like styling alone does not establish docshot provenance.,medium
00_book/figures/gui/chapter-19/05-dhcp-relay-view-push.png,"[""00_book/contents/19_dhcp_acl_switch_l3.typ:71 (resolved)"", ""00_book/DOC/19_dhcp_acl_switch_l3.md:86 (broken-local)""]","Preview riêng của DHCP Relay với #raw(""ip helper-address"") dưới Vlan99.",unknown,reproducible-with-existing-framework,,,regenerate-later,CAMS UI visibly matches production QML; docs describe subject. No exact registered filename/workflow. Documentation-like styling alone does not establish docshot provenance.,medium
00_book/figures/gui/chapter-19/06-acl-extended-form.png,"[""00_book/contents/19_dhcp_acl_switch_l3.typ:80 (resolved)"", ""00_book/DOC/19_dhcp_acl_switch_l3.md:103 (broken-local)""]",Form Extended ACL USERS\_TO\_SERVERS và Rule Builder.,unknown,reproducible-with-existing-framework,,,regenerate-later,CAMS UI visibly matches production QML; docs describe subject. No exact registered filename/workflow. Documentation-like styling alone does not establish docshot provenance.,medium
00_book/figures/gui/chapter-19/07-acl-bindings.png,"[""00_book/contents/19_dhcp_acl_switch_l3.typ:107 (resolved)"", ""00_book/DOC/19_dhcp_acl_switch_l3.md:128 (broken-local)""]",ACL USERS\_TO\_SERVERS được gắn chiều IN trên Vlan10.,unknown,reproducible-with-existing-framework,,,regenerate-later,CAMS UI visibly matches production QML; docs describe subject. No exact registered filename/workflow. Documentation-like styling alone does not establish docshot provenance.,medium
00_book/figures/gui/chapter-19/08-acl-view-push.png,"[""00_book/contents/19_dhcp_acl_switch_l3.typ:118 (resolved)"", ""00_book/DOC/19_dhcp_acl_switch_l3.md:145 (broken-local)""]","Preview ACL gồm rule và lệnh #raw(""ip access-group"") trên Vlan10.",unknown,reproducible-with-existing-framework,,,regenerate-later,CAMS UI visibly matches production QML; docs describe subject. No exact registered filename/workflow. Documentation-like styling alone does not establish docshot provenance.,medium
00_book/figures/gui/devices.png,[],devices,docshot-confirmed,reproducible-now,docshots/runtime.py,uv run python scripts/docshots.py devices --output-dir output/documentation-assets-audit/future-regeneration,keep,"Exact current generator filename: docshots/runtime.py; docshots/shots.py registry; tests/test_docshots.py. Filename confirms supported shot, not byte-for-byte historical generation. CLI destination mismatch: docshots/cli.py:20-21,81-84.",high
00_book/figures/gui/vlan/01-select-switch.png,[],01-select-switch,docshot-confirmed,reproducible-now,docshots/runtime.py,uv run python scripts/docshots.py vlan --output-dir output/documentation-assets-audit/future-regeneration,keep,"Exact current generator filename: docshots/runtime.py; docshots/shots.py registry; tests/test_docshots.py. Filename confirms supported shot, not byte-for-byte historical generation. CLI destination mismatch: docshots/cli.py:20-21,81-84.",high
00_book/figures/gui/vlan/02-open-vlan.png,[],02-open-vlan,docshot-confirmed,reproducible-now,docshots/runtime.py,uv run python scripts/docshots.py vlan --output-dir output/documentation-assets-audit/future-regeneration,keep,"Exact current generator filename: docshots/runtime.py; docshots/shots.py registry; tests/test_docshots.py. Filename confirms supported shot, not byte-for-byte historical generation. CLI destination mismatch: docshots/cli.py:20-21,81-84.",high
00_book/figures/gui/vlan/03-add-vlan.png,[],03-add-vlan,docshot-confirmed,reproducible-now,docshots/runtime.py,uv run python scripts/docshots.py vlan --output-dir output/documentation-assets-audit/future-regeneration,keep,"Exact current generator filename: docshots/runtime.py; docshots/shots.py registry; tests/test_docshots.py. Filename confirms supported shot, not byte-for-byte historical generation. CLI destination mismatch: docshots/cli.py:20-21,81-84.",high
00_book/figures/gui/vlan/04-vlan-id.png,[],04-vlan-id,docshot-confirmed,reproducible-now,docshots/runtime.py,uv run python scripts/docshots.py vlan --output-dir output/documentation-assets-audit/future-regeneration,keep,"Exact current generator filename: docshots/runtime.py; docshots/shots.py registry; tests/test_docshots.py. Filename confirms supported shot, not byte-for-byte historical generation. CLI destination mismatch: docshots/cli.py:20-21,81-84.",high
00_book/figures/gui/vlan/05-vlan-name.png,[],05-vlan-name,docshot-confirmed,reproducible-now,docshots/runtime.py,uv run python scripts/docshots.py vlan --output-dir output/documentation-assets-audit/future-regeneration,keep,"Exact current generator filename: docshots/runtime.py; docshots/shots.py registry; tests/test_docshots.py. Filename confirms supported shot, not byte-for-byte historical generation. CLI destination mismatch: docshots/cli.py:20-21,81-84.",high
00_book/figures/gui/vlan/06-vlan-state.png,[],06-vlan-state,docshot-confirmed,reproducible-now,docshots/runtime.py,uv run python scripts/docshots.py vlan --output-dir output/documentation-assets-audit/future-regeneration,keep,"Exact current generator filename: docshots/runtime.py; docshots/shots.py registry; tests/test_docshots.py. Filename confirms supported shot, not byte-for-byte historical generation. CLI destination mismatch: docshots/cli.py:20-21,81-84.",high
00_book/figures/gui/vlan/07-ready-to-save.png,[],07-ready-to-save,docshot-confirmed,reproducible-now,docshots/runtime.py,uv run python scripts/docshots.py vlan --output-dir output/documentation-assets-audit/future-regeneration,keep,"Exact current generator filename: docshots/runtime.py; docshots/shots.py registry; tests/test_docshots.py. Filename confirms supported shot, not byte-for-byte historical generation. CLI destination mismatch: docshots/cli.py:20-21,81-84.",high
00_book/figures/gui/vlan/08-vlan-created.png,[],08-vlan-created,docshot-confirmed,reproducible-now,docshots/runtime.py,uv run python scripts/docshots.py vlan --output-dir output/documentation-assets-audit/future-regeneration,keep,"Exact current generator filename: docshots/runtime.py; docshots/shots.py registry; tests/test_docshots.py. Filename confirms supported shot, not byte-for-byte historical generation. CLI destination mismatch: docshots/cli.py:20-21,81-84.",high
00_book/figures/gui/vlan/09-view-preview.png,[],09-view-preview,docshot-confirmed,reproducible-now,docshots/runtime.py,uv run python scripts/docshots.py vlan --output-dir output/documentation-assets-audit/future-regeneration,keep,"Exact current generator filename: docshots/runtime.py; docshots/shots.py registry; tests/test_docshots.py. Filename confirms supported shot, not byte-for-byte historical generation. CLI destination mismatch: docshots/cli.py:20-21,81-84.",high
00_book/figures/gui/welcome.png,[],welcome,docshot-confirmed,reproducible-now,docshots/runtime.py,uv run python scripts/docshots.py welcome --output-dir output/documentation-assets-audit/future-regeneration,keep,"Exact current generator filename: docshots/runtime.py; docshots/shots.py registry; tests/test_docshots.py. Filename confirms supported shot, not byte-for-byte historical generation. CLI destination mismatch: docshots/cli.py:20-21,81-84.",high
00_book/figures/gui/workspace.png,[],workspace,docshot-confirmed,reproducible-now,docshots/runtime.py,uv run python scripts/docshots.py workspace --output-dir output/documentation-assets-audit/future-regeneration,keep,"Exact current generator filename: docshots/runtime.py; docshots/shots.py registry; tests/test_docshots.py. Filename confirms supported shot, not byte-for-byte historical generation. CLI destination mismatch: docshots/cli.py:20-21,81-84.",high
00_book/figures/report/diagrams/fhrp-nat-dhcp-lab/01-nat-interfaces.png,"[""00_report/contents/09_thu_nghiem_danh_gia.typ:372 (resolved)""]",Giao diện cấu hình cổng NAT Inside/Outside trên Router NAT,manual-screenshot-probable,requires-new-docshot-workflow,,,preserve-as-evidence,"Visible OS window decorations/desktop, live lab device state or screenshot crop; report lab captions; no matching registered workflow in docshots/cli.py or shot registry.",medium
00_book/figures/report/diagrams/fhrp-nat-dhcp-lab/02-nat-acl.png,"[""00_report/contents/09_thu_nghiem_danh_gia.typ:383 (resolved)""]",Khai báo ACL NAT_demo xác định các mạng nội bộ được phép chuyển đổi địa chỉ,manual-screenshot-probable,requires-new-docshot-workflow,,,preserve-as-evidence,"Visible OS window decorations/desktop, live lab device state or screenshot crop; report lab captions; no matching registered workflow in docshots/cli.py or shot registry.",medium
00_book/figures/report/diagrams/fhrp-nat-dhcp-lab/03-nat-config-preview.png,"[""00_report/contents/09_thu_nghiem_danh_gia.typ:390 (resolved)""]",Cửa sổ View & Push sinh cấu hình NAT Interface và ACL cho Router NAT,manual-screenshot-probable,requires-new-docshot-workflow,,,preserve-as-evidence,"Visible OS window decorations/desktop, live lab device state or screenshot crop; report lab captions; no matching registered workflow in docshots/cli.py or shot registry.",medium
00_book/figures/report/diagrams/fhrp-nat-dhcp-lab/04-nat-pat.png,"[""00_report/contents/09_thu_nghiem_danh_gia.typ:406 (resolved)""]",Giao diện cấu hình PAT Overload sử dụng cổng Outside GigabitEthernet0/2,manual-screenshot-probable,requires-new-docshot-workflow,,,preserve-as-evidence,"Visible OS window decorations/desktop, live lab device state or screenshot crop; report lab captions; no matching registered workflow in docshots/cli.py or shot registry.",medium
00_book/figures/report/diagrams/fhrp-nat-dhcp-lab/05-nat-pat-preview.png,"[""00_report/contents/09_thu_nghiem_danh_gia.typ:413 (resolved)""]",Cửa sổ View & Push kiểm duyệt lệnh PAT Overload trước khi đẩy xuống Router NAT,manual-screenshot-probable,requires-new-docshot-workflow,,,preserve-as-evidence,"Visible OS window decorations/desktop, live lab device state or screenshot crop; report lab captions; no matching registered workflow in docshots/cli.py or shot registry.",medium
00_book/figures/report/diagrams/fhrp-nat-dhcp-lab/08-glbp-setup.png,"[""00_report/contents/09_thu_nghiem_danh_gia.typ:444 (resolved)""]",Giao diện tạo GLBP Group 113 với Virtual IP 192.168.4.1 trên R1 và R2,manual-screenshot-probable,requires-new-docshot-workflow,,,preserve-as-evidence,"Visible OS window decorations/desktop, live lab device state or screenshot crop; report lab captions; no matching registered workflow in docshots/cli.py or shot registry.",medium
00_book/figures/report/diagrams/fhrp-nat-dhcp-lab/09-glbp-member-policy.png,"[""00_report/contents/09_thu_nghiem_danh_gia.typ:451 (resolved)""]",Thiết lập chính sách thành viên GLBP cho R1 và R2,manual-screenshot-probable,requires-new-docshot-workflow,,,preserve-as-evidence,"Visible OS window decorations/desktop, live lab device state or screenshot crop; report lab captions; no matching registered workflow in docshots/cli.py or shot registry.",medium
00_book/figures/report/diagrams/fhrp-nat-dhcp-lab/10-glbp-config-preview.png,"[""00_report/contents/09_thu_nghiem_danh_gia.typ:458 (resolved)""]",Cửa sổ View & Push FHRP sinh đồng thời cấu hình GLBP cho R1 và R2,manual-screenshot-probable,requires-new-docshot-workflow,,,preserve-as-evidence,"Visible OS window decorations/desktop, live lab device state or screenshot crop; report lab captions; no matching registered workflow in docshots/cli.py or shot registry.",medium
00_book/figures/report/diagrams/fhrp-nat-dhcp-lab/11-dhcp-pool.png,"[""00_report/contents/09_thu_nghiem_danh_gia.typ:469 (resolved)""]",Giao diện tạo DHCP Pool LAN_R1 với Default Gateway là GLBP Virtual IP 192.168.4.1,manual-screenshot-probable,requires-new-docshot-workflow,,,preserve-as-evidence,"Visible OS window decorations/desktop, live lab device state or screenshot crop; report lab captions; no matching registered workflow in docshots/cli.py or shot registry.",medium
00_book/figures/report/diagrams/fhrp-nat-dhcp-lab/13-dhcp-config-preview.png,"[""00_report/contents/09_thu_nghiem_danh_gia.typ:476 (resolved)""]",Cửa sổ View & Push DHCP sinh cấu hình pool LAN_R1 trên R1,manual-screenshot-probable,requires-new-docshot-workflow,,,preserve-as-evidence,"Visible OS window decorations/desktop, live lab device state or screenshot crop; report lab captions; no matching registered workflow in docshots/cli.py or shot registry.",medium
00_book/figures/report/diagrams/routing-ospf-lab/1.png,"[""00_report/contents/09_thu_nghiem_danh_gia.typ:186 (resolved)""]",router-interfaces-overview,manual-screenshot-probable,requires-new-docshot-workflow,,,preserve-as-evidence,"Visible OS window decorations/desktop, live lab device state or screenshot crop; report lab captions; no matching registered workflow in docshots/cli.py or shot registry.",medium
00_book/figures/report/diagrams/routing-ospf-lab/10.png,"[""00_report/contents/09_thu_nghiem_danh_gia.typ:196 (resolved)""]",ospf-routing-group-hosts,manual-screenshot-probable,requires-new-docshot-workflow,,,preserve-as-evidence,"Visible OS window decorations/desktop, live lab device state or screenshot crop; report lab captions; no matching registered workflow in docshots/cli.py or shot registry.",medium
00_book/figures/report/diagrams/routing-ospf-lab/11.png,"[""00_report/contents/09_thu_nghiem_danh_gia.typ:204 (resolved)""]",ospf-routing-group-networks,manual-screenshot-probable,requires-new-docshot-workflow,,,preserve-as-evidence,"Visible OS window decorations/desktop, live lab device state or screenshot crop; report lab captions; no matching registered workflow in docshots/cli.py or shot registry.",medium
00_book/figures/report/diagrams/routing-ospf-lab/13.png,[],r1-ospf-process-dark,manual-screenshot-probable,requires-new-docshot-workflow,,,preserve-as-evidence,"Visible OS window decorations/desktop, live lab device state or screenshot crop; report lab captions; no matching registered workflow in docshots/cli.py or shot registry.",medium
00_book/figures/report/diagrams/routing-ospf-lab/14.png,"[""00_report/contents/09_thu_nghiem_danh_gia.typ:251 (resolved)""]",ospf-group-view-push-progress,manual-screenshot-probable,requires-new-docshot-workflow,,,preserve-as-evidence,"Visible OS window decorations/desktop, live lab device state or screenshot crop; report lab captions; no matching registered workflow in docshots/cli.py or shot registry.",medium
00_book/figures/report/diagrams/routing-ospf-lab/15.png,[],r1-ospf-view-push-dark,manual-screenshot-probable,requires-new-docshot-workflow,,,preserve-as-evidence,"Visible OS window decorations/desktop, live lab device state or screenshot crop; report lab captions; no matching registered workflow in docshots/cli.py or shot registry.",medium
00_book/figures/report/diagrams/routing-ospf-lab/16.png,"[""00_report/contents/09_thu_nghiem_danh_gia.typ:238 (resolved)""]",r2-ospf-process,manual-screenshot-probable,requires-new-docshot-workflow,,,preserve-as-evidence,"Visible OS window decorations/desktop, live lab device state or screenshot crop; report lab captions; no matching registered workflow in docshots/cli.py or shot registry.",medium
00_book/figures/report/diagrams/routing-ospf-lab/2.png,[],router-interface-editor-dark,manual-screenshot-probable,requires-new-docshot-workflow,,,preserve-as-evidence,"Visible OS window decorations/desktop, live lab device state or screenshot crop; report lab captions; no matching registered workflow in docshots/cli.py or shot registry.",medium
00_book/figures/report/diagrams/routing-ospf-lab/3.png,[],router-interface-addresses-dark,manual-screenshot-probable,requires-new-docshot-workflow,,,preserve-as-evidence,"Visible OS window decorations/desktop, live lab device state or screenshot crop; report lab captions; no matching registered workflow in docshots/cli.py or shot registry.",medium
00_book/figures/report/diagrams/routing-ospf-lab/4.png,[],router-interface-policy-dark,manual-screenshot-probable,requires-new-docshot-workflow,,,preserve-as-evidence,"Visible OS window decorations/desktop, live lab device state or screenshot crop; report lab captions; no matching registered workflow in docshots/cli.py or shot registry.",medium
00_book/figures/report/diagrams/routing-ospf-lab/5.png,[],router-interfaces-inventory-dark,manual-screenshot-probable,requires-new-docshot-workflow,,,preserve-as-evidence,"Visible OS window decorations/desktop, live lab device state or screenshot crop; report lab captions; no matching registered workflow in docshots/cli.py or shot registry.",medium
00_book/figures/report/diagrams/routing-ospf-lab/6.png,[],router-interfaces-inventory-selected-dark,manual-screenshot-probable,requires-new-docshot-workflow,,,preserve-as-evidence,"Visible OS window decorations/desktop, live lab device state or screenshot crop; report lab captions; no matching registered workflow in docshots/cli.py or shot registry.",medium
00_book/figures/report/diagrams/routing-ospf-lab/7.png,[],router-interface-inventory-edit-dark,manual-screenshot-probable,requires-new-docshot-workflow,,,preserve-as-evidence,"Visible OS window decorations/desktop, live lab device state or screenshot crop; report lab captions; no matching registered workflow in docshots/cli.py or shot registry.",medium
00_book/figures/report/diagrams/routing-ospf-lab/8.png,[],router-interface-counters-dark,manual-screenshot-probable,requires-new-docshot-workflow,,,preserve-as-evidence,"Visible OS window decorations/desktop, live lab device state or screenshot crop; report lab captions; no matching registered workflow in docshots/cli.py or shot registry.",medium
00_book/figures/report/diagrams/routing-ospf-lab/9.png,[],router-ospf-process-dark,manual-screenshot-probable,requires-new-docshot-workflow,,,preserve-as-evidence,"Visible OS window decorations/desktop, live lab device state or screenshot crop; report lab captions; no matching registered workflow in docshots/cli.py or shot registry.",medium
00_book/figures/report/diagrams/switching-lab/1_1.png,[],switch-port-inventory-editor-1-1,manual-screenshot-probable,requires-new-docshot-workflow,,,preserve-as-evidence,"Visible OS window decorations/desktop, live lab device state or screenshot crop; report lab captions; no matching registered workflow in docshots/cli.py or shot registry.",medium
00_book/figures/report/diagrams/switching-lab/1_10.png,[],switch-port-inventory-editor-1-10,manual-screenshot-probable,requires-new-docshot-workflow,,,preserve-as-evidence,"Visible OS window decorations/desktop, live lab device state or screenshot crop; report lab captions; no matching registered workflow in docshots/cli.py or shot registry.",medium
00_book/figures/report/diagrams/switching-lab/1_11.png,[],switch-port-inventory-editor-1-11,manual-screenshot-probable,requires-new-docshot-workflow,,,preserve-as-evidence,"Visible OS window decorations/desktop, live lab device state or screenshot crop; report lab captions; no matching registered workflow in docshots/cli.py or shot registry.",medium
00_book/figures/report/diagrams/switching-lab/1_12.png,[],switch-port-inventory-editor-1-12,manual-screenshot-probable,requires-new-docshot-workflow,,,preserve-as-evidence,"Visible OS window decorations/desktop, live lab device state or screenshot crop; report lab captions; no matching registered workflow in docshots/cli.py or shot registry.",medium
00_book/figures/report/diagrams/switching-lab/1_13.png,[],switch-port-inventory-editor-1-13,manual-screenshot-probable,requires-new-docshot-workflow,,,preserve-as-evidence,"Visible OS window decorations/desktop, live lab device state or screenshot crop; report lab captions; no matching registered workflow in docshots/cli.py or shot registry.",medium
00_book/figures/report/diagrams/switching-lab/1_14.png,[],switch-port-inventory-editor-1-14,manual-screenshot-probable,requires-new-docshot-workflow,,,preserve-as-evidence,"Visible OS window decorations/desktop, live lab device state or screenshot crop; report lab captions; no matching registered workflow in docshots/cli.py or shot registry.",medium
00_book/figures/report/diagrams/switching-lab/1_15.png,[],switch-port-inventory-editor-1-15,manual-screenshot-probable,requires-new-docshot-workflow,,,preserve-as-evidence,"Visible OS window decorations/desktop, live lab device state or screenshot crop; report lab captions; no matching registered workflow in docshots/cli.py or shot registry.",medium
00_book/figures/report/diagrams/switching-lab/1_16.png,"[""00_report/contents/09_thu_nghiem_danh_gia.typ:56 (resolved)""]",vtp-group-policy-1-16,manual-screenshot-probable,requires-new-docshot-workflow,,,preserve-as-evidence,"Visible OS window decorations/desktop, live lab device state or screenshot crop; report lab captions; no matching registered workflow in docshots/cli.py or shot registry.",medium
00_book/figures/report/diagrams/switching-lab/1_17.png,[],vtp-group-policy-1-17,manual-screenshot-probable,requires-new-docshot-workflow,,,preserve-as-evidence,"Visible OS window decorations/desktop, live lab device state or screenshot crop; report lab captions; no matching registered workflow in docshots/cli.py or shot registry.",medium
00_book/figures/report/diagrams/switching-lab/1_18.png,[],switch-port-inventory-editor-1-18,manual-screenshot-probable,requires-new-docshot-workflow,,,preserve-as-evidence,"Visible OS window decorations/desktop, live lab device state or screenshot crop; report lab captions; no matching registered workflow in docshots/cli.py or shot registry.",medium
00_book/figures/report/diagrams/switching-lab/1_19.png,[],switch-port-inventory-editor-1-19,manual-screenshot-probable,requires-new-docshot-workflow,,,preserve-as-evidence,"Visible OS window decorations/desktop, live lab device state or screenshot crop; report lab captions; no matching registered workflow in docshots/cli.py or shot registry.",medium
00_book/figures/report/diagrams/switching-lab/1_2.png,[],switch-port-inventory-editor-1-2,manual-screenshot-probable,requires-new-docshot-workflow,,,preserve-as-evidence,"Visible OS window decorations/desktop, live lab device state or screenshot crop; report lab captions; no matching registered workflow in docshots/cli.py or shot registry.",medium
00_book/figures/report/diagrams/switching-lab/1_20.png,"[""00_report/contents/09_thu_nghiem_danh_gia.typ:66 (resolved)""]",vlan-view-push-preview-1-20,manual-screenshot-probable,requires-new-docshot-workflow,,,preserve-as-evidence,"Visible OS window decorations/desktop, live lab device state or screenshot crop; report lab captions; no matching registered workflow in docshots/cli.py or shot registry.",medium
00_book/figures/report/diagrams/switching-lab/1_21.png,"[""00_report/contents/09_thu_nghiem_danh_gia.typ:86 (resolved)""]",switch-port-inventory-editor-1-21,manual-screenshot-probable,requires-new-docshot-workflow,,,preserve-as-evidence,"Visible OS window decorations/desktop, live lab device state or screenshot crop; report lab captions; no matching registered workflow in docshots/cli.py or shot registry.",medium
00_book/figures/report/diagrams/switching-lab/1_22.png,[],switch-port-inventory-editor-1-22,manual-screenshot-probable,requires-new-docshot-workflow,,,preserve-as-evidence,"Visible OS window decorations/desktop, live lab device state or screenshot crop; report lab captions; no matching registered workflow in docshots/cli.py or shot registry.",medium
00_book/figures/report/diagrams/switching-lab/1_23.png,[],l2-security-view-push-preview-1-23,manual-screenshot-probable,requires-new-docshot-workflow,,,preserve-as-evidence,"Visible OS window decorations/desktop, live lab device state or screenshot crop; report lab captions; no matching registered workflow in docshots/cli.py or shot registry.",medium
00_book/figures/report/diagrams/switching-lab/1_24.png,[],switch-port-inventory-editor-1-24,manual-screenshot-probable,requires-new-docshot-workflow,,,preserve-as-evidence,"Visible OS window decorations/desktop, live lab device state or screenshot crop; report lab captions; no matching registered workflow in docshots/cli.py or shot registry.",medium
00_book/figures/report/diagrams/switching-lab/1_25.png,"[""00_report/contents/09_thu_nghiem_danh_gia.typ:96 (resolved)""]",port-security-view-push-preview-1-25,manual-screenshot-probable,requires-new-docshot-workflow,,,preserve-as-evidence,"Visible OS window decorations/desktop, live lab device state or screenshot crop; report lab captions; no matching registered workflow in docshots/cli.py or shot registry.",medium
00_book/figures/report/diagrams/switching-lab/1_26.png,[],switch-port-inventory-editor-1-26,manual-screenshot-probable,requires-new-docshot-workflow,,,preserve-as-evidence,"Visible OS window decorations/desktop, live lab device state or screenshot crop; report lab captions; no matching registered workflow in docshots/cli.py or shot registry.",medium
00_book/figures/report/diagrams/switching-lab/1_3.png,"[""00_report/contents/09_thu_nghiem_danh_gia.typ:76 (resolved)""]",etherchannel-view-push-preview-1-3,manual-screenshot-probable,requires-new-docshot-workflow,,,preserve-as-evidence,"Visible OS window decorations/desktop, live lab device state or screenshot crop; report lab captions; no matching registered workflow in docshots/cli.py or shot registry.",medium
00_book/figures/report/diagrams/switching-lab/1_32.png,[],switch-port-inventory-editor-1-32,manual-screenshot-probable,requires-new-docshot-workflow,,,preserve-as-evidence,"Visible OS window decorations/desktop, live lab device state or screenshot crop; report lab captions; no matching registered workflow in docshots/cli.py or shot registry.",medium
00_book/figures/report/diagrams/switching-lab/1_4.png,[],switch-port-inventory-editor-1-4,manual-screenshot-probable,requires-new-docshot-workflow,,,preserve-as-evidence,"Visible OS window decorations/desktop, live lab device state or screenshot crop; report lab captions; no matching registered workflow in docshots/cli.py or shot registry.",medium
00_book/figures/report/diagrams/switching-lab/1_5.png,[],switch-port-inventory-editor-1-5,manual-screenshot-probable,requires-new-docshot-workflow,,,preserve-as-evidence,"Visible OS window decorations/desktop, live lab device state or screenshot crop; report lab captions; no matching registered workflow in docshots/cli.py or shot registry.",medium
00_book/figures/report/diagrams/switching-lab/1_6.png,[],switch-port-inventory-editor-1-6,manual-screenshot-probable,requires-new-docshot-workflow,,,preserve-as-evidence,"Visible OS window decorations/desktop, live lab device state or screenshot crop; report lab captions; no matching registered workflow in docshots/cli.py or shot registry.",medium
00_book/figures/report/diagrams/switching-lab/1_7.png,[],switch-port-inventory-editor-1-7,manual-screenshot-probable,requires-new-docshot-workflow,,,preserve-as-evidence,"Visible OS window decorations/desktop, live lab device state or screenshot crop; report lab captions; no matching registered workflow in docshots/cli.py or shot registry.",medium
00_book/figures/report/diagrams/switching-lab/1_8.png,[],switch-port-inventory-editor-1-8,manual-screenshot-probable,requires-new-docshot-workflow,,,preserve-as-evidence,"Visible OS window decorations/desktop, live lab device state or screenshot crop; report lab captions; no matching registered workflow in docshots/cli.py or shot registry.",medium
00_book/figures/report/diagrams/switching-lab/1_9.png,[],switch-port-inventory-editor-1-9,manual-screenshot-probable,requires-new-docshot-workflow,,,preserve-as-evidence,"Visible OS window decorations/desktop, live lab device state or screenshot crop; report lab captions; no matching registered workflow in docshots/cli.py or shot registry.",medium
00_book/figures/report/diagrams/syslog-lab/01-syslog-configuration.png,"[""00_report/contents/09_thu_nghiem_danh_gia.typ:575 (resolved)""]",Giao diện quản lý Syslog Server trước khi tạo chính sách gửi log,manual-screenshot-probable,requires-new-docshot-workflow,,,preserve-as-evidence,"Visible OS window decorations/desktop, live lab device state or screenshot crop; report lab captions; no matching registered workflow in docshots/cli.py or shot registry.",medium
00_book/figures/report/diagrams/syslog-lab/02-syslog-select-hosts.png,"[""00_report/contents/09_thu_nghiem_danh_gia.typ:586 (resolved)""]",Bước Hosts của Syslog Group: chọn 4 thiết bị cùng tham gia chính sách gửi log,manual-screenshot-probable,requires-new-docshot-workflow,,,preserve-as-evidence,"Visible OS window decorations/desktop, live lab device state or screenshot crop; report lab captions; no matching registered workflow in docshots/cli.py or shot registry.",medium
00_book/figures/report/diagrams/syslog-lab/03-syslog-source-interfaces.png,"[""00_report/contents/09_thu_nghiem_danh_gia.typ:597 (resolved)""]",Lựa chọn Source Interface cho từng Router và Switch trong Syslog Group,manual-screenshot-probable,requires-new-docshot-workflow,,,preserve-as-evidence,"Visible OS window decorations/desktop, live lab device state or screenshot crop; report lab captions; no matching registered workflow in docshots/cli.py or shot registry.",medium
00_book/figures/report/diagrams/syslog-lab/04-syslog-policy.png,"[""00_report/contents/09_thu_nghiem_danh_gia.typ:608 (resolved)""]",Thiết lập đích Syslog 192.168.122.1:5514/UDP và mức severity Notifications,manual-screenshot-probable,requires-new-docshot-workflow,,,preserve-as-evidence,"Visible OS window decorations/desktop, live lab device state or screenshot crop; report lab captions; no matching registered workflow in docshots/cli.py or shot registry.",medium
00_book/figures/report/diagrams/syslog-lab/05-syslog-config-preview.png,"[""00_report/contents/09_thu_nghiem_danh_gia.typ:619 (resolved)""]",Cửa sổ View & Push Syslog Group tổng hợp lệnh cho 4 thiết bị trước khi thực thi,manual-screenshot-probable,requires-new-docshot-workflow,,,preserve-as-evidence,"Visible OS window decorations/desktop, live lab device state or screenshot crop; report lab captions; no matching registered workflow in docshots/cli.py or shot registry.",medium
00_book/figures/report/diagrams/syslog-lab/10-syslog-listener-before-start.png,"[""00_report/contents/09_thu_nghiem_danh_gia.typ:666 (resolved)""]",Màn hình System Logs trước khi khởi động Syslog Listener,manual-screenshot-probable,requires-new-docshot-workflow,,,preserve-as-evidence,"Visible OS window decorations/desktop, live lab device state or screenshot crop; report lab captions; no matching registered workflow in docshots/cli.py or shot registry.",medium
00_book/figures/report/diagrams/syslog-lab/11-syslog-listener-receiving.png,"[""00_report/contents/09_thu_nghiem_danh_gia.typ:673 (resolved)""]",Syslog Listener đang hoạt động và tiếp nhận bản tin từ các thiết bị mạng,manual-screenshot-probable,requires-new-docshot-workflow,,,preserve-as-evidence,"Visible OS window decorations/desktop, live lab device state or screenshot crop; report lab captions; no matching registered workflow in docshots/cli.py or shot registry.",medium
00_book/figures/report/diagrams/syslog-lab/12-syslog-message-detail.png,"[""00_report/contents/09_thu_nghiem_danh_gia.typ:684 (resolved)""]",Cửa sổ chi tiết một bản tin Syslog sau khi được phân tích,manual-screenshot-probable,requires-new-docshot-workflow,,,preserve-as-evidence,"Visible OS window decorations/desktop, live lab device state or screenshot crop; report lab captions; no matching registered workflow in docshots/cli.py or shot registry.",medium
00_book/figures/report/diagrams/syslog-lab/17-email-alert-settings.png,"[""00_report/contents/09_thu_nghiem_danh_gia.typ:726 (resolved)""]","Cấu hình mức cảnh báo, tài khoản SMTP và người nhận trên Email Alerts",manual-screenshot-probable,requires-new-docshot-workflow,,,preserve-as-evidence,"Visible OS window decorations/desktop, live lab device state or screenshot crop; report lab captions; no matching registered workflow in docshots/cli.py or shot registry.",medium
00_report/Tai_lieu_lab/LAB1/ANH_CUA_LAB/image copy 11.png,[],l2-security-static-mac-editor,manual-screenshot-probable,requires-new-docshot-workflow,,,preserve-as-evidence,"Visible OS window decorations/desktop, live lab device state or screenshot crop; report lab captions; no matching registered workflow in docshots/cli.py or shot registry.",medium
00_report/Tai_lieu_lab/LAB1/ANH_CUA_LAB/image copy 13.png,[],system-logs-filtered-messages,manual-screenshot-probable,requires-new-docshot-workflow,,,preserve-as-evidence,"Visible OS window decorations/desktop, live lab device state or screenshot crop; report lab captions; no matching registered workflow in docshots/cli.py or shot registry.",medium
00_report/Tai_lieu_lab/LAB1/ANH_CUA_LAB/image copy 14.png,[],l2-security-view-push-dialog,manual-screenshot-probable,requires-new-docshot-workflow,,,preserve-as-evidence,"Visible OS window decorations/desktop, live lab device state or screenshot crop; report lab captions; no matching registered workflow in docshots/cli.py or shot registry.",medium
00_report/Tai_lieu_lab/LAB1/ANH_CUA_LAB/image copy 2.png,[],router-interface-editor,manual-screenshot-probable,requires-new-docshot-workflow,,,preserve-as-evidence,"Visible OS window decorations/desktop, live lab device state or screenshot crop; report lab captions; no matching registered workflow in docshots/cli.py or shot registry.",medium
00_report/Tai_lieu_lab/LAB1/ANH_CUA_LAB/image copy 3.png,[],dhcp-pool-editor,manual-screenshot-probable,requires-new-docshot-workflow,,,preserve-as-evidence,"Visible OS window decorations/desktop, live lab device state or screenshot crop; report lab captions; no matching registered workflow in docshots/cli.py or shot registry.",medium
00_report/Tai_lieu_lab/LAB1/ANH_CUA_LAB/image copy 4.png,[],acl-standard-rule-editor,manual-screenshot-probable,requires-new-docshot-workflow,,,preserve-as-evidence,"Visible OS window decorations/desktop, live lab device state or screenshot crop; report lab captions; no matching registered workflow in docshots/cli.py or shot registry.",medium
00_report/Tai_lieu_lab/LAB1/ANH_CUA_LAB/image copy 5.png,[],l2-security-port-security-editor,manual-screenshot-probable,requires-new-docshot-workflow,,,preserve-as-evidence,"Visible OS window decorations/desktop, live lab device state or screenshot crop; report lab captions; no matching registered workflow in docshots/cli.py or shot registry.",medium
00_report/Tai_lieu_lab/LAB1/ANH_CUA_LAB/image copy 6.png,[],l2-security-editor-save-result,manual-screenshot-probable,requires-new-docshot-workflow,,,preserve-as-evidence,"Visible OS window decorations/desktop, live lab device state or screenshot crop; report lab captions; no matching registered workflow in docshots/cli.py or shot registry.",medium
00_report/Tai_lieu_lab/LAB1/ANH_CUA_LAB/image copy 7.png,[],system-logs-receiving-messages,manual-screenshot-probable,requires-new-docshot-workflow,,,preserve-as-evidence,"Visible OS window decorations/desktop, live lab device state or screenshot crop; report lab captions; no matching registered workflow in docshots/cli.py or shot registry.",medium
00_report/Tai_lieu_lab/LAB1/ANH_CUA_LAB/image copy 8.png,[],l2-security-view-push-overlay,manual-screenshot-probable,requires-new-docshot-workflow,,,preserve-as-evidence,"Visible OS window decorations/desktop, live lab device state or screenshot crop; report lab captions; no matching registered workflow in docshots/cli.py or shot registry.",medium
00_report/Tai_lieu_lab/LAB1/ANH_CUA_LAB/image copy.png,[],router-interface-physical-settings,manual-screenshot-probable,requires-new-docshot-workflow,,,preserve-as-evidence,"Visible OS window decorations/desktop, live lab device state or screenshot crop; report lab captions; no matching registered workflow in docshots/cli.py or shot registry.",medium
00_report/Tai_lieu_lab/LAB1/ANH_CUA_LAB/image.png,[],switch-ports-inventory,manual-screenshot-probable,requires-new-docshot-workflow,,,preserve-as-evidence,"Visible OS window decorations/desktop, live lab device state or screenshot crop; report lab captions; no matching registered workflow in docshots/cli.py or shot registry.",medium
